datetime,open,high,low,close,volume
2025-01-01 00:00:00+00:00,134.21,134.21,134.1806,134.2,13840
2025-01-01 00:05:00+00:00,134.2,134.24,134.1401,134.1495,21798
2025-01-01 00:10:00+00:00,134.1899,134.24,134.18,134.23,9484
2025-01-01 00:15:00+00:00,134.23,134.2397,134.21,134.23,5344
2025-01-01 00:20:00+00:00,134.22,134.23,134.2,134.2,5598
2025-01-01 00:25:00+00:00,134.19,134.21,134.18,134.1901,7121
2025-01-01 00:30:00+00:00,134.2,134.21,134.18,134.2,7663
2025-01-01 00:35:00+00:00,134.2001,134.21,134.18,134.18,21535
2025-01-01 00:40:00+00:00,134.1993,134.2,134.15,134.2,15108
2025-01-01 00:45:00+00:00,134.19,134.2,134.18,134.19,19873
2025-01-01 00:50:00+00:00,134.19,134.21,134.18,134.2099,38409
2025-01-01 00:55:00+00:00,134.2,134.29,134.19,134.29,39446
2025-01-02 09:00:00+00:00,132.95,135.38,132.95,135.19,341830
2025-01-02 09:05:00+00:00,135.18,135.56,135.04,135.43,90457
2025-01-02 09:10:00+00:00,135.43,135.8,135.38,135.68,72862
2025-01-02 09:15:00+00:00,135.73,135.94,135.42,135.5,70597
2025-01-02 09:20:00+00:00,135.57,135.66,135.34,135.49,40236
2025-01-02 09:25:00+00:00,135.45,135.7,135.36,135.7,40732
2025-01-02 09:30:00+00:00,135.67,135.7,135.55,135.6,16850
2025-01-02 09:35:00+00:00,135.65,135.72,135.41,135.53,25531
2025-01-02 09:40:00+00:00,135.5,135.82,135.47,135.74,33051
2025-01-02 09:45:00+00:00,135.74,135.83,135.74,135.75,16560
2025-01-02 09:50:00+00:00,135.76,135.77,135.61,135.67,11217
2025-01-02 09:55:00+00:00,135.7,135.97,135.7,135.96,36208
2025-01-02 10:00:00+00:00,135.96,136.11,135.82,135.85,35907
2025-01-02 10:05:00+00:00,135.89,135.91,135.72,135.91,14487
2025-01-02 10:10:00+00:00,135.9,135.92,135.6,135.7,32613
2025-01-02 10:15:00+00:00,135.71,135.84,135.61,135.75,14953
2025-01-02 10:20:00+00:00,135.77,135.82,135.7,135.73,8708
2025-01-02 10:25:00+00:00,135.79,135.87,135.75,135.8,11673
2025-01-02 10:30:00+00:00,135.78,135.84,135.73,135.83,14482
2025-01-02 10:35:00+00:00,135.83,135.97,135.81,135.9,17210
2025-01-02 10:40:00+00:00,135.91,135.91,135.8,135.86,7829
2025-01-02 10:45:00+00:00,135.86,135.94,135.86,135.88,12048
2025-01-02 10:50:00+00:00,135.92,135.92,135.63,135.86,21242
2025-01-02 10:55:00+00:00,135.86,136.0,135.86,136.0,14067
2025-01-02 11:00:00+00:00,135.98,136.0,135.77,135.78,20299
2025-01-02 11:05:00+00:00,135.75,135.75,135.69,135.75,7876
2025-01-02 11:10:00+00:00,135.77,135.9,135.77,135.86,9509
2025-01-02 11:15:00+00:00,135.88,136.01,135.88,135.98,17118
2025-01-02 11:20:00+00:00,135.94,135.94,135.86,135.94,7111
2025-01-02 11:25:00+00:00,135.91,136.0,135.91,136.0,12378
2025-01-02 11:30:00+00:00,135.99,136.01,135.83,135.87,30608
2025-01-02 11:35:00+00:00,135.92,136.25,135.92,136.14,37970
2025-01-02 11:40:00+00:00,136.18,136.6,136.18,136.5,118314
2025-01-02 11:45:00+00:00,136.48,136.74,136.48,136.69,79898
2025-01-02 11:50:00+00:00,136.68,136.7,136.52,136.58,43619
2025-01-02 11:55:00+00:00,136.58,136.83,136.58,136.66,46092
2025-01-02 12:00:00+00:00,136.65,136.67,136.32,136.45,193758
2025-01-02 12:05:00+00:00,136.48,136.71,136.47,136.69,72817
2025-01-02 12:10:00+00:00,136.67,136.7,136.48,136.63,34616
2025-01-02 12:15:00+00:00,136.62,136.67,136.54,136.56,39626
2025-01-02 12:20:00+00:00,136.57,136.64,136.53,136.55,20689
2025-01-02 12:25:00+00:00,136.57,136.6,136.501,136.6,36033
2025-01-02 12:30:00+00:00,136.62,136.63,136.35,136.48,72696
2025-01-02 12:35:00+00:00,136.46,136.65,136.45,136.62,57833
2025-01-02 12:40:00+00:00,136.65,136.7,136.5,136.53,53410
2025-01-02 12:45:00+00:00,136.52,136.55,136.34,136.51,31979
2025-01-02 12:50:00+00:00,136.54,136.54,136.21,136.48,103963
2025-01-02 12:55:00+00:00,136.42,136.59,136.4,136.54,61506
2025-01-02 13:00:00+00:00,136.51,136.7086,134.78,136.55,1156629
2025-01-02 13:05:00+00:00,136.5401,136.6,136.43,136.47,75131
2025-01-02 13:10:00+00:00,136.4997,136.5,136.29,136.4201,54563
2025-01-02 13:15:00+00:00,136.42,136.58,136.2,136.29,140538
2025-01-02 13:20:00+00:00,136.2493,136.31,136.111,136.18,107664
2025-01-02 13:25:00+00:00,136.16,136.1968,136.06,136.06,74057
2025-01-02 13:30:00+00:00,136.11,136.11,135.4,136.02,279483
2025-01-02 13:35:00+00:00,136.01,136.43,135.96,136.35,440491
2025-01-02 13:40:00+00:00,136.36,136.49,136.35,136.45,178572
2025-01-02 13:45:00+00:00,136.45,136.4795,136.14,136.36,131420
2025-01-02 13:50:00+00:00,136.35,136.36,136.11,136.31,92995
2025-01-02 13:55:00+00:00,136.3,136.3,136.1101,136.21,90335
2025-01-02 14:00:00+00:00,136.2,136.34,135.8,136.0,207691
2025-01-02 14:05:00+00:00,135.9999,136.11,135.85,135.95,198967
2025-01-02 14:10:00+00:00,135.96,135.99,135.7,135.9699,183315
2025-01-02 14:15:00+00:00,135.97,136.23,135.68,135.6991,186904
2025-01-02 14:20:00+00:00,135.68,135.84,135.61,135.63,147016
2025-01-02 14:25:00+00:00,135.61,136.06,135.56,136.01,219999
2025-01-02 14:30:00+00:00,136.0,137.88,135.67,136.56,9090388
2025-01-02 14:35:00+00:00,136.56,136.64,134.85,134.88,5527976
2025-01-02 14:40:00+00:00,134.89,135.4601,134.63,134.99,3708372
2025-01-02 14:45:00+00:00,134.98,136.24,134.86,136.18,3722209
2025-01-02 14:50:00+00:00,136.18,137.16,136.01,137.02,4344270
2025-01-02 14:55:00+00:00,137.02,137.525,136.9,137.27,4164669
2025-01-02 15:00:00+00:00,137.285,137.96,137.03,137.9201,4040935
2025-01-02 15:05:00+00:00,137.93,138.37,137.81,137.8256,3986367
2025-01-02 15:10:00+00:00,137.81,138.19,137.59,137.83,2699105
2025-01-02 15:15:00+00:00,137.83,138.08,137.35,137.38,3004312
2025-01-02 15:20:00+00:00,137.4,137.47,136.6,136.8,3817354
2025-01-02 15:25:00+00:00,136.8,137.47,136.6761,136.98,2869749
2025-01-02 15:30:00+00:00,136.97,137.2,136.41,136.95,2491156
2025-01-02 15:35:00+00:00,136.96,137.4,136.66,136.95,2316249
2025-01-02 15:40:00+00:00,136.945,137.21,136.46,136.772,1846317
2025-01-02 15:45:00+00:00,136.77,137.3677,136.48,137.35,1938675
2025-01-02 15:50:00+00:00,137.34,137.88,137.16,137.66,2314022
2025-01-02 15:55:00+00:00,137.67,137.73,137.15,137.375,1438778
2025-01-02 16:00:00+00:00,137.38,137.65,136.64,136.77,1722006
2025-01-02 16:05:00+00:00,136.79,137.05,136.71,136.9646,1342563
2025-01-02 16:10:00+00:00,136.96,137.53,136.67,137.42,1673592
2025-01-02 16:15:00+00:00,137.421,137.58,137.06,137.5344,1267719
2025-01-02 16:20:00+00:00,137.53,137.95,137.24,137.88,1745685
2025-01-02 16:25:00+00:00,137.87,138.07,137.68,137.9213,2288349
2025-01-02 16:30:00+00:00,137.92,138.19,137.67,138.105,1929812
2025-01-02 16:35:00+00:00,138.11,138.22,137.81,137.89,2051428
2025-01-02 16:40:00+00:00,137.88,138.11,137.69,137.88,1305243
2025-01-02 16:45:00+00:00,137.875,138.61,137.82,138.58,2326390
2025-01-02 16:50:00+00:00,138.58,138.74,138.1279,138.2801,2264303
2025-01-02 16:55:00+00:00,138.3,138.8,138.25,138.67,1839376
2025-01-02 17:00:00+00:00,138.67,138.855,138.3801,138.85,1862588
2025-01-02 17:05:00+00:00,138.85,138.87,138.19,138.3986,1909092
2025-01-02 17:10:00+00:00,138.39,138.87,138.37,138.6971,1734585
2025-01-02 17:15:00+00:00,138.69,138.88,138.3,138.42,1594385
2025-01-02 17:20:00+00:00,138.44,138.4599,137.855,137.95,1545261
2025-01-02 17:25:00+00:00,137.955,137.955,136.9115,137.01,2633896
2025-01-02 17:30:00+00:00,137.01,137.01,136.4317,136.6,2755448
2025-01-02 17:35:00+00:00,136.6,136.73,135.83,136.02,3094261
2025-01-02 17:40:00+00:00,136.048,136.33,135.83,136.0401,2337015
2025-01-02 17:45:00+00:00,136.06,136.14,135.33,135.34,2362990
2025-01-02 17:50:00+00:00,135.33,136.13,135.16,135.96,2394474
2025-01-02 17:55:00+00:00,135.9568,136.33,135.89,136.19,2324945
2025-01-02 18:00:00+00:00,136.21,136.22,135.2601,135.39,1983374
2025-01-02 18:05:00+00:00,135.4,136.39,135.33,136.2131,1836964
2025-01-02 18:10:00+00:00,136.21,136.21,135.73,135.81,1165562
2025-01-02 18:15:00+00:00,135.815,136.16,135.53,136.07,1213701
2025-01-02 18:20:00+00:00,136.0601,136.42,135.96,136.23,1326269
2025-01-02 18:25:00+00:00,136.22,136.38,135.9,136.3699,1016772
2025-01-02 18:30:00+00:00,136.36,136.36,135.637,135.725,1332542
2025-01-02 18:35:00+00:00,135.73,136.14,135.69,135.82,1117862
2025-01-02 18:40:00+00:00,135.81,136.36,135.63,136.3446,1312026
2025-01-02 18:45:00+00:00,136.34,136.35,135.82,135.9624,1004625
2025-01-02 18:50:00+00:00,135.95,136.02,135.53,135.665,1195855
2025-01-02 18:55:00+00:00,135.67,136.1699,135.6602,136.11,1199291
2025-01-02 19:00:00+00:00,136.09,136.49,135.93,136.45,1230630
2025-01-02 19:05:00+00:00,136.445,136.7,136.32,136.514,1485071
2025-01-02 19:10:00+00:00,136.52,136.7399,136.43,136.625,1122157
2025-01-02 19:15:00+00:00,136.62,136.95,136.53,136.86,1475262
2025-01-02 19:20:00+00:00,136.855,137.15,136.78,137.12,1289695
2025-01-02 19:25:00+00:00,137.12,137.36,137.03,137.3022,1524734
2025-01-02 19:30:00+00:00,137.29,137.31,136.95,136.995,1436223
2025-01-02 19:35:00+00:00,136.9901,137.04,136.72,136.91,1259247
2025-01-02 19:40:00+00:00,136.9,137.13,136.865,136.9196,869078
2025-01-02 19:45:00+00:00,136.93,137.67,136.65,137.49,1885725
2025-01-02 19:50:00+00:00,137.5,137.72,137.36,137.51,1509472
2025-01-02 19:55:00+00:00,137.5,137.51,136.86,136.915,1295976
2025-01-02 20:00:00+00:00,136.915,137.55,136.88,137.5,1162183
2025-01-02 20:05:00+00:00,137.5,137.6,137.32,137.495,1024196
2025-01-02 20:10:00+00:00,137.505,137.99,137.4632,137.8235,2020734
2025-01-02 20:15:00+00:00,137.83,137.83,137.51,137.7228,1093115
2025-01-02 20:20:00+00:00,137.735,137.97,137.51,137.95,1245356
2025-01-02 20:25:00+00:00,137.95,138.04,137.85,137.92,1664453
2025-01-02 20:30:00+00:00,137.93,138.18,137.68,137.7501,2091940
2025-01-02 20:35:00+00:00,137.7599,137.775,137.31,137.455,1506343
2025-01-02 20:40:00+00:00,137.47,137.7179,137.4201,137.5592,1349807
2025-01-02 20:45:00+00:00,137.58,138.09,137.52,138.064,1903473
2025-01-02 20:50:00+00:00,138.06,138.626,138.06,138.395,3229049
2025-01-02 20:55:00+00:00,138.4,138.49,137.95,138.28,4802952
2025-01-02 21:00:00+00:00,138.28,138.4,138.1534,138.36,18170667
2025-01-02 21:05:00+00:00,138.32,138.37,138.02,138.12,174944
2025-01-02 21:10:00+00:00,138.13,138.29,138.1,138.28,239699
2025-01-02 21:15:00+00:00,138.28,138.6,138.25,138.54,127854
2025-01-02 21:20:00+00:00,138.51,138.54,138.33,138.4493,64568
2025-01-02 21:25:00+00:00,138.43,138.66,138.33,138.66,99184
2025-01-02 21:30:00+00:00,138.6508,138.74,138.56,138.57,74094
2025-01-02 21:35:00+00:00,138.59,138.65,138.54,138.56,42588
2025-01-02 21:40:00+00:00,138.56,138.569,138.36,138.46,106231
2025-01-02 21:45:00+00:00,138.47,138.47,138.37,138.45,183073
2025-01-02 21:50:00+00:00,138.42,138.43,138.31,138.39,26768
2025-01-02 21:55:00+00:00,138.3817,138.4118,138.24,138.3,77515
2025-01-02 22:00:00+00:00,138.4,138.4,138.28,138.35,2452803
2025-01-02 22:05:00+00:00,138.3299,138.3396,138.24,138.28,41571
2025-01-02 22:10:00+00:00,138.28,138.33,138.2,138.31,23494
2025-01-02 22:15:00+00:00,138.32,138.38,138.23,138.2498,48720
2025-01-02 22:20:00+00:00,138.25,138.29,138.16,138.16,61493
2025-01-02 22:25:00+00:00,138.16,138.2,138.1,138.1201,24994
2025-01-02 22:30:00+00:00,138.1101,138.19,138.11,138.19,2186498
2025-01-02 22:35:00+00:00,138.18,138.28,138.13,138.28,18435
2025-01-02 22:40:00+00:00,138.2604,138.3,138.22,138.3,36302
2025-01-02 22:45:00+00:00,138.3,138.35,138.2498,138.3101,15454
2025-01-02 22:50:00+00:00,138.31,138.36,138.23,138.2506,31980
2025-01-02 22:55:00+00:00,138.28,138.3492,138.2,138.33,22141
2025-01-02 23:00:00+00:00,138.33,138.4,138.25,138.28,43373
2025-01-02 23:05:00+00:00,138.27,138.35,138.17,138.31,33320
2025-01-02 23:10:00+00:00,138.21,138.35,138.2,138.32,51299
2025-01-02 23:15:00+00:00,138.32,138.33,138.28,138.3,15137
2025-01-02 23:20:00+00:00,138.2901,138.31,138.25,138.25,7758
2025-01-02 23:25:00+00:00,138.25,138.25,138.13,138.2,30421
2025-01-02 23:30:00+00:00,138.24,138.26,138.13,138.21,34058
2025-01-02 23:35:00+00:00,138.18,138.1962,138.11,138.1698,24349
2025-01-02 23:40:00+00:00,138.15,138.1699,138.1,138.12,16230
2025-01-02 23:45:00+00:00,138.12,138.12,138.02,138.02,33062
2025-01-02 23:50:00+00:00,138.05,138.05,137.8,137.89,83663
2025-01-02 23:55:00+00:00,137.8992,137.9398,137.89,137.9017,21240
2025-01-03 00:00:00+00:00,137.9199,137.97,137.8801,137.9403,23915
2025-01-03 00:05:00+00:00,137.97,138.09,137.95,138.06,121014
2025-01-03 00:10:00+00:00,138.07,138.0992,138.01,138.05,69227
2025-01-03 00:15:00+00:00,138.05,138.1,138.05,138.07,15059
2025-01-03 00:20:00+00:00,138.0896,138.09,137.98,138.04,14121
2025-01-03 00:25:00+00:00,138.08,138.29,138.08,138.23,38411
2025-01-03 00:30:00+00:00,138.24,138.45,138.24,138.43,48702
2025-01-03 00:35:00+00:00,138.44,138.44,138.4,138.42,20670
2025-01-03 00:40:00+00:00,138.43,138.49,138.42,138.46,40175
2025-01-03 00:45:00+00:00,138.46,138.5336,138.43,138.43,58550
2025-01-03 00:50:00+00:00,138.44,138.4799,138.4,138.4787,22091
2025-01-03 00:55:00+00:00,138.45,138.46,138.3693,138.44,42992
2025-01-03 09:00:00+00:00,138.5,138.95,138.43,138.77,51578
2025-01-03 09:05:00+00:00,138.77,138.95,138.75,138.84,42151
2025-01-03 09:10:00+00:00,138.93,138.95,138.77,138.81,33043
2025-01-03 09:15:00+00:00,138.85,139.19,138.85,139.05,64200
2025-01-03 09:20:00+00:00,139.05,139.17,139.01,139.05,29862
2025-01-03 09:25:00+00:00,139.01,139.1,138.96,138.98,24505
2025-01-03 09:30:00+00:00,138.99,139.03,138.91,139.0,23051
2025-01-03 09:35:00+00:00,139.01,139.2,139.0,139.11,23118
2025-01-03 09:40:00+00:00,139.18,139.36,139.17,139.34,25250
2025-01-03 09:45:00+00:00,139.33,139.33,139.14,139.28,32433
2025-01-03 09:50:00+00:00,139.24,139.28,139.21,139.28,19029
2025-01-03 09:55:00+00:00,139.27,139.34,139.18,139.25,21885
2025-01-03 10:00:00+00:00,139.22,139.22,139.0,139.07,25960
2025-01-03 10:05:00+00:00,139.1,139.3,139.1,139.3,15255
2025-01-03 10:10:00+00:00,139.3,139.3,139.18,139.25,13392
2025-01-03 10:15:00+00:00,139.26,139.32,139.22,139.24,16877
2025-01-03 10:20:00+00:00,139.22,139.25,139.09,139.16,20018
2025-01-03 10:25:00+00:00,139.13,139.2,139.04,139.16,9310
2025-01-03 10:30:00+00:00,139.16,139.32,139.15,139.3,26017
2025-01-03 10:35:00+00:00,139.26,139.31,139.26,139.3,9633
2025-01-03 10:40:00+00:00,139.28,139.33,139.27,139.29,9571
2025-01-03 10:45:00+00:00,139.31,139.31,139.23,139.25,10435
2025-01-03 10:50:00+00:00,139.26,139.26,139.1,139.11,35853
2025-01-03 10:55:00+00:00,139.1,139.18,139.1,139.17,8335
2025-01-03 11:00:00+00:00,139.19,139.19,139.1,139.16,12683
2025-01-03 11:05:00+00:00,139.15,139.18,139.05,139.08,15065
2025-01-03 11:10:00+00:00,139.05,139.11,139.04,139.05,12506
2025-01-03 11:15:00+00:00,139.07,139.13,139.04,139.13,9282
2025-01-03 11:20:00+00:00,139.11,139.19,139.11,139.19,11940
2025-01-03 11:25:00+00:00,139.2,139.35,139.18,139.3,27867
2025-01-03 11:30:00+00:00,139.29,139.36,139.28,139.35,9274
2025-01-03 11:35:00+00:00,139.33,139.57,139.32,139.45,67626
2025-01-03 11:40:00+00:00,139.48,139.48,139.39,139.46,24919
2025-01-03 11:45:00+00:00,139.42,139.44,139.3,139.3,16623
2025-01-03 11:50:00+00:00,139.3,139.45,139.27,139.41,25527
2025-01-03 11:55:00+00:00,139.4,139.41,139.25,139.37,28743
2025-01-03 12:00:00+00:00,139.33,139.37,138.94,138.97,147837
2025-01-03 12:05:00+00:00,138.98,139.0,138.8,138.88,90954
2025-01-03 12:10:00+00:00,138.88,138.98,138.85,138.96,39784
2025-01-03 12:15:00+00:00,138.95,138.95,138.51,138.51,78254
2025-01-03 12:20:00+00:00,138.53,138.89,138.53,138.88,59475
2025-01-03 12:25:00+00:00,138.88,138.98,138.85,138.96,37559
2025-01-03 12:30:00+00:00,138.96,138.96,138.78,138.79,24685
2025-01-03 12:35:00+00:00,138.8,138.91,138.78,138.91,37649
2025-01-03 12:40:00+00:00,138.91,138.91,138.74,138.77,18602
2025-01-03 12:45:00+00:00,138.77,139.07,138.77,139.05,39222
2025-01-03 12:50:00+00:00,139.03,139.09,138.96,139.07,20268
2025-01-03 12:55:00+00:00,139.08,139.29,139.08,139.29,73167
2025-01-03 13:00:00+00:00,139.18,139.48,138.34,139.35,734323
2025-01-03 13:05:00+00:00,139.34,139.5699,139.34,139.52,183711
2025-01-03 13:10:00+00:00,139.51,139.57,139.21,139.36,164560
2025-01-03 13:15:00+00:00,139.36,139.46,139.27,139.3524,66042
2025-01-03 13:20:00+00:00,139.37,139.43,139.32,139.43,50797
2025-01-03 13:25:00+00:00,139.4292,139.44,139.36,139.3801,59790
2025-01-03 13:30:00+00:00,139.38,139.62,139.33,139.61,1851334
2025-01-03 13:35:00+00:00,139.63,139.75,139.4402,139.5,141581
2025-01-03 13:40:00+00:00,139.52,139.57,139.4,139.45,75941
2025-01-03 13:45:00+00:00,139.43,139.4509,139.25,139.4,100509
2025-01-03 13:50:00+00:00,139.37,139.39,139.22,139.3187,105932
2025-01-03 13:55:00+00:00,139.31,139.35,138.31,139.35,449343
2025-01-03 14:00:00+00:00,139.3815,139.42,139.28,139.35,98981
2025-01-03 14:05:00+00:00,139.34,139.52,139.3,139.42,103532
2025-01-03 14:10:00+00:00,139.44,139.7,139.33,139.6,127384
2025-01-03 14:15:00+00:00,139.6,139.79,139.54,139.73,187075
2025-01-03 14:20:00+00:00,139.7103,139.84,139.6,139.61,193874
2025-01-03 14:25:00+00:00,139.62,140.23,139.61,140.02,720926
2025-01-03 14:30:00+00:00,140.0,141.65,139.73,141.07,11177539
2025-01-03 14:35:00+00:00,141.0692,142.24,140.92,142.135,8087149
2025-01-03 14:40:00+00:00,142.13,142.92,142.01,142.7775,7296151
2025-01-03 14:45:00+00:00,142.76,143.25,142.362,142.7892,8015065
2025-01-03 14:50:00+00:00,142.79,143.36,142.52,143.09,5760673
2025-01-03 14:55:00+00:00,143.08,143.97,143.07,143.93,5958775
2025-01-03 15:00:00+00:00,143.93,143.98,143.202,143.94,4671475
2025-01-03 15:05:00+00:00,143.935,144.2199,143.393,143.83,5832336
2025-01-03 15:10:00+00:00,143.84,144.02,143.26,143.54,3712374
2025-01-03 15:15:00+00:00,143.54,143.98,143.14,143.453,4235509
2025-01-03 15:20:00+00:00,143.45,143.53,142.51,143.0099,5152747
2025-01-03 15:25:00+00:00,143.02,143.3799,142.92,143.12,2614023
2025-01-03 15:30:00+00:00,143.12,143.27,142.76,143.16,2529668
2025-01-03 15:35:00+00:00,143.125,143.54,142.94,143.11,3035726
2025-01-03 15:40:00+00:00,143.12,143.72,142.97,143.325,2626801
2025-01-03 15:45:00+00:00,143.325,143.56,143.0,143.226,1977218
2025-01-03 15:50:00+00:00,143.22,143.4,142.83,142.92,2402992
2025-01-03 15:55:00+00:00,142.9184,143.33,142.835,143.2,2391268
2025-01-03 16:00:00+00:00,143.21,143.64,143.03,143.436,2569360
2025-01-03 16:05:00+00:00,143.44,143.45,142.83,142.8789,2320561
2025-01-03 16:10:00+00:00,142.88,143.08,142.7529,142.975,1996451
2025-01-03 16:15:00+00:00,142.97,143.18,142.8535,143.1,1442044
2025-01-03 16:20:00+00:00,143.09,143.46,143.0546,143.2754,2523607
2025-01-03 16:25:00+00:00,143.27,143.48,143.23,143.4729,1501591
2025-01-03 16:30:00+00:00,143.47,143.54,143.1801,143.4899,1764346
2025-01-03 16:35:00+00:00,143.4811,143.74,143.34,143.684,1622466
2025-01-03 16:40:00+00:00,143.69,143.89,143.65,143.795,1801678
2025-01-03 16:45:00+00:00,143.78,144.0,143.68,143.9,1920005
2025-01-03 16:50:00+00:00,143.905,144.01,143.79,143.935,2257149
2025-01-03 16:55:00+00:00,143.935,144.01,143.79,143.87,1427515
2025-01-03 17:00:00+00:00,143.8712,144.13,143.8712,144.02,1627959
2025-01-03 17:05:00+00:00,144.0187,144.06,143.71,143.7999,1530284
2025-01-03 17:10:00+00:00,143.79,143.93,143.71,143.72,1608887
2025-01-03 17:15:00+00:00,143.73,143.96,143.71,143.7791,1142650
2025-01-03 17:20:00+00:00,143.78,143.86,143.62,143.8585,1139857
2025-01-03 17:25:00+00:00,143.85,144.0,143.65,143.6803,1243561
2025-01-03 17:30:00+00:00,143.69,143.8,143.64,143.75,1255201
2025-01-03 17:35:00+00:00,143.755,143.93,143.7,143.9194,1007833
2025-01-03 17:40:00+00:00,143.9113,144.15,143.9,144.15,2017538
2025-01-03 17:45:00+00:00,144.15,144.35,144.09,144.3411,1817422
2025-01-03 17:50:00+00:00,144.341,144.67,144.33,144.59,2765693
2025-01-03 17:55:00+00:00,144.585,144.6864,144.43,144.6276,1941216
2025-01-03 18:00:00+00:00,144.62,144.68,144.3,144.42,1630569
2025-01-03 18:05:00+00:00,144.42,144.7,144.37,144.696,1473845
2025-01-03 18:10:00+00:00,144.7,144.74,144.461,144.6269,1446898
2025-01-03 18:15:00+00:00,144.62,144.62,144.1301,144.2587,1694687
2025-01-03 18:20:00+00:00,144.2522,144.4,144.12,144.2054,1657459
2025-01-03 18:25:00+00:00,144.21,144.52,144.18,144.4953,1620709
2025-01-03 18:30:00+00:00,144.5,144.7,144.44,144.6954,1526347
2025-01-03 18:35:00+00:00,144.7,144.9,144.69,144.7692,1885110
2025-01-03 18:40:00+00:00,144.76,144.88,144.58,144.664,1277857
2025-01-03 18:45:00+00:00,144.67,144.7,144.35,144.365,1161565
2025-01-03 18:50:00+00:00,144.37,144.49,144.1101,144.49,1761477
2025-01-03 18:55:00+00:00,144.49,144.49,143.92,144.0685,1765579
2025-01-03 19:00:00+00:00,144.07,144.18,143.82,144.135,1534899
2025-01-03 19:05:00+00:00,144.135,144.6,144.07,144.4564,2734621
2025-01-03 19:10:00+00:00,144.46,144.72,144.32,144.5391,1751568
2025-01-03 19:15:00+00:00,144.54,144.55,144.22,144.345,1327293
2025-01-03 19:20:00+00:00,144.345,144.4385,144.13,144.165,1177084
2025-01-03 19:25:00+00:00,144.15,144.41,144.03,144.371,1637082
2025-01-03 19:30:00+00:00,144.37,144.37,144.08,144.1635,1452788
2025-01-03 19:35:00+00:00,144.165,144.55,144.15,144.5399,1394008
2025-01-03 19:40:00+00:00,144.52,144.53,144.255,144.255,1043467
2025-01-03 19:45:00+00:00,144.25,144.38,144.1201,144.37,989290
2025-01-03 19:50:00+00:00,144.37,144.44,144.16,144.3455,1220718
2025-01-03 19:55:00+00:00,144.36,144.49,144.265,144.4199,1374569
2025-01-03 20:00:00+00:00,144.41,144.41,144.16,144.18,1492643
2025-01-03 20:05:00+00:00,144.18,144.4,144.04,144.285,1575664
2025-01-03 20:10:00+00:00,144.28,144.34,144.055,144.33,1260309
2025-01-03 20:15:00+00:00,144.325,144.5,144.16,144.355,1722027
2025-01-03 20:20:00+00:00,144.355,144.3784,144.11,144.24,1339730
2025-01-03 20:25:00+00:00,144.24,144.34,144.18,144.32,1124325
2025-01-03 20:30:00+00:00,144.3,144.305,144.06,144.145,2150716
2025-01-03 20:35:00+00:00,144.14,144.5,144.07,144.4501,1890925
2025-01-03 20:40:00+00:00,144.45,144.458,144.28,144.38,1492984
2025-01-03 20:45:00+00:00,144.37,144.72,144.35,144.3584,2346005
2025-01-03 20:50:00+00:00,144.365,144.7,144.12,144.5,3800926
2025-01-03 20:55:00+00:00,144.495,144.59,143.8,144.59,6120769
2025-01-03 21:00:00+00:00,144.59,144.85,144.2991,144.44,18046547
2025-01-03 21:05:00+00:00,144.47,144.6,143.6677,144.59,2540780
2025-01-03 21:10:00+00:00,144.56,144.61,144.53,144.58,361285
2025-01-03 21:15:00+00:00,144.58,144.64,144.5,144.6,94057
2025-01-03 21:20:00+00:00,144.589,144.59,144.42,144.5,59432
2025-01-03 21:25:00+00:00,144.51,144.52,144.41,144.42,79964
2025-01-03 21:30:00+00:00,144.45,144.47,144.39,144.44,67284
2025-01-03 21:35:00+00:00,144.47,144.6,144.4,144.4901,2116855
2025-01-03 21:40:00+00:00,144.48,144.59,144.4602,144.59,3424822
2025-01-03 21:45:00+00:00,144.59,144.61,144.5017,144.57,41088
2025-01-03 21:50:00+00:00,144.57,144.7,144.55,144.6,1554754
2025-01-03 21:55:00+00:00,144.6188,144.62,144.51,144.5699,63485
2025-01-03 22:00:00+00:00,144.56,144.57,144.55,144.56,23073
2025-01-03 22:05:00+00:00,144.55,144.6,144.53,144.53,40629
2025-01-03 22:10:00+00:00,144.56,144.56,144.51,144.52,17506
2025-01-03 22:15:00+00:00,144.52,144.55,144.5,144.54,39763
2025-01-03 22:20:00+00:00,144.55,144.6,144.54,144.6,33163
2025-01-03 22:25:00+00:00,144.6,144.67,144.58,144.66,51275
2025-01-03 22:30:00+00:00,144.62,144.6993,144.62,144.63,33674
2025-01-03 22:35:00+00:00,144.66,144.66,144.63,144.65,17149
2025-01-03 22:40:00+00:00,144.65,144.75,144.65,144.73,61504
2025-01-03 22:45:00+00:00,144.71,144.75,144.71,144.75,43427
2025-01-03 22:50:00+00:00,144.75,144.81,144.74,144.77,55472
2025-01-03 22:55:00+00:00,144.74,144.83,144.7102,144.8,26260
2025-01-03 23:00:00+00:00,144.82,144.87,144.8,144.8099,42211
2025-01-03 23:05:00+00:00,144.8099,144.95,144.8,144.85,50274
2025-01-03 23:10:00+00:00,144.8499,144.9,144.79,144.9,44150
2025-01-03 23:15:00+00:00,144.89,144.95,144.86,144.95,54405
2025-01-03 23:20:00+00:00,144.95,144.97,144.88,144.9,39530
2025-01-03 23:25:00+00:00,144.9,144.97,144.88,144.93,40133
2025-01-03 23:30:00+00:00,144.95,144.97,144.92,144.92,35445
2025-01-03 23:35:00+00:00,144.93,145.0,144.89,144.92,34346
2025-01-03 23:40:00+00:00,144.92,144.94,144.9,144.93,20304
2025-01-03 23:45:00+00:00,144.93,144.94,144.91,144.91,26039
2025-01-03 23:50:00+00:00,144.92,144.92,144.88,144.88,30107
2025-01-03 23:55:00+00:00,144.88,144.94,144.88,144.9,23965
2025-01-04 00:00:00+00:00,144.9,144.95,144.89,144.9,35516
2025-01-04 00:05:00+00:00,144.91,144.95,144.91,144.91,28706
2025-01-04 00:10:00+00:00,144.92,144.95,144.91,144.92,11084
2025-01-04 00:15:00+00:00,144.92,144.9394,144.9,144.91,16752
2025-01-04 00:20:00+00:00,144.91,144.93,144.91,144.9299,14756
2025-01-04 00:25:00+00:00,144.92,144.94,144.92,144.9397,37973
2025-01-04 00:30:00+00:00,144.93,144.97,144.93,144.97,46021
2025-01-04 00:35:00+00:00,144.97,144.98,144.95,144.98,34847
2025-01-04 00:40:00+00:00,144.97,144.99,144.97,144.99,36464
2025-01-04 00:45:00+00:00,144.99,145.0,144.97,145.0,56409
2025-01-04 00:50:00+00:00,144.99,145.0,144.97,144.99,55011
2025-01-04 00:55:00+00:00,145.0,145.0,144.86,144.99,98873
2025-01-06 09:00:00+00:00,146.0,146.88,144.87,146.19,272718
2025-01-06 09:05:00+00:00,146.2,146.37,146.12,146.29,87010
2025-01-06 09:10:00+00:00,146.3,146.98,146.28,146.87,233658
2025-01-06 09:15:00+00:00,146.88,147.05,146.8,146.86,171124
2025-01-06 09:20:00+00:00,146.86,147.29,146.83,147.26,139951
2025-01-06 09:25:00+00:00,147.26,147.3,147.12,147.21,148773
2025-01-06 09:30:00+00:00,147.23,147.44,147.15,147.38,116807
2025-01-06 09:35:00+00:00,147.39,147.4,147.07,147.07,83254
2025-01-06 09:40:00+00:00,147.08,147.29,147.0,147.25,73997
2025-01-06 09:45:00+00:00,147.24,147.34,147.17,147.34,51335
2025-01-06 09:50:00+00:00,147.3,147.66,147.24,147.61,146135
2025-01-06 09:55:00+00:00,147.61,147.69,147.35,147.5,153443
2025-01-06 10:00:00+00:00,147.55,147.61,147.27,147.3,69278
2025-01-06 10:05:00+00:00,147.32,147.36,147.27,147.27,35362
2025-01-06 10:10:00+00:00,147.28,147.45,147.27,147.42,49357
2025-01-06 10:15:00+00:00,147.4,147.43,147.33,147.38,41615
2025-01-06 10:20:00+00:00,147.36,147.41,147.23,147.24,54295
2025-01-06 10:25:00+00:00,147.23,147.26,147.09,147.11,38378
2025-01-06 10:30:00+00:00,147.1,147.1,146.99,147.09,65641
2025-01-06 10:35:00+00:00,147.09,147.35,147.09,147.22,53981
2025-01-06 10:40:00+00:00,147.23,147.37,147.2,147.2,46894
2025-01-06 10:45:00+00:00,147.24,147.25,147.2,147.2,25126
2025-01-06 10:50:00+00:00,147.23,147.23,147.13,147.15,25038
2025-01-06 10:55:00+00:00,147.16,147.2,147.11,147.17,39134
2025-01-06 11:00:00+00:00,147.18,147.47,147.03,147.45,92520
2025-01-06 11:05:00+00:00,147.44,147.5,147.4,147.5,60953
2025-01-06 11:10:00+00:00,147.48,147.63,147.47,147.62,84576
2025-01-06 11:15:00+00:00,147.6,147.65,147.42,147.46,58146
2025-01-06 11:20:00+00:00,147.47,147.48,147.39,147.48,36701
2025-01-06 11:25:00+00:00,147.48,147.84,147.48,147.57,72311
2025-01-06 11:30:00+00:00,147.56,147.59,147.4,147.46,66114
2025-01-06 11:35:00+00:00,147.45,147.59,147.38,147.58,37517
2025-01-06 11:40:00+00:00,147.58,147.58,147.4,147.43,68434
2025-01-06 11:45:00+00:00,147.43,147.53,147.41,147.45,38817
2025-01-06 11:50:00+00:00,147.44,147.45,147.37,147.37,50248
2025-01-06 11:55:00+00:00,147.38,147.46,147.21,147.32,65486
2025-01-06 12:00:00+00:00,147.32,147.84,147.02,147.77,487055
2025-01-06 12:05:00+00:00,147.77,148.12,147.76,148.11,427500
2025-01-06 12:10:00+00:00,148.11,148.29,148.0,148.29,175387
2025-01-06 12:15:00+00:00,148.27,148.45,148.27,148.42,214636
2025-01-06 12:20:00+00:00,148.42,148.74,148.36,148.71,217581
2025-01-06 12:25:00+00:00,148.71,148.71,148.26,148.3,282168
2025-01-06 12:30:00+00:00,148.32,148.55,148.09,148.11,132203
2025-01-06 12:35:00+00:00,148.1,148.3,147.99,148.2,111698
2025-01-06 12:40:00+00:00,148.19,148.27,148.15,148.18,99586
2025-01-06 12:45:00+00:00,148.17,148.46,148.151,148.44,86263
2025-01-06 12:50:00+00:00,148.44,148.5,148.22,148.27,87775
2025-01-06 12:55:00+00:00,148.28,148.28,148.2,148.23,52013
2025-01-06 13:00:00+00:00,148.225,148.7299,145.7,148.28,1677332
2025-01-06 13:05:00+00:00,148.2502,148.3,148.07,148.07,153674
2025-01-06 13:10:00+00:00,148.07,148.31,148.01,148.13,158453
2025-01-06 13:15:00+00:00,148.13,148.25,148.12,148.24,94689
2025-01-06 13:20:00+00:00,148.2201,148.24,148.02,148.1,147938
2025-01-06 13:25:00+00:00,148.1,148.56,148.1,148.4501,265528
2025-01-06 13:30:00+00:00,148.4501,148.54,148.27,148.4199,193562
2025-01-06 13:35:00+00:00,148.41,148.52,148.3,148.35,167263
2025-01-06 13:40:00+00:00,148.35,148.35,148.0,148.15,358945
2025-01-06 13:45:00+00:00,148.17,148.32,148.12,148.15,173165
2025-01-06 13:50:00+00:00,148.16,148.39,148.12,148.37,160231
2025-01-06 13:55:00+00:00,148.36,148.65,148.3599,148.59,345312
2025-01-06 14:00:00+00:00,148.58,148.65,148.27,148.32,184173
2025-01-06 14:05:00+00:00,148.3,148.6,148.23,148.56,220355
2025-01-06 14:10:00+00:00,148.57,148.6499,148.41,148.5,219859
2025-01-06 14:15:00+00:00,148.5,148.5,147.851,147.99,774710
2025-01-06 14:20:00+00:00,147.96,148.4,147.9,148.2167,339130
2025-01-06 14:25:00+00:00,148.26,148.76,147.91,148.59,642573
2025-01-06 14:30:00+00:00,148.59,149.4,147.8201,149.02,17173112
2025-01-06 14:35:00+00:00,149.0,149.6,148.82,149.405,6662257
2025-01-06 14:40:00+00:00,149.405,149.75,148.69,148.98,5546572
2025-01-06 14:45:00+00:00,149.01,150.27,148.98,150.262,10118761
2025-01-06 14:50:00+00:00,150.26,150.33,149.41,149.6483,6517885
2025-01-06 14:55:00+00:00,149.66,149.88,149.01,149.86,5234219
2025-01-06 15:00:00+00:00,149.8513,150.39,149.66,149.9878,5124315
2025-01-06 15:05:00+00:00,149.99,150.7,149.89,150.6499,4975183
2025-01-06 15:10:00+00:00,150.64,151.23,150.12,151.2135,5937030
2025-01-06 15:15:00+00:00,151.22,151.4,150.9501,151.1699,4747688
2025-01-06 15:20:00+00:00,151.16,151.249,150.84,151.15,3413829
2025-01-06 15:25:00+00:00,151.16,151.7,151.135,151.5312,4152993
2025-01-06 15:30:00+00:00,151.54,151.6168,151.195,151.27,2933731
2025-01-06 15:35:00+00:00,151.27,151.5,151.13,151.3732,2598122
2025-01-06 15:40:00+00:00,151.38,151.53,151.12,151.38,2389143
2025-01-06 15:45:00+00:00,151.36,151.6099,151.14,151.165,3145211
2025-01-06 15:50:00+00:00,151.18,151.99,151.05,151.97,4418368
2025-01-06 15:55:00+00:00,151.97,151.99,151.519,151.55,2722259
2025-01-06 16:00:00+00:00,151.57,151.9,151.53,151.7,2188350
2025-01-06 16:05:00+00:00,151.705,151.92,151.675,151.846,1858592
2025-01-06 16:10:00+00:00,151.84,152.0,151.81,151.96,2421159
2025-01-06 16:15:00+00:00,151.96,152.156,151.675,151.81,4312322
2025-01-06 16:20:00+00:00,151.81,151.89,151.19,151.2088,2301076
2025-01-06 16:25:00+00:00,151.2001,151.89,151.035,151.8888,2870010
2025-01-06 16:30:00+00:00,151.88,151.9186,151.65,151.82,1767413
2025-01-06 16:35:00+00:00,151.81,151.83,151.62,151.7438,1264413
2025-01-06 16:40:00+00:00,151.74,151.91,151.64,151.7799,1585356
2025-01-06 16:45:00+00:00,151.78,151.8,151.345,151.395,3453735
2025-01-06 16:50:00+00:00,151.395,151.575,151.365,151.5151,1185818
2025-01-06 16:55:00+00:00,151.52,151.54,151.04,151.095,1810054
2025-01-06 17:00:00+00:00,151.1,151.105,150.89,151.083,2690237
2025-01-06 17:05:00+00:00,151.09,151.57,150.93,151.42,2311858
2025-01-06 17:10:00+00:00,151.427,151.4291,151.1,151.1494,1367713
2025-01-06 17:15:00+00:00,151.145,151.21,150.91,150.9498,1606171
2025-01-06 17:20:00+00:00,150.94,151.17,150.92,151.015,1362203
2025-01-06 17:25:00+00:00,151.015,151.37,150.99,151.3097,1439794
2025-01-06 17:30:00+00:00,151.3019,151.51,151.12,151.371,1863900
2025-01-06 17:35:00+00:00,151.39,151.46,150.97,151.0,1567152
2025-01-06 17:40:00+00:00,150.98,151.15,150.925,151.095,1528866
2025-01-06 17:45:00+00:00,151.09,151.42,150.96,151.4,1176750
2025-01-06 17:50:00+00:00,151.4,151.56,151.19,151.51,1419697
2025-01-06 17:55:00+00:00,151.5,151.55,151.31,151.465,1079567
2025-01-06 18:00:00+00:00,151.465,151.47,150.92,151.1619,1706570
2025-01-06 18:05:00+00:00,151.16,151.85,151.12,151.67,2845074
2025-01-06 18:10:00+00:00,151.66,151.67,151.25,151.34,1586026
2025-01-06 18:15:00+00:00,151.3201,151.39,150.81,151.3363,2008217
2025-01-06 18:20:00+00:00,151.335,151.77,151.31,151.62,1619388
2025-01-06 18:25:00+00:00,151.61,151.7277,151.55,151.6799,921277
2025-01-06 18:30:00+00:00,151.6688,151.84,151.525,151.555,1547850
2025-01-06 18:35:00+00:00,151.555,151.63,151.39,151.5999,1130125
2025-01-06 18:40:00+00:00,151.588,151.689,151.28,151.33,1260045
2025-01-06 18:45:00+00:00,151.33,151.395,150.88,150.895,2205750
2025-01-06 18:50:00+00:00,150.89,151.2,150.85,151.09,1538526
2025-01-06 18:55:00+00:00,151.0895,151.169,150.4501,150.52,2142988
2025-01-06 19:00:00+00:00,150.52,150.64,150.36,150.5,2501086
2025-01-06 19:05:00+00:00,150.5,150.83,150.1,150.1004,2375347
2025-01-06 19:10:00+00:00,150.11,150.1286,149.66,150.0628,3289492
2025-01-06 19:15:00+00:00,150.0601,150.07,149.67,149.75,1678581
2025-01-06 19:20:00+00:00,149.74,150.49,149.74,150.4,2033784
2025-01-06 19:25:00+00:00,150.4,150.48,150.201,150.295,1410213
2025-01-06 19:30:00+00:00,150.3,150.31,150.07,150.2901,1174680
2025-01-06 19:35:00+00:00,150.295,150.37,150.09,150.2299,1103224
2025-01-06 19:40:00+00:00,150.22,150.49,150.21,150.455,1214556
2025-01-06 19:45:00+00:00,150.455,150.62,150.36,150.5,1406469
2025-01-06 19:50:00+00:00,150.505,150.549,150.2601,150.3799,1019892
2025-01-06 19:55:00+00:00,150.375,150.455,149.72,149.75,1684024
2025-01-06 20:00:00+00:00,149.74,150.0376,149.37,149.93,2690850
2025-01-06 20:05:00+00:00,149.94,150.35,149.8838,150.13,1680204
2025-01-06 20:10:00+00:00,150.1409,150.425,150.0,150.24,1669726
2025-01-06 20:15:00+00:00,150.24,150.25,149.965,150.1705,1661747
2025-01-06 20:20:00+00:00,150.175,150.55,150.1,150.5,1714433
2025-01-06 20:25:00+00:00,150.49,150.54,150.32,150.525,1619482
2025-01-06 20:30:00+00:00,150.52,150.83,150.3105,150.4095,2377781
2025-01-06 20:35:00+00:00,150.4,150.48,149.92,149.96,2099037
2025-01-06 20:40:00+00:00,149.96,150.29,149.74,149.78,2115745
2025-01-06 20:45:00+00:00,149.79,149.8399,148.28,148.3103,5213317
2025-01-06 20:50:00+00:00,148.31,149.7,148.255,149.63,6423137
2025-01-06 20:55:00+00:00,149.62,149.64,148.9,149.5101,6862024
2025-01-06 21:00:00+00:00,149.43,149.57,149.2565,149.46,28176583
2025-01-06 21:05:00+00:00,149.48,149.54,149.4,149.5,209853
2025-01-06 21:10:00+00:00,149.48,149.74,149.43,149.72,175675
2025-01-06 21:15:00+00:00,149.74,149.88,149.43,149.86,199637
2025-01-06 21:20:00+00:00,149.8603,149.88,149.73,149.78,193201
2025-01-06 21:25:00+00:00,149.77,149.81,149.61,149.69,84221
2025-01-06 21:30:00+00:00,149.69,149.75,149.66,149.75,62749
2025-01-06 21:35:00+00:00,149.75,149.8,149.43,149.75,55709
2025-01-06 21:40:00+00:00,149.75,149.85,149.43,149.82,116249
2025-01-06 21:45:00+00:00,149.82,149.9197,149.8,149.861,45895
2025-01-06 21:50:00+00:00,149.8899,149.8899,149.77,149.7701,54615
2025-01-06 21:55:00+00:00,149.8,149.8188,149.43,149.43,125231
2025-01-06 22:00:00+00:00,149.46,149.62,149.37,149.409,101540
2025-01-06 22:05:00+00:00,149.39,149.43,149.3,149.35,82019
2025-01-06 22:10:00+00:00,149.35,149.43,149.3306,149.3998,78520
2025-01-06 22:15:00+00:00,149.4,149.5795,149.3301,149.56,55259
2025-01-06 22:20:00+00:00,149.57,149.8,149.51,149.8,85202
2025-01-06 22:25:00+00:00,149.7901,149.8,149.77,149.78,40591
2025-01-06 22:30:00+00:00,149.77,149.99,149.75,149.94,63074
2025-01-06 22:35:00+00:00,149.92,150.3396,149.91,150.2,282434
2025-01-06 22:40:00+00:00,150.2297,150.45,150.1,150.42,193022
2025-01-06 22:45:00+00:00,150.4192,150.4194,150.22,150.28,61920
2025-01-06 22:50:00+00:00,150.27,150.3,150.18,150.2799,64843
2025-01-06 22:55:00+00:00,150.27,150.4,150.0,150.1,110436
2025-01-06 23:00:00+00:00,150.11,150.3601,150.11,150.23,71389
2025-01-06 23:05:00+00:00,150.24,150.35,150.2,150.3,48284
2025-01-06 23:10:00+00:00,150.3,150.33,150.25,150.25,36782
2025-01-06 23:15:00+00:00,150.3,150.3,150.05,150.19,57712
2025-01-06 23:20:00+00:00,150.18,150.24,150.12,150.2285,34397
2025-01-06 23:25:00+00:00,150.23,150.24,150.05,150.21,40275
2025-01-06 23:30:00+00:00,150.2,150.25,150.1,150.24,33182
2025-01-06 23:35:00+00:00,150.2497,150.29,150.1203,150.1203,65256
2025-01-06 23:40:00+00:00,150.1225,150.26,150.1225,150.23,51999
2025-01-06 23:45:00+00:00,150.24,150.34,150.17,150.29,47191
2025-01-06 23:50:00+00:00,150.3,150.39,150.25,150.25,100585
2025-01-06 23:55:00+00:00,150.26,150.33,150.2,150.27,40959
2025-01-07 00:00:00+00:00,150.28,150.32,150.24,150.2856,31232
2025-01-07 00:05:00+00:00,150.24,150.27,150.2,150.27,24273
2025-01-07 00:10:00+00:00,150.27,150.36,150.2599,150.33,54223
2025-01-07 00:15:00+00:00,150.32,150.37,150.32,150.3401,29973
2025-01-07 00:20:00+00:00,150.36,150.39,150.33,150.3899,46949
2025-01-07 00:25:00+00:00,150.39,150.48,150.38,150.41,84154
2025-01-07 00:30:00+00:00,150.41,150.47,150.4,150.45,31716
2025-01-07 00:35:00+00:00,150.44,150.4695,150.41,150.42,33639
2025-01-07 00:40:00+00:00,150.42,150.44,150.34,150.34,56050
2025-01-07 00:45:00+00:00,150.35,150.3699,150.3,150.3299,75471
2025-01-07 00:50:00+00:00,150.31,150.33,150.3,150.3,76302
2025-01-07 00:55:00+00:00,150.31,150.35,150.15,150.2802,108453
2025-01-07 09:00:00+00:00,150.47,150.85,146.45,150.74,234701
2025-01-07 09:05:00+00:00,150.72,151.26,150.3,151.18,196589
2025-01-07 09:10:00+00:00,151.18,151.54,151.15,151.47,158684
2025-01-07 09:15:00+00:00,151.49,151.49,150.86,151.17,89473
2025-01-07 09:20:00+00:00,151.17,151.45,151.1,151.4,60095
2025-01-07 09:25:00+00:00,151.43,151.68,151.33,151.68,104419
2025-01-07 09:30:00+00:00,151.68,151.79,151.53,151.79,80592
2025-01-07 09:35:00+00:00,151.79,152.1,151.77,152.08,193261
2025-01-07 09:40:00+00:00,152.09,152.13,151.65,151.8,140278
2025-01-07 09:45:00+00:00,151.79,151.79,151.31,151.57,108704
2025-01-07 09:50:00+00:00,151.58,151.85,151.41,151.68,72615
2025-01-07 09:55:00+00:00,151.71,151.76,151.4,151.49,54474
2025-01-07 10:00:00+00:00,151.48,151.58,151.3,151.58,66463
2025-01-07 10:05:00+00:00,151.59,151.69,151.57,151.66,46916
2025-01-07 10:10:00+00:00,151.66,151.7,151.56,151.56,42909
2025-01-07 10:15:00+00:00,151.56,151.59,151.44,151.58,45875
2025-01-07 10:20:00+00:00,151.58,151.7,151.58,151.64,41317
2025-01-07 10:25:00+00:00,151.63,151.69,151.45,151.68,47488
2025-01-07 10:30:00+00:00,151.68,151.9,151.67,151.86,58281
2025-01-07 10:35:00+00:00,151.85,151.89,151.71,151.88,40523
2025-01-07 10:40:00+00:00,151.87,151.94,151.84,151.9,43664
2025-01-07 10:45:00+00:00,151.91,151.93,151.83,151.92,29398
2025-01-07 10:50:00+00:00,151.94,152.2,151.94,152.2,135463
2025-01-07 10:55:00+00:00,152.2,152.29,152.18,152.27,90192
2025-01-07 11:00:00+00:00,152.27,152.27,151.95,152.2,63897
2025-01-07 11:05:00+00:00,152.18,152.27,152.15,152.2,60446
2025-01-07 11:10:00+00:00,152.18,152.29,152.15,152.15,61406
2025-01-07 11:15:00+00:00,152.16,152.3,152.02,152.23,64818
2025-01-07 11:20:00+00:00,152.19,152.26,152.1,152.26,41788
2025-01-07 11:25:00+00:00,152.25,152.44,152.24,152.42,92579
2025-01-07 11:30:00+00:00,152.44,152.44,152.24,152.33,98792
2025-01-07 11:35:00+00:00,152.32,152.44,152.2,152.4,84962
2025-01-07 11:40:00+00:00,152.38,152.49,152.31,152.48,61266
2025-01-07 11:45:00+00:00,152.48,152.57,152.4,152.43,135700
2025-01-07 11:50:00+00:00,152.42,152.52,152.14,152.15,73875
2025-01-07 11:55:00+00:00,152.15,152.4,152.05,152.4,197008
2025-01-07 12:00:00+00:00,152.4,152.78,152.06,152.7,425312
2025-01-07 12:05:00+00:00,152.7,153.0,152.66,152.98,272392
2025-01-07 12:10:00+00:00,152.97,153.38,152.97,153.25,427525
2025-01-07 12:15:00+00:00,153.25,153.66,153.12,153.58,245746
2025-01-07 12:20:00+00:00,153.561,153.65,153.0,153.01,259275
2025-01-07 12:25:00+00:00,153.04,153.15,152.8,153.0,249931
2025-01-07 12:30:00+00:00,153.0,153.33,152.96,153.32,144063
2025-01-07 12:35:00+00:00,153.31,153.4,153.15,153.27,143143
2025-01-07 12:40:00+00:00,153.27,153.37,153.23,153.24,130030
2025-01-07 12:45:00+00:00,153.24,153.28,153.0,153.17,183247
2025-01-07 12:50:00+00:00,153.18,153.22,153.03,153.15,104347
2025-01-07 12:55:00+00:00,153.13,153.16,152.98,153.11,113571
2025-01-07 13:00:00+00:00,152.35,153.66,148.01,152.79,3278012
2025-01-07 13:05:00+00:00,152.78,152.8,152.65,152.7,322874
2025-01-07 13:10:00+00:00,152.69,152.95,152.65,152.81,331160
2025-01-07 13:15:00+00:00,152.81,152.81,152.7,152.7401,203539
2025-01-07 13:20:00+00:00,152.75,152.79,152.45,152.5801,369414
2025-01-07 13:25:00+00:00,152.59,152.95,152.24,152.762,594334
2025-01-07 13:30:00+00:00,152.77,152.91,152.67,152.8512,228486
2025-01-07 13:35:00+00:00,152.87,152.88,152.38,152.54,237434
2025-01-07 13:40:00+00:00,152.5001,152.7,152.46,152.67,148050
2025-01-07 13:45:00+00:00,152.67,152.94,152.6501,152.8,195481
2025-01-07 13:50:00+00:00,152.85,152.98,152.7301,152.9599,146687
2025-01-07 13:55:00+00:00,152.96,152.98,152.85,152.9799,129310
2025-01-07 14:00:00+00:00,152.98,153.43,152.93,153.43,594691
2025-01-07 14:05:00+00:00,153.41,153.5,153.29,153.42,528213
2025-01-07 14:10:00+00:00,153.42,153.74,153.37,153.48,453384
2025-01-07 14:15:00+00:00,153.451,153.49,153.04,153.16,487550
2025-01-07 14:20:00+00:00,153.2,153.45,153.14,153.4,219757
2025-01-07 14:25:00+00:00,153.39,153.44,153.0,153.01,409410
2025-01-07 14:30:00+00:00,153.02,153.13,150.41,150.465,15068281
2025-01-07 14:35:00+00:00,150.475,150.89,148.72,148.85,11248627
2025-01-07 14:40:00+00:00,148.85,150.47,148.8,150.437,8002768
2025-01-07 14:45:00+00:00,150.43,150.5,149.16,149.22,5343122
2025-01-07 14:50:00+00:00,149.2499,149.89,148.3,148.4232,6806134
2025-01-07 14:55:00+00:00,148.44,148.78,145.59,146.26,12677012
2025-01-07 15:00:00+00:00,146.23,146.48,144.65,145.63,9636050
2025-01-07 15:05:00+00:00,145.63,146.49,145.24,145.505,6390130
2025-01-07 15:10:00+00:00,145.505,146.28,145.12,145.5,6172951
2025-01-07 15:15:00+00:00,145.48,145.87,144.44,144.74,7255261
2025-01-07 15:20:00+00:00,144.73,145.55,144.67,145.08,5396588
2025-01-07 15:25:00+00:00,145.085,145.45,143.53,143.65,7926394
2025-01-07 15:30:00+00:00,143.65,143.85,142.18,142.6446,9131134
2025-01-07 15:35:00+00:00,142.64,142.93,141.03,141.1701,9512760
2025-01-07 15:40:00+00:00,141.19,141.72,140.44,141.4101,9204512
2025-01-07 15:45:00+00:00,141.39,141.75,140.45,141.655,7042602
2025-01-07 15:50:00+00:00,141.64,142.37,140.99,142.225,7713109
2025-01-07 15:55:00+00:00,142.2399,142.83,142.05,142.695,7282555
2025-01-07 16:00:00+00:00,142.7112,142.86,141.54,141.865,6040213
2025-01-07 16:05:00+00:00,141.9,142.22,141.31,142.06,5060113
2025-01-07 16:10:00+00:00,142.06,142.306,141.1,141.1249,4505615
2025-01-07 16:15:00+00:00,141.14,141.9124,141.0,141.76,4485251
2025-01-07 16:20:00+00:00,141.765,142.64,141.565,142.61,4464010
2025-01-07 16:25:00+00:00,142.6123,142.88,142.3,142.7667,5455576
2025-01-07 16:30:00+00:00,142.76,142.84,141.9001,142.57,4610448
2025-01-07 16:35:00+00:00,142.58,142.93,142.0,142.9122,3412795
2025-01-07 16:40:00+00:00,142.9058,143.11,141.84,142.1099,4384166
2025-01-07 16:45:00+00:00,142.093,142.62,141.95,142.06,2525871
2025-01-07 16:50:00+00:00,142.072,142.16,141.8,141.95,2395762
2025-01-07 16:55:00+00:00,141.96,142.18,141.555,141.675,2469751
2025-01-07 17:00:00+00:00,141.68,142.02,141.39,141.52,2507532
2025-01-07 17:05:00+00:00,141.5299,141.725,141.34,141.665,2129307
2025-01-07 17:10:00+00:00,141.66,141.94,141.3729,141.87,2177129
2025-01-07 17:15:00+00:00,141.83,141.8799,141.4849,141.671,2081790
2025-01-07 17:20:00+00:00,141.69,141.89,141.12,141.12,2034886
2025-01-07 17:25:00+00:00,141.12,141.52,141.12,141.429,1853832
2025-01-07 17:30:00+00:00,141.43,142.13,141.31,141.965,2116801
2025-01-07 17:35:00+00:00,141.96,142.1,141.75,141.969,1706379
2025-01-07 17:40:00+00:00,141.95,142.05,141.65,141.8701,1384372
2025-01-07 17:45:00+00:00,141.8797,141.8999,141.32,141.67,1836352
2025-01-07 17:50:00+00:00,141.67,142.08,141.58,142.05,1385988
2025-01-07 17:55:00+00:00,142.04,142.3,141.92,142.27,1580938
2025-01-07 18:00:00+00:00,142.2602,142.55,142.09,142.54,1721638
2025-01-07 18:05:00+00:00,142.545,142.7299,142.43,142.71,1915729
2025-01-07 18:10:00+00:00,142.68,143.25,142.6402,143.237,2647472
2025-01-07 18:15:00+00:00,143.2387,143.25,142.78,143.23,2500349
2025-01-07 18:20:00+00:00,143.215,143.29,142.89,143.02,2274726
2025-01-07 18:25:00+00:00,143.0284,143.45,142.93,143.115,1958751
2025-01-07 18:30:00+00:00,143.11,143.17,142.68,142.8299,1723032
2025-01-07 18:35:00+00:00,142.811,142.86,142.3,142.49,1677163
2025-01-07 18:40:00+00:00,142.49,142.52,142.14,142.26,1327888
2025-01-07 18:45:00+00:00,142.26,142.42,142.01,142.01,1654619
2025-01-07 18:50:00+00:00,142.01,142.23,141.91,142.155,1676202
2025-01-07 18:55:00+00:00,142.1515,142.1584,141.9301,142.0399,956214
2025-01-07 19:00:00+00:00,142.035,142.51,142.0046,142.4,1598951
2025-01-07 19:05:00+00:00,142.395,142.53,142.18,142.28,1380471
2025-01-07 19:10:00+00:00,142.275,142.28,142.0,142.04,1512604
2025-01-07 19:15:00+00:00,142.04,142.049,141.75,141.89,1815188
2025-01-07 19:20:00+00:00,141.88,141.89,141.49,141.6072,1700992
2025-01-07 19:25:00+00:00,141.61,141.72,141.4,141.6401,1581531
2025-01-07 19:30:00+00:00,141.64,141.66,141.34,141.42,1583562
2025-01-07 19:35:00+00:00,141.425,141.53,141.17,141.2691,1526276
2025-01-07 19:40:00+00:00,141.26,141.5422,141.08,141.4701,1881676
2025-01-07 19:45:00+00:00,141.475,141.6,141.23,141.275,1424245
2025-01-07 19:50:00+00:00,141.28,141.53,141.26,141.33,1219425
2025-01-07 19:55:00+00:00,141.34,141.45,141.15,141.25,1524793
2025-01-07 20:00:00+00:00,141.26,141.56,141.11,141.4913,2047601
2025-01-07 20:05:00+00:00,141.49,141.58,141.0,141.062,2302288
2025-01-07 20:10:00+00:00,141.069,141.21,140.78,140.93,3584841
2025-01-07 20:15:00+00:00,140.94,141.12,140.67,140.735,2247007
2025-01-07 20:20:00+00:00,140.73,140.75,140.44,140.562,2850524
2025-01-07 20:25:00+00:00,140.575,140.9,140.48,140.6,2743449
2025-01-07 20:30:00+00:00,140.61,140.8,140.13,140.17,2663005
2025-01-07 20:35:00+00:00,140.17,140.68,140.01,140.67,3490567
2025-01-07 20:40:00+00:00,140.66,141.3,140.63,140.675,3953148
2025-01-07 20:45:00+00:00,140.67,141.09,140.59,140.8602,3074522
2025-01-07 20:50:00+00:00,140.85,140.97,140.06,140.155,4767890
2025-01-07 20:55:00+00:00,140.15,140.68,140.11,140.12,7460883
2025-01-07 21:00:00+00:00,140.12,140.41,140.11,140.29,25042492
2025-01-07 21:05:00+00:00,140.295,140.46,140.01,140.43,423505
2025-01-07 21:10:00+00:00,140.42,140.85,140.42,140.7,331358
2025-01-07 21:15:00+00:00,140.7,140.85,140.535,140.84,205656
2025-01-07 21:20:00+00:00,140.82,140.82,140.61,140.72,177067
2025-01-07 21:25:00+00:00,140.72,140.75,140.14,140.63,245266
2025-01-07 21:30:00+00:00,140.6005,140.75,140.57,140.74,115116
2025-01-07 21:35:00+00:00,140.7,140.9,140.7,140.8999,924496
2025-01-07 21:40:00+00:00,140.9,140.97,140.8,140.9191,191536
2025-01-07 21:45:00+00:00,140.89,141.22,140.89,141.22,205513
2025-01-07 21:50:00+00:00,141.2002,141.39,141.17,141.19,261272
2025-01-07 21:55:00+00:00,141.2,141.39,140.14,141.39,133131
2025-01-07 22:00:00+00:00,141.36,141.58,141.36,141.4,208871
2025-01-07 22:05:00+00:00,141.38,141.5,141.25,141.42,117274
2025-01-07 22:10:00+00:00,141.4001,141.43,141.2,141.28,89409
2025-01-07 22:15:00+00:00,141.28,141.35,141.21,141.27,56728
2025-01-07 22:20:00+00:00,141.28,141.28,141.09,141.2,89103
2025-01-07 22:25:00+00:00,141.13,141.28,141.13,141.26,41665
2025-01-07 22:30:00+00:00,141.26,141.35,141.23,141.27,95271
2025-01-07 22:35:00+00:00,141.29,141.35,141.27,141.31,55367
2025-01-07 22:40:00+00:00,141.3,141.33,141.23,141.29,41044
2025-01-07 22:45:00+00:00,141.26,141.3,141.23,141.28,30242
2025-01-07 22:50:00+00:00,141.28,141.3,141.19,141.2,59030
2025-01-07 22:55:00+00:00,141.2,141.24,141.17,141.2291,33538
2025-01-07 23:00:00+00:00,141.21,141.25,141.11,141.21,52477
2025-01-07 23:05:00+00:00,141.21,141.23,141.0,141.03,77250
2025-01-07 23:10:00+00:00,141.0301,141.22,141.0301,141.16,62031
2025-01-07 23:15:00+00:00,141.15,141.15,141.08,141.1199,42249
2025-01-07 23:20:00+00:00,141.11,141.13,141.02,141.03,43329
2025-01-07 23:25:00+00:00,141.0501,141.11,141.03,141.06,54654
2025-01-07 23:30:00+00:00,141.06,141.12,141.0301,141.1093,39692
2025-01-07 23:35:00+00:00,141.12,141.38,141.12,141.35,85454
2025-01-07 23:40:00+00:00,141.33,141.48,141.33,141.4501,86386
2025-01-07 23:45:00+00:00,141.47,141.47,141.3359,141.3501,41926
2025-01-07 23:50:00+00:00,141.36,141.42,141.33,141.399,30683
2025-01-07 23:55:00+00:00,141.4,141.5,141.36,141.45,64821
2025-01-08 00:00:00+00:00,141.47,141.65,141.3674,141.6398,94038
2025-01-08 00:05:00+00:00,141.62,141.64,141.5033,141.54,52375
2025-01-08 00:10:00+00:00,141.54,141.6,141.5,141.52,42031
2025-01-08 00:15:00+00:00,141.54,141.69,141.53,141.65,60825
2025-01-08 00:20:00+00:00,141.65,141.67,141.55,141.6199,50643
2025-01-08 00:25:00+00:00,141.6,141.64,141.6,141.61,38258
2025-01-08 00:30:00+00:00,141.62,141.64,141.55,141.57,66153
2025-01-08 00:35:00+00:00,141.5699,141.58,141.4301,141.4898,57714
2025-01-08 00:40:00+00:00,141.48,141.6,141.46,141.5998,41754
2025-01-08 00:45:00+00:00,141.59,141.67,141.5501,141.67,53296
2025-01-08 00:50:00+00:00,141.6594,141.67,141.58,141.6,78719
2025-01-08 00:55:00+00:00,141.58,141.6,141.52,141.5999,112098
2025-01-08 09:00:00+00:00,142.25,142.79,141.75,142.38,213533
2025-01-08 09:05:00+00:00,142.33,142.55,142.0,142.55,146268
2025-01-08 09:10:00+00:00,142.54,142.74,142.5,142.7,83158
2025-01-08 09:15:00+00:00,142.69,142.7,142.4,142.43,71503
2025-01-08 09:20:00+00:00,142.43,142.49,142.3,142.39,47736
2025-01-08 09:25:00+00:00,142.4,142.7,142.4,142.67,38411
2025-01-08 09:30:00+00:00,142.68,142.75,142.54,142.58,41349
2025-01-08 09:35:00+00:00,142.57,142.62,142.2,142.32,72285
2025-01-08 09:40:00+00:00,142.3,142.58,142.3,142.58,47653
2025-01-08 09:45:00+00:00,142.55,142.6,142.4,142.57,25403
2025-01-08 09:50:00+00:00,142.58,142.6,142.54,142.56,44192
2025-01-08 09:55:00+00:00,142.55,142.65,142.54,142.65,31100
2025-01-08 10:00:00+00:00,142.65,142.7,142.6,142.62,39509
2025-01-08 10:05:00+00:00,142.6,142.63,142.56,142.63,28492
2025-01-08 10:10:00+00:00,142.62,142.77,142.6,142.73,41594
2025-01-08 10:15:00+00:00,142.73,142.74,142.67,142.67,25829
2025-01-08 10:20:00+00:00,142.7,142.72,142.56,142.72,31507
2025-01-08 10:25:00+00:00,142.72,142.74,142.66,142.73,33664
2025-01-08 10:30:00+00:00,142.72,142.78,142.5,142.5,61120
2025-01-08 10:35:00+00:00,142.51,142.64,142.5,142.62,34386
2025-01-08 10:40:00+00:00,142.64,142.68,142.61,142.68,17638
2025-01-08 10:45:00+00:00,142.66,142.81,142.64,142.68,30836
2025-01-08 10:50:00+00:00,142.67,142.74,142.66,142.72,19247
2025-01-08 10:55:00+00:00,142.74,142.75,142.67,142.72,25316
2025-01-08 11:00:00+00:00,142.74,142.75,142.67,142.67,22751
2025-01-08 11:05:00+00:00,142.69,142.69,142.32,142.55,66756
2025-01-08 11:10:00+00:00,142.53,142.63,142.37,142.43,49851
2025-01-08 11:15:00+00:00,142.42,142.42,142.25,142.31,59667
2025-01-08 11:20:00+00:00,142.31,142.4,142.26,142.26,26254
2025-01-08 11:25:00+00:00,142.26,142.28,141.8,141.85,143563
2025-01-08 11:30:00+00:00,141.86,141.9,141.03,141.6,245031
2025-01-08 11:35:00+00:00,141.59,142.09,141.11,141.18,138276
2025-01-08 11:40:00+00:00,141.11,141.41,141.01,141.3,136711
2025-01-08 11:45:00+00:00,141.27,141.65,141.2,141.6,130211
2025-01-08 11:50:00+00:00,141.58,141.84,141.49,141.65,110437
2025-01-08 11:55:00+00:00,141.65,141.85,141.62,141.7,35004
2025-01-08 12:00:00+00:00,141.71,141.93,141.15,141.15,268837
2025-01-08 12:05:00+00:00,141.13,141.48,140.95,141.32,150786
2025-01-08 12:10:00+00:00,141.34,141.62,140.85,140.85,125675
2025-01-08 12:15:00+00:00,140.9,140.9,140.32,140.32,205054
2025-01-08 12:20:00+00:00,140.31,140.54,140.0,140.28,346414
2025-01-08 12:25:00+00:00,140.26,140.53,140.1,140.37,192445
2025-01-08 12:30:00+00:00,140.4,140.48,140.15,140.36,184676
2025-01-08 12:35:00+00:00,140.31,141.34,140.31,141.01,293880
2025-01-08 12:40:00+00:00,141.03,141.2,140.84,141.11,133682
2025-01-08 12:45:00+00:00,141.12,141.19,140.66,140.7,86263
2025-01-08 12:50:00+00:00,140.71,140.86,140.58,140.73,65309
2025-01-08 12:55:00+00:00,140.72,140.72,140.46,140.58,107066
2025-01-08 13:00:00+00:00,141.8,142.772,140.0415,141.58,1938199
2025-01-08 13:05:00+00:00,141.6,141.66,141.0804,141.49,276057
2025-01-08 13:10:00+00:00,141.47,141.5,141.2549,141.47,125667
2025-01-08 13:15:00+00:00,141.49,141.85,141.4,141.7,248911
2025-01-08 13:20:00+00:00,141.7,141.99,141.69,141.94,251306
2025-01-08 13:25:00+00:00,141.95,141.99,141.7,141.8,240663
2025-01-08 13:30:00+00:00,141.7,142.23,141.21,141.2517,544561
2025-01-08 13:35:00+00:00,141.297,141.79,141.25,141.56,183564
2025-01-08 13:40:00+00:00,141.54,141.68,141.2,141.4801,146757
2025-01-08 13:45:00+00:00,141.51,141.82,141.25,141.7392,124440
2025-01-08 13:50:00+00:00,141.73,141.88,141.59,141.81,137381
2025-01-08 13:55:00+00:00,141.8114,142.3,141.8114,142.14,332353
2025-01-08 14:00:00+00:00,142.1,142.4,142.1,142.2101,308506
2025-01-08 14:05:00+00:00,142.2201,142.25,141.8,142.02,347871
2025-01-08 14:10:00+00:00,142.02,142.09,141.7,141.73,189104
2025-01-08 14:15:00+00:00,141.73,141.83,141.56,141.76,192339
2025-01-08 14:20:00+00:00,141.8,141.84,141.37,141.3995,210873
2025-01-08 14:25:00+00:00,141.4,142.7,141.4,142.59,727204
2025-01-08 14:30:00+00:00,142.59,143.24,141.49,142.49,10589649
2025-01-08 14:35:00+00:00,142.5,143.0,140.89,140.94,6305126
2025-01-08 14:40:00+00:00,140.98,142.8656,140.58,142.715,6132968
2025-01-08 14:45:00+00:00,142.73,142.97,141.75,142.97,4742578
2025-01-08 14:50:00+00:00,142.97,143.31,142.22,142.78,5571554
2025-01-08 14:55:00+00:00,142.785,143.19,142.36,143.078,3239007
2025-01-08 15:00:00+00:00,143.07,143.95,142.88,143.3224,5817982
2025-01-08 15:05:00+00:00,143.32,143.4201,141.93,141.95,4810335
2025-01-08 15:10:00+00:00,141.9427,142.14,139.6,139.81,7627507
2025-01-08 15:15:00+00:00,139.8,140.93,139.43,140.907,6320050
2025-01-08 15:20:00+00:00,140.91,141.04,139.9,140.91,4145456
2025-01-08 15:25:00+00:00,140.905,141.18,140.4,140.59,2709282
2025-01-08 15:30:00+00:00,140.58,141.03,140.24,140.78,2407297
2025-01-08 15:35:00+00:00,140.7898,141.5,140.68,140.77,2883572
2025-01-08 15:40:00+00:00,140.78,141.1,140.46,140.59,2282399
2025-01-08 15:45:00+00:00,140.58,140.86,140.33,140.52,1898523
2025-01-08 15:50:00+00:00,140.54,141.02,140.21,140.315,2551654
2025-01-08 15:55:00+00:00,140.31,140.61,137.56,140.54,2477390
2025-01-08 16:00:00+00:00,140.54,140.59,139.84,139.99,2893990
2025-01-08 16:05:00+00:00,140.02,140.13,139.43,139.93,2819829
2025-01-08 16:10:00+00:00,139.94,140.59,139.94,140.34,2516338
2025-01-08 16:15:00+00:00,140.3476,140.51,140.14,140.4,1303252
2025-01-08 16:20:00+00:00,140.4,140.92,140.4,140.69,2151283
2025-01-08 16:25:00+00:00,140.69,140.73,140.01,140.031,1452804
2025-01-08 16:30:00+00:00,140.04,140.44,140.03,140.19,1533553
2025-01-08 16:35:00+00:00,140.2,140.8,140.17,140.58,1736330
2025-01-08 16:40:00+00:00,140.585,140.79,140.33,140.68,1476001
2025-01-08 16:45:00+00:00,140.68,140.85,140.34,140.385,1384623
2025-01-08 16:50:00+00:00,140.39,140.49,140.27,140.365,1186755
2025-01-08 16:55:00+00:00,140.36,140.45,140.12,140.385,1236969
2025-01-08 17:00:00+00:00,140.39,140.42,139.96,139.981,1495804
2025-01-08 17:05:00+00:00,139.99,140.1,139.64,139.9201,1845997
2025-01-08 17:10:00+00:00,139.924,139.965,139.7301,139.78,1322262
2025-01-08 17:15:00+00:00,139.78,139.935,139.35,139.54,1952144
2025-01-08 17:20:00+00:00,139.55,139.74,139.01,139.0701,2115725
2025-01-08 17:25:00+00:00,139.08,139.15,138.03,138.1298,3942887
2025-01-08 17:30:00+00:00,138.13,138.7,137.89,138.635,3786937
2025-01-08 17:35:00+00:00,138.64,139.028,138.58,138.6676,1932047
2025-01-08 17:40:00+00:00,138.67,139.12,138.66,139.06,1655504
2025-01-08 17:45:00+00:00,139.06,139.19,138.78,139.01,1625638
2025-01-08 17:50:00+00:00,139.01,139.45,138.99,139.34,1524232
2025-01-08 17:55:00+00:00,139.33,139.59,139.15,139.43,1424702
2025-01-08 18:00:00+00:00,139.44,139.99,139.4,139.87,1850902
2025-01-08 18:05:00+00:00,139.865,139.98,139.658,139.889,1410144
2025-01-08 18:10:00+00:00,139.8876,140.42,139.86,140.28,2173125
2025-01-08 18:15:00+00:00,140.28,140.515,140.257,140.41,1692726
2025-01-08 18:20:00+00:00,140.41,140.5,140.08,140.471,1555967
2025-01-08 18:25:00+00:00,140.475,140.85,140.46,140.62,2222893
2025-01-08 18:30:00+00:00,140.62,140.75,140.3101,140.38,1681466
2025-01-08 18:35:00+00:00,140.39,140.675,140.38,140.57,1208529
2025-01-08 18:40:00+00:00,140.5717,140.5718,140.16,140.36,1555110
2025-01-08 18:45:00+00:00,140.36,140.3859,140.0639,140.2,1390980
2025-01-08 18:50:00+00:00,140.2001,140.3297,139.66,139.8276,1797610
2025-01-08 18:55:00+00:00,139.822,140.1,139.81,140.025,1446765
2025-01-08 19:00:00+00:00,140.03,140.2,139.56,140.1,1675991
2025-01-08 19:05:00+00:00,140.105,141.0,140.09,140.98,2682986
2025-01-08 19:10:00+00:00,140.97,141.02,139.84,139.969,2937540
2025-01-08 19:15:00+00:00,139.98,140.46,139.97,140.415,1922617
2025-01-08 19:20:00+00:00,140.405,140.69,140.2801,140.6,1718684
2025-01-08 19:25:00+00:00,140.6,140.87,140.42,140.71,1765107
2025-01-08 19:30:00+00:00,140.7,140.71,140.27,140.399,1523972
2025-01-08 19:35:00+00:00,140.4,140.53,140.03,140.04,1655778
2025-01-08 19:40:00+00:00,140.06,140.215,139.88,140.11,1863691
2025-01-08 19:45:00+00:00,140.1,140.4099,139.99,140.1701,1313955
2025-01-08 19:50:00+00:00,140.1795,140.3,139.93,139.99,1063733
2025-01-08 19:55:00+00:00,140.0,140.29,139.92,140.14,1253545
2025-01-08 20:00:00+00:00,140.14,140.3,140.08,140.233,852506
2025-01-08 20:05:00+00:00,140.23,140.25,139.88,140.0,1229536
2025-01-08 20:10:00+00:00,139.99,140.1599,139.7001,139.76,1452324
2025-01-08 20:15:00+00:00,139.77,140.08,139.76,139.97,1411156
2025-01-08 20:20:00+00:00,139.9681,140.16,139.88,140.085,1173386
2025-01-08 20:25:00+00:00,140.085,140.15,139.91,139.9989,1007645
2025-01-08 20:30:00+00:00,139.98,140.05,139.8012,139.825,1030689
2025-01-08 20:35:00+00:00,139.825,140.06,139.78,139.85,1310679
2025-01-08 20:40:00+00:00,139.85,140.0501,139.81,139.99,1270821
2025-01-08 20:45:00+00:00,139.99,140.1799,139.93,139.9699,1492787
2025-01-08 20:50:00+00:00,139.97,140.29,139.81,140.0429,2772580
2025-01-08 20:55:00+00:00,140.04,140.235,139.95,140.06,4942870
2025-01-08 21:00:00+00:00,140.11,140.6421,140.06,140.08,17508209
2025-01-08 21:05:00+00:00,140.071,140.13,139.9,140.0,110872
2025-01-08 21:10:00+00:00,140.0,140.05,139.92,139.95,125872
2025-01-08 21:15:00+00:00,139.95,140.19,139.94,140.1215,868043
2025-01-08 21:20:00+00:00,140.1497,140.23,140.02,140.1299,74862
2025-01-08 21:25:00+00:00,140.11,140.2,140.04,140.1397,57925
2025-01-08 21:30:00+00:00,140.14,140.15,138.5,140.0966,187565
2025-01-08 21:35:00+00:00,139.71,139.86,137.7,138.42,912509
2025-01-08 21:40:00+00:00,138.36,138.74,137.5901,138.3,1201499
2025-01-08 21:45:00+00:00,138.37,138.6,137.97,138.59,287425
2025-01-08 21:50:00+00:00,138.5,138.75,138.35,138.7005,217511
2025-01-08 21:55:00+00:00,138.73,138.75,138.57,138.65,146964
2025-01-08 22:00:00+00:00,138.65,138.69,138.5501,138.595,83583
2025-01-08 22:05:00+00:00,138.58,138.75,138.58,138.72,2070295
2025-01-08 22:10:00+00:00,138.71,138.9385,138.68,138.93,77438
2025-01-08 22:15:00+00:00,138.94,139.16,138.66,138.78,212183
2025-01-08 22:20:00+00:00,138.7899,138.84,138.71,138.75,69933
2025-01-08 22:25:00+00:00,138.75,138.8,138.5001,138.62,144925
2025-01-08 22:30:00+00:00,138.62,138.7779,138.55,138.7,89271
2025-01-08 22:35:00+00:00,138.73,138.88,138.7,138.82,104972
2025-01-08 22:40:00+00:00,138.8499,139.0,138.81,138.93,66096
2025-01-08 22:45:00+00:00,138.92,139.07,138.83,138.85,64490
2025-01-08 22:50:00+00:00,138.86,138.9,138.8,138.9,58042
2025-01-08 22:55:00+00:00,138.9,138.97,138.83,138.93,50070
2025-01-08 23:00:00+00:00,138.91,139.0,138.9,138.9645,55849
2025-01-08 23:05:00+00:00,138.975,139.15,138.975,139.14,38928
2025-01-08 23:10:00+00:00,139.14,139.16,138.8,138.81,84471
2025-01-08 23:15:00+00:00,138.8498,138.92,138.81,138.91,30074
2025-01-08 23:20:00+00:00,138.9,138.92,138.8,138.85,54212
2025-01-08 23:25:00+00:00,138.84,138.87,138.75,138.8,41899
2025-01-08 23:30:00+00:00,138.8,138.83,138.67,138.7,57071
2025-01-08 23:35:00+00:00,138.68,138.8,138.59,138.6901,60002
2025-01-08 23:40:00+00:00,138.6901,138.7,138.5,138.58,52121
2025-01-08 23:45:00+00:00,138.54,138.64,138.51,138.51,36933
2025-01-08 23:50:00+00:00,138.5391,138.56,138.51,138.52,58832
2025-01-08 23:55:00+00:00,138.5326,138.55,138.36,138.36,86159
2025-01-09 00:00:00+00:00,138.39,138.41,138.3,138.4099,76825
2025-01-09 00:05:00+00:00,138.41,138.55,138.36,138.53,54086
2025-01-09 00:10:00+00:00,138.54,138.55,138.45,138.48,42679
2025-01-09 00:15:00+00:00,138.485,138.4998,138.38,138.41,30123
2025-01-09 00:20:00+00:00,138.43,138.5152,138.4,138.4897,50181
2025-01-09 00:25:00+00:00,138.4899,138.64,138.4709,138.6,41391
2025-01-09 00:30:00+00:00,138.57,138.7,138.57,138.7,35950
2025-01-09 00:35:00+00:00,138.69,138.7,138.5,138.5099,64900
2025-01-09 00:40:00+00:00,138.5,138.64,138.5,138.63,41772
2025-01-09 00:45:00+00:00,138.6011,138.68,138.6,138.65,48931
2025-01-09 00:50:00+00:00,138.65,138.65,138.55,138.64,63164
2025-01-09 00:55:00+00:00,138.6497,138.6497,138.54,138.54,112027
2025-01-10 09:00:00+00:00,139.0,139.0,138.0,138.25,223535
2025-01-10 09:05:00+00:00,138.25,138.5,138.03,138.47,85118
2025-01-10 09:10:00+00:00,138.45,138.76,138.19,138.73,59250
2025-01-10 09:15:00+00:00,138.83,138.98,138.52,138.58,72698
2025-01-10 09:20:00+00:00,138.58,138.58,138.42,138.45,38744
2025-01-10 09:25:00+00:00,138.43,138.43,138.15,138.23,38132
2025-01-10 09:30:00+00:00,138.25,138.5,138.16,138.44,57195
2025-01-10 09:35:00+00:00,138.44,138.6,138.44,138.5,25803
2025-01-10 09:40:00+00:00,138.49,138.62,138.28,138.28,24780
2025-01-10 09:45:00+00:00,138.27,138.38,138.08,138.35,47009
2025-01-10 09:50:00+00:00,138.36,138.36,138.25,138.26,13633
2025-01-10 09:55:00+00:00,138.3,138.32,138.15,138.15,20225
2025-01-10 10:00:00+00:00,138.17,138.3,138.1,138.19,36029
2025-01-10 10:05:00+00:00,138.18,138.18,137.91,138.08,59572
2025-01-10 10:10:00+00:00,138.1,138.33,138.04,138.32,35335
2025-01-10 10:15:00+00:00,138.35,138.38,138.26,138.36,13544
2025-01-10 10:20:00+00:00,138.31,138.44,138.12,138.43,30411
2025-01-10 10:25:00+00:00,138.45,138.59,138.43,138.49,26189
2025-01-10 10:30:00+00:00,138.58,138.6,138.47,138.52,18160
2025-01-10 10:35:00+00:00,138.52,138.78,138.52,138.78,20446
2025-01-10 10:40:00+00:00,138.79,139.12,138.79,139.1,116004
2025-01-10 10:45:00+00:00,139.11,139.18,139.02,139.02,23668
2025-01-10 10:50:00+00:00,139.02,139.06,138.94,139.01,21640
2025-01-10 10:55:00+00:00,138.97,138.98,138.3,138.77,195484
2025-01-10 11:00:00+00:00,138.76,138.95,138.3,138.94,72428
2025-01-10 11:05:00+00:00,138.92,139.2,138.86,139.19,35813
2025-01-10 11:10:00+00:00,139.23,139.6,139.23,139.45,55514
2025-01-10 11:15:00+00:00,139.43,139.46,139.28,139.35,30148
2025-01-10 11:20:00+00:00,139.36,139.36,139.17,139.26,27195
2025-01-10 11:25:00+00:00,139.25,139.4,138.98,139.26,84023
2025-01-10 11:30:00+00:00,139.3,139.5,139.02,139.08,40950
2025-01-10 11:35:00+00:00,139.11,139.19,139.03,139.19,12487
2025-01-10 11:40:00+00:00,139.19,139.38,139.15,139.34,20721
2025-01-10 11:45:00+00:00,139.3,139.33,139.2,139.32,21927
2025-01-10 11:50:00+00:00,139.32,139.33,139.12,139.13,20774
2025-01-10 11:55:00+00:00,139.12,139.25,139.11,139.11,17134
2025-01-10 12:00:00+00:00,139.06,139.11,137.98,138.12,435476
2025-01-10 12:05:00+00:00,138.1,138.14,137.5,137.95,306912
2025-01-10 12:10:00+00:00,137.95,138.205,137.73,137.95,251453
2025-01-10 12:15:00+00:00,137.97,138.18,137.911,138.13,59550
2025-01-10 12:20:00+00:00,138.1,138.18,137.92,137.96,60147
2025-01-10 12:25:00+00:00,137.95,137.99,137.77,137.85,57180
2025-01-10 12:30:00+00:00,137.87,137.95,137.76,137.94,89138
2025-01-10 12:35:00+00:00,137.92,138.1,137.92,138.1,38898
2025-01-10 12:40:00+00:00,138.1,138.1,137.96,138.02,55485
2025-01-10 12:45:00+00:00,138.0,138.0,137.68,137.84,87488
2025-01-10 12:50:00+00:00,137.84,138.01,137.81,137.98,58213
2025-01-10 12:55:00+00:00,137.99,138.04,137.93,138.0,50920
2025-01-10 13:00:00+00:00,138.96,139.49,137.5107,138.1,950636
2025-01-10 13:05:00+00:00,138.08,138.1,137.95,138.0,105488
2025-01-10 13:10:00+00:00,137.9995,138.0,137.8,137.8693,141438
2025-01-10 13:15:00+00:00,137.85,137.86,137.6,137.79,209201
2025-01-10 13:20:00+00:00,137.7701,137.8,137.49,137.49,215066
2025-01-10 13:25:00+00:00,137.49,137.7,137.47,137.64,169730
2025-01-10 13:30:00+00:00,137.67,137.72,135.45,135.5101,1619165
2025-01-10 13:35:00+00:00,135.549,136.5,135.33,136.3589,1093671
2025-01-10 13:40:00+00:00,136.3599,136.7122,136.26,136.46,490318
2025-01-10 13:45:00+00:00,136.4,136.95,136.38,136.87,448499
2025-01-10 13:50:00+00:00,136.92,136.92,136.45,136.87,330083
2025-01-10 13:55:00+00:00,136.88,136.94,136.44,136.4894,214350
2025-01-10 14:00:00+00:00,136.45,136.749,136.35,136.74,262258
2025-01-10 14:05:00+00:00,136.74,137.0,136.6312,136.88,599755
2025-01-10 14:10:00+00:00,136.9,137.02,136.81,136.96,206001
2025-01-10 14:15:00+00:00,136.95,137.4399,136.94,137.05,340933
2025-01-10 14:20:00+00:00,137.03,137.31,137.0,137.31,235747
2025-01-10 14:25:00+00:00,137.32,138.07,137.31,137.44,364068
2025-01-10 14:30:00+00:00,137.45,137.8,135.24,135.47,10928509
2025-01-10 14:35:00+00:00,135.46,136.0,134.77,135.2499,8120107
2025-01-10 14:40:00+00:00,135.23,136.0,134.93,135.9501,5092138
2025-01-10 14:45:00+00:00,135.96,136.26,134.65,134.82,5888812
2025-01-10 14:50:00+00:00,134.82,135.26,134.61,135.01,4181717
2025-01-10 14:55:00+00:00,135.02,135.5,134.9,135.38,3141388
2025-01-10 15:00:00+00:00,135.4,135.4,134.36,134.7,5346988
2025-01-10 15:05:00+00:00,134.7,135.06,134.22,134.32,4052793
2025-01-10 15:10:00+00:00,134.3,134.72,134.26,134.64,3066418
2025-01-10 15:15:00+00:00,134.649,135.31,134.63,135.2316,3619445
2025-01-10 15:20:00+00:00,135.2347,135.89,135.12,135.83,3451144
2025-01-10 15:25:00+00:00,135.84,136.17,135.48,136.1513,3304074
2025-01-10 15:30:00+00:00,136.159,136.161,135.78,135.89,2455947
2025-01-10 15:35:00+00:00,135.89,136.75,135.7798,136.64,3195674
2025-01-10 15:40:00+00:00,136.63,136.8,136.2631,136.42,2684908
2025-01-10 15:45:00+00:00,136.42,139.92,136.31,137.15,4118655
2025-01-10 15:50:00+00:00,137.1516,137.1516,135.9301,136.287,3745984
2025-01-10 15:55:00+00:00,136.2832,136.4,135.56,135.62,2750931
2025-01-10 16:00:00+00:00,135.61,135.77,135.17,135.49,2287442
2025-01-10 16:05:00+00:00,135.49,135.72,135.21,135.48,1920557
2025-01-10 16:10:00+00:00,135.47,135.71,135.12,135.1976,2017587
2025-01-10 16:15:00+00:00,135.19,135.86,135.17,135.35,2096343
2025-01-10 16:20:00+00:00,135.36,135.88,135.34,135.64,1570056
2025-01-10 16:25:00+00:00,135.64,135.82,135.35,135.62,1391144
2025-01-10 16:30:00+00:00,135.61,135.79,135.395,135.47,1476849
2025-01-10 16:35:00+00:00,135.47,135.61,135.0,135.0925,1997017
2025-01-10 16:40:00+00:00,135.11,135.94,135.1,135.9028,2092038
2025-01-10 16:45:00+00:00,135.92,136.13,135.6842,135.715,1795227
2025-01-10 16:50:00+00:00,135.73,135.97,135.66,135.726,1190597
2025-01-10 16:55:00+00:00,135.725,135.77,135.01,135.08,1919501
2025-01-10 17:00:00+00:00,135.09,135.31,135.03,135.175,1438876
2025-01-10 17:05:00+00:00,135.175,135.49,135.13,135.224,1780633
2025-01-10 17:10:00+00:00,135.23,135.4401,135.15,135.37,1037271
2025-01-10 17:15:00+00:00,135.3637,135.705,135.3201,135.66,1380459
2025-01-10 17:20:00+00:00,135.665,135.716,135.35,135.64,1233564
2025-01-10 17:25:00+00:00,135.635,136.2,135.6344,136.17,1940380
2025-01-10 17:30:00+00:00,136.16,136.38,136.1,136.29,1289860
2025-01-10 17:35:00+00:00,136.28,136.5,136.1326,136.3203,1270008
2025-01-10 17:40:00+00:00,136.32,136.5896,136.28,136.35,1235434
2025-01-10 17:45:00+00:00,136.35,136.43,136.11,136.42,1228720
2025-01-10 17:50:00+00:00,136.41,136.69,136.32,136.5201,1257825
2025-01-10 17:55:00+00:00,136.54,136.73,136.41,136.6538,1152179
2025-01-10 18:00:00+00:00,136.655,136.655,136.28,136.4,1212239
2025-01-10 18:05:00+00:00,136.39,136.685,136.3,136.6388,1107739
2025-01-10 18:10:00+00:00,136.635,136.895,136.58,136.6399,1343576
2025-01-10 18:15:00+00:00,136.63,136.6664,136.27,136.45,1324441
2025-01-10 18:20:00+00:00,136.46,136.74,136.31,136.505,1444433
2025-01-10 18:25:00+00:00,136.506,136.85,136.275,136.53,1551627
2025-01-10 18:30:00+00:00,136.5485,136.8,136.31,136.64,1270888
2025-01-10 18:35:00+00:00,136.64,136.71,136.5,136.58,971512
2025-01-10 18:40:00+00:00,136.58,136.66,136.4,136.55,966177
2025-01-10 18:45:00+00:00,136.55,136.7,136.4,136.69,1094707
2025-01-10 18:50:00+00:00,136.68,136.75,136.461,136.64,1036237
2025-01-10 18:55:00+00:00,136.64,137.1099,136.6,137.06,1731674
2025-01-10 19:00:00+00:00,137.07,137.0816,136.48,136.5095,1520249
2025-01-10 19:05:00+00:00,136.5172,136.53,135.86,135.89,2097078
2025-01-10 19:10:00+00:00,135.8957,136.12,135.77,136.03,1419249
2025-01-10 19:15:00+00:00,136.04,136.1476,135.9,136.04,996981
2025-01-10 19:20:00+00:00,136.0449,136.1399,135.8,136.1,1109281
2025-01-10 19:25:00+00:00,136.1,136.36,136.03,136.24,1193661
2025-01-10 19:30:00+00:00,136.23,136.32,136.01,136.15,993473
2025-01-10 19:35:00+00:00,136.16,136.32,136.02,136.3099,822409
2025-01-10 19:40:00+00:00,136.31,136.38,135.9901,136.15,1297776
2025-01-10 19:45:00+00:00,136.14,136.19,135.95,135.9612,905567
2025-01-10 19:50:00+00:00,135.96,136.17,135.91,136.1288,822809
2025-01-10 19:55:00+00:00,136.125,136.3,136.09,136.22,1302392
2025-01-10 20:00:00+00:00,136.22,136.4667,136.05,136.31,1117443
2025-01-10 20:05:00+00:00,136.3211,136.435,136.15,136.1601,1312985
2025-01-10 20:10:00+00:00,136.18,136.25,135.74,135.845,1465327
2025-01-10 20:15:00+00:00,135.835,135.92,135.47,135.6,1752680
2025-01-10 20:20:00+00:00,135.605,135.73,135.42,135.595,1556538
2025-01-10 20:25:00+00:00,135.6,135.7,135.48,135.65,1341221
2025-01-10 20:30:00+00:00,135.63,135.77,135.42,135.65,1724660
2025-01-10 20:35:00+00:00,135.65,135.85,135.5584,135.655,1563508
2025-01-10 20:40:00+00:00,135.66,135.93,135.615,135.7913,1526069
2025-01-10 20:45:00+00:00,135.7911,135.82,135.63,135.68,1439788
2025-01-10 20:50:00+00:00,135.685,136.055,135.62,136.0309,2752705
2025-01-10 20:55:00+00:00,136.03,136.13,135.84,135.86,4956631
2025-01-10 21:00:00+00:00,135.86,136.09,135.85,135.92,22094068
2025-01-10 21:05:00+00:00,135.93,136.0,135.82,135.9399,1996824
2025-01-10 21:10:00+00:00,135.92,136.0,135.865,136.0,60827
2025-01-10 21:15:00+00:00,135.95,136.03,135.91,136.0004,250104
2025-01-10 21:20:00+00:00,136.03,136.0488,135.91,135.9503,118516
2025-01-10 21:25:00+00:00,135.97,136.05,135.94,136.03,35338
2025-01-10 21:30:00+00:00,136.03,136.05,136.0,136.0,52039
2025-01-10 21:35:00+00:00,136.0,136.06,135.92,135.92,94711
2025-01-10 21:40:00+00:00,135.9201,136.03,135.9201,136.0,28972
2025-01-10 21:45:00+00:00,136.0,136.0199,135.96,136.0,26137
2025-01-10 21:50:00+00:00,135.99,136.0,135.95,135.96,1324061
2025-01-10 21:55:00+00:00,135.9751,136.0,135.95,135.9999,23873
2025-01-10 22:00:00+00:00,135.99,136.0,135.95,136.0,23878
2025-01-10 22:05:00+00:00,136.0,136.0,135.91,135.98,51195
2025-01-10 22:10:00+00:00,135.94,136.0,135.94,135.9804,18911
2025-01-10 22:15:00+00:00,135.9995,136.05,135.93,135.9799,26864
2025-01-10 22:20:00+00:00,135.98,135.98,135.95,135.95,16477
2025-01-10 22:25:00+00:00,135.94,135.94,135.88,135.88,27491
2025-01-10 22:30:00+00:00,135.87,135.95,135.86,135.95,23185
2025-01-10 22:35:00+00:00,135.95,135.97,135.88,135.92,18030
2025-01-10 22:40:00+00:00,135.93,135.95,135.9,135.905,14501
2025-01-10 22:45:00+00:00,135.9155,135.96,135.8997,135.8997,9281
2025-01-10 22:50:00+00:00,135.8999,135.8999,135.83,135.83,30483
2025-01-10 22:55:00+00:00,135.8492,135.85,135.81,135.81,24620
2025-01-10 23:00:00+00:00,135.8,135.83,135.7535,135.795,225688
2025-01-10 23:05:00+00:00,135.8286,135.8299,135.8,135.81,7400
2025-01-10 23:10:00+00:00,135.8299,135.83,135.8,135.805,12727
2025-01-10 23:15:00+00:00,135.81,135.8201,135.8,135.805,11524
2025-01-10 23:20:00+00:00,135.805,135.815,135.72,135.81,25620
2025-01-10 23:25:00+00:00,135.79,135.7999,135.75,135.78,33631
2025-01-10 23:30:00+00:00,135.78,135.83,135.7702,135.8,28591
2025-01-10 23:35:00+00:00,135.81,135.81,135.77,135.81,6528
2025-01-10 23:40:00+00:00,135.8,135.81,135.76,135.77,19969
2025-01-10 23:45:00+00:00,135.765,135.83,135.75,135.75,17750
2025-01-10 23:50:00+00:00,135.79,135.8,135.75,135.7702,11136
2025-01-10 23:55:00+00:00,135.7994,135.7994,135.75,135.77,26111
2025-01-11 00:00:00+00:00,135.8,135.8,135.73,135.75,26258
2025-01-11 00:05:00+00:00,135.73,135.77,135.73,135.74,12514
2025-01-11 00:10:00+00:00,135.73,135.7787,135.73,135.7401,21465
2025-01-11 00:15:00+00:00,135.76,135.76,135.67,135.6999,26605
2025-01-11 00:20:00+00:00,135.7,135.76,135.68,135.71,13517
2025-01-11 00:25:00+00:00,135.7,135.7399,135.6801,135.71,13532
2025-01-11 00:30:00+00:00,135.72,135.7207,135.6901,135.71,26579
2025-01-11 00:35:00+00:00,135.72,135.72,135.66,135.69,19657
2025-01-11 00:40:00+00:00,135.67,135.68,135.6,135.68,26211
2025-01-11 00:45:00+00:00,135.68,135.68,135.61,135.62,20550
2025-01-11 00:50:00+00:00,135.62,135.65,135.6,135.645,44512
2025-01-11 00:55:00+00:00,135.6304,135.6499,135.6,135.61,52543
2025-01-13 09:00:00+00:00,133.2,134.31,132.28,132.46,361074
2025-01-13 09:05:00+00:00,132.47,132.89,132.23,132.73,155768
2025-01-13 09:10:00+00:00,132.7,132.72,132.21,132.43,98242
2025-01-13 09:15:00+00:00,132.35,132.48,131.9,132.43,173914
2025-01-13 09:20:00+00:00,132.41,132.41,131.95,132.0,180098
2025-01-13 09:25:00+00:00,131.99,132.29,131.97,132.27,92048
2025-01-13 09:30:00+00:00,132.24,132.32,132.01,132.01,103445
2025-01-13 09:35:00+00:00,132.04,132.29,132.02,132.17,180260
2025-01-13 09:40:00+00:00,132.19,132.21,131.67,131.89,246070
2025-01-13 09:45:00+00:00,131.91,132.18,131.87,131.97,122515
2025-01-13 09:50:00+00:00,131.95,131.97,131.85,131.89,39719
2025-01-13 09:55:00+00:00,131.89,132.0,131.86,131.95,112575
2025-01-13 10:00:00+00:00,131.99,132.01,131.92,131.98,98875
2025-01-13 10:05:00+00:00,132.0,132.0,131.79,131.85,129977
2025-01-13 10:10:00+00:00,131.85,131.99,131.71,131.9,102994
2025-01-13 10:15:00+00:00,131.87,131.87,131.45,131.65,172360
2025-01-13 10:20:00+00:00,131.64,131.87,131.6,131.71,69028
2025-01-13 10:25:00+00:00,131.71,131.94,131.71,131.8,71023
2025-01-13 10:30:00+00:00,131.81,132.02,131.81,131.95,149355
2025-01-13 10:35:00+00:00,131.95,132.13,131.8,131.89,132098
2025-01-13 10:40:00+00:00,131.87,131.87,131.7,131.85,71712
2025-01-13 10:45:00+00:00,131.84,132.0,131.84,131.9,125726
2025-01-13 10:50:00+00:00,131.94,131.95,131.66,131.7,58382
2025-01-13 10:55:00+00:00,131.66,131.8,131.61,131.7,61856
2025-01-13 11:00:00+00:00,131.67,131.96,131.37,131.78,210906
2025-01-13 11:05:00+00:00,131.79,131.88,131.45,131.51,69897
2025-01-13 11:10:00+00:00,131.51,131.56,131.36,131.5,94164
2025-01-13 11:15:00+00:00,131.5,131.6,131.41,131.55,110334
2025-01-13 11:20:00+00:00,131.53,131.75,131.4,131.4,73915
2025-01-13 11:25:00+00:00,131.41,131.5,131.38,131.48,76636
2025-01-13 11:30:00+00:00,131.49,131.68,131.39,131.64,61440
2025-01-13 11:35:00+00:00,131.6,131.85,131.51,131.6,71765
2025-01-13 11:40:00+00:00,131.6,131.63,131.45,131.48,64559
2025-01-13 11:45:00+00:00,131.48,131.5,131.41,131.47,74990
2025-01-13 11:50:00+00:00,131.46,131.78,131.46,131.7,122367
2025-01-13 11:55:00+00:00,131.69,131.76,131.6,131.7,133979
2025-01-13 12:00:00+00:00,131.7,132.0,131.2,131.25,630027
2025-01-13 12:05:00+00:00,131.23,131.58,131.0,131.04,428966
2025-01-13 12:10:00+00:00,131.08,131.41,131.03,131.26,147898
2025-01-13 12:15:00+00:00,131.25,131.49,131.15,131.48,89619
2025-01-13 12:20:00+00:00,131.48,131.85,131.43,131.84,146453
2025-01-13 12:25:00+00:00,131.81,131.93,131.6,131.74,133454
2025-01-13 12:30:00+00:00,131.76,132.0,131.57,131.98,175762
2025-01-13 12:35:00+00:00,131.95,132.29,131.95,132.2,159581
2025-01-13 12:40:00+00:00,132.21,132.32,132.15,132.23,125744
2025-01-13 12:45:00+00:00,132.24,132.33,132.05,132.12,90249
2025-01-13 12:50:00+00:00,132.12,132.45,132.12,132.27,116941
2025-01-13 12:55:00+00:00,132.27,132.3,132.04,132.04,163780
2025-01-13 13:00:00+00:00,132.05,134.4,131.01,131.88,1711620
2025-01-13 13:05:00+00:00,131.88,131.93,131.43,131.54,426926
2025-01-13 13:10:00+00:00,131.55,131.75,131.37,131.6897,229266
2025-01-13 13:15:00+00:00,131.6892,131.91,131.62,131.86,169358
2025-01-13 13:20:00+00:00,131.85,131.94,131.7,131.85,158277
2025-01-13 13:25:00+00:00,131.85,131.88,131.67,131.7,147060
2025-01-13 13:30:00+00:00,131.71,131.86,131.59,131.68,148171
2025-01-13 13:35:00+00:00,131.67,131.81,131.31,131.81,163048
2025-01-13 13:40:00+00:00,131.8,131.95,131.62,131.6901,216857
2025-01-13 13:45:00+00:00,131.6903,131.77,131.35,131.41,297912
2025-01-13 13:50:00+00:00,131.4585,131.5,131.3,131.39,273477
2025-01-13 13:55:00+00:00,131.39,131.5,131.22,131.45,229338
2025-01-13 14:00:00+00:00,131.45,131.49,130.66,130.69,1205520
2025-01-13 14:05:00+00:00,130.7191,131.06,130.53,130.67,587884
2025-01-13 14:10:00+00:00,130.66,130.7,130.02,130.09,1027367
2025-01-13 14:15:00+00:00,130.1,130.45,130.0,130.0799,762618
2025-01-13 14:20:00+00:00,130.06,130.18,129.11,129.16,1341802
2025-01-13 14:25:00+00:00,129.15,130.43,129.13,129.97,1584508
2025-01-13 14:30:00+00:00,129.99,131.68,129.51,130.945,14583620
2025-01-13 14:35:00+00:00,130.955,131.2799,129.63,130.9417,7979810
2025-01-13 14:40:00+00:00,130.93,131.45,130.05,131.35,5670977
2025-01-13 14:45:00+00:00,131.365,131.68,130.69,130.84,5119538
2025-01-13 14:50:00+00:00,130.83,132.23,130.77,132.015,4831270
2025-01-13 14:55:00+00:00,132.01,132.61,131.82,132.16,4572223
2025-01-13 15:00:00+00:00,132.16,132.27,131.47,131.95,3672437
2025-01-13 15:05:00+00:00,131.96,132.5,131.76,131.89,3453185
2025-01-13 15:10:00+00:00,131.87,132.16,131.51,131.605,2503117
2025-01-13 15:15:00+00:00,131.605,132.2,131.49,132.01,2761704
2025-01-13 15:20:00+00:00,132.01,132.24,131.09,131.17,2948333
2025-01-13 15:25:00+00:00,131.16,131.3677,130.62,130.73,3253741
2025-01-13 15:30:00+00:00,130.72,131.6,130.72,131.4975,3250287
2025-01-13 15:35:00+00:00,131.505,132.267,131.43,132.265,2684248
2025-01-13 15:40:00+00:00,132.2678,132.88,131.95,132.8,3311467
2025-01-13 15:45:00+00:00,132.8,133.1,132.53,133.05,2976198
2025-01-13 15:50:00+00:00,133.0499,133.11,132.185,132.35,2600035
2025-01-13 15:55:00+00:00,132.34,132.4498,131.76,131.875,2092713
2025-01-13 16:00:00+00:00,131.88,132.11,131.68,131.765,1811230
2025-01-13 16:05:00+00:00,131.77,131.79,131.39,131.57,2096441
2025-01-13 16:10:00+00:00,131.57,131.75,131.43,131.725,1900796
2025-01-13 16:15:00+00:00,131.73,131.88,131.4,131.455,1593338
2025-01-13 16:20:00+00:00,131.49,131.6,131.27,131.37,1547072
2025-01-13 16:25:00+00:00,131.39,131.795,131.365,131.635,1545424
2025-01-13 16:30:00+00:00,131.63,132.06,131.54,131.885,1655344
2025-01-13 16:35:00+00:00,131.89,132.24,131.83,131.89,1841918
2025-01-13 16:40:00+00:00,131.9,132.585,131.9,132.47,1972234
2025-01-13 16:45:00+00:00,132.49,132.64,132.35,132.5,1587793
2025-01-13 16:50:00+00:00,132.499,132.58,132.03,132.0399,1391703
2025-01-13 16:55:00+00:00,132.03,132.05,131.485,131.6001,1628295
2025-01-13 17:00:00+00:00,131.6099,131.66,131.3401,131.3998,1677588
2025-01-13 17:05:00+00:00,131.3971,131.71,131.14,131.63,1784026
2025-01-13 17:10:00+00:00,131.63,132.01,131.56,131.895,1542185
2025-01-13 17:15:00+00:00,131.89,132.26,131.86,132.2,1506860
2025-01-13 17:20:00+00:00,132.2,132.525,132.14,132.52,1423955
2025-01-13 17:25:00+00:00,132.52,132.84,132.49,132.63,1750049
2025-01-13 17:30:00+00:00,132.63,132.63,132.29,132.51,1439329
2025-01-13 17:35:00+00:00,132.51,132.61,132.19,132.2099,1102752
2025-01-13 17:40:00+00:00,132.2,132.267,131.96,132.0192,984308
2025-01-13 17:45:00+00:00,132.01,132.28,131.955,132.2195,832817
2025-01-13 17:50:00+00:00,132.22,132.36,132.02,132.08,917606
2025-01-13 17:55:00+00:00,132.085,132.5299,132.0,132.5016,1270737
2025-01-13 18:00:00+00:00,132.51,132.77,132.46,132.6409,1140902
2025-01-13 18:05:00+00:00,132.6404,132.74,132.48,132.61,1003175
2025-01-13 18:10:00+00:00,132.615,132.91,132.61,132.7602,1170257
2025-01-13 18:15:00+00:00,132.7652,132.7839,132.3,132.3118,1226427
2025-01-13 18:20:00+00:00,132.32,132.43,132.25,132.3,876330
2025-01-13 18:25:00+00:00,132.32,132.55,132.08,132.515,1068117
2025-01-13 18:30:00+00:00,132.52,132.6,132.26,132.5391,1222665
2025-01-13 18:35:00+00:00,132.5297,132.63,132.34,132.5245,951007
2025-01-13 18:40:00+00:00,132.52,132.5244,132.01,132.05,1086887
2025-01-13 18:45:00+00:00,132.055,132.45,132.01,132.35,1079095
2025-01-13 18:50:00+00:00,132.3501,132.42,132.05,132.07,818718
2025-01-13 18:55:00+00:00,132.07,132.21,132.03,132.1312,765398
2025-01-13 19:00:00+00:00,132.14,132.397,132.0,132.12,1094105
2025-01-13 19:05:00+00:00,132.13,132.39,132.08,132.12,1032416
2025-01-13 19:10:00+00:00,132.12,132.17,131.65,131.65,1482324
2025-01-13 19:15:00+00:00,131.65,131.8504,131.57,131.755,1430321
2025-01-13 19:20:00+00:00,131.7501,132.09,131.7,132.03,1020988
2025-01-13 19:25:00+00:00,132.021,132.34,131.9706,132.295,1175863
2025-01-13 19:30:00+00:00,132.2995,132.43,132.2,132.355,1103096
2025-01-13 19:35:00+00:00,132.3599,132.41,132.15,132.37,1039884
2025-01-13 19:40:00+00:00,132.365,132.53,132.2501,132.393,1124703
2025-01-13 19:45:00+00:00,132.4098,132.4799,131.94,131.995,1306507
2025-01-13 19:50:00+00:00,132.01,132.2,131.94,132.0399,854073
2025-01-13 19:55:00+00:00,132.035,132.51,132.02,132.4612,1495553
2025-01-13 20:00:00+00:00,132.46,132.465,132.19,132.2,1052557
2025-01-13 20:05:00+00:00,132.19,132.33,132.1,132.1759,1033977
2025-01-13 20:10:00+00:00,132.175,132.43,132.09,132.3752,1011384
2025-01-13 20:15:00+00:00,132.375,132.64,132.3,132.5779,1561646
2025-01-13 20:20:00+00:00,132.57,132.63,132.1,132.155,1498879
2025-01-13 20:25:00+00:00,132.16,132.31,132.1,132.1908,1466065
2025-01-13 20:30:00+00:00,132.2,132.5092,132.16,132.46,1337888
2025-01-13 20:35:00+00:00,132.4635,132.5,132.22,132.23,1324250
2025-01-13 20:40:00+00:00,132.24,132.4482,132.22,132.415,943933
2025-01-13 20:45:00+00:00,132.42,132.74,132.39,132.66,1689591
2025-01-13 20:50:00+00:00,132.68,133.2,132.67,133.1903,3283979
2025-01-13 20:55:00+00:00,133.195,133.49,133.1,133.24,5006149
2025-01-13 21:00:00+00:00,133.23,133.74,133.0,133.71,20786731
2025-01-13 21:05:00+00:00,133.47,133.95,133.23,133.9,430162
2025-01-13 21:10:00+00:00,133.8986,133.94,133.7,133.7201,104418
2025-01-13 21:15:00+00:00,133.73,133.93,133.7,133.9,105461
2025-01-13 21:20:00+00:00,133.9092,134.24,133.85,134.22,202845
2025-01-13 21:25:00+00:00,134.2,134.4,134.1402,134.29,155307
2025-01-13 21:30:00+00:00,134.3,134.33,134.13,134.1401,69246
2025-01-13 21:35:00+00:00,134.14,134.27,134.14,134.16,66297
2025-01-13 21:40:00+00:00,134.17,134.2699,134.14,134.2,61686
2025-01-13 21:45:00+00:00,134.24,134.2699,134.06,134.16,51913
2025-01-13 21:50:00+00:00,134.19,134.35,134.01,134.0349,66826
2025-01-13 21:55:00+00:00,134.02,134.16,133.89,134.13,102373
2025-01-13 22:00:00+00:00,134.13,134.2,134.0717,134.1269,50375
2025-01-13 22:05:00+00:00,134.15,134.28,134.1198,134.265,38889
2025-01-13 22:10:00+00:00,134.2785,134.4,134.25,134.3625,53352
2025-01-13 22:15:00+00:00,134.33,134.37,134.25,134.3,52586
2025-01-13 22:20:00+00:00,134.2988,134.3,134.25,134.2501,22300
2025-01-13 22:25:00+00:00,134.25,134.35,134.22,134.34,39240
2025-01-13 22:30:00+00:00,134.34,134.37,134.29,134.305,32780
2025-01-13 22:35:00+00:00,134.31,134.4,134.3,134.4,49129
2025-01-13 22:40:00+00:00,134.4,134.43,134.36,134.42,29591
2025-01-13 22:45:00+00:00,134.44,134.49,134.42,134.48,40633
2025-01-13 22:50:00+00:00,134.48,134.55,134.46,134.55,61709
2025-01-13 22:55:00+00:00,134.55,134.58,134.5005,134.57,42895
2025-01-13 23:00:00+00:00,134.57,134.74,134.57,134.7398,55319
2025-01-13 23:05:00+00:00,134.721,134.93,134.7,134.93,95443
2025-01-13 23:10:00+00:00,134.92,135.07,134.9,135.04,147210
2025-01-13 23:15:00+00:00,135.01,135.41,135.0,135.3899,152563
2025-01-13 23:20:00+00:00,135.39,135.48,134.9701,135.05,173828
2025-01-13 23:25:00+00:00,135.06,135.3,135.0516,135.275,73885
2025-01-13 23:30:00+00:00,135.29,135.43,135.26,135.43,95428
2025-01-13 23:35:00+00:00,135.44,135.55,135.4305,135.51,82464
2025-01-13 23:40:00+00:00,135.54,135.59,135.31,135.43,71838
2025-01-13 23:45:00+00:00,135.4399,135.44,135.3,135.3001,63858
2025-01-13 23:50:00+00:00,135.3001,135.36,135.25,135.3,32456
2025-01-13 23:55:00+00:00,135.28,135.3,135.1,135.19,61168
2025-01-14 00:00:00+00:00,135.15,135.19,134.96,134.96,53365
2025-01-14 00:05:00+00:00,134.951,134.98,134.74,134.77,96966
2025-01-14 00:10:00+00:00,134.76,134.76,134.5,134.64,63073
2025-01-14 00:15:00+00:00,134.64,134.69,134.6398,134.69,45759
2025-01-14 00:20:00+00:00,134.69,134.69,134.49,134.49,120524
2025-01-14 00:25:00+00:00,134.48,134.66,134.46,134.64,34329
2025-01-14 00:30:00+00:00,134.66,134.67,134.5,134.5609,41421
2025-01-14 00:35:00+00:00,134.59,134.64,134.55,134.605,33487
2025-01-14 00:40:00+00:00,134.61,134.65,134.61,134.65,21413
2025-01-14 00:45:00+00:00,134.635,134.66,134.5,134.56,59729
2025-01-14 00:50:00+00:00,134.56,134.94,134.56,134.8991,94156
2025-01-14 00:55:00+00:00,134.8992,134.99,134.82,134.93,111127
2025-01-14 09:00:00+00:00,136.0,136.21,135.5,135.75,186945
2025-01-14 09:05:00+00:00,135.75,136.03,135.65,135.9,71027
2025-01-14 09:10:00+00:00,135.88,136.0,135.8,135.9,50362
2025-01-14 09:15:00+00:00,135.92,135.98,135.8,135.88,66773
2025-01-14 09:20:00+00:00,135.89,136.21,135.86,136.15,44032
2025-01-14 09:25:00+00:00,136.14,136.24,135.97,136.21,39682
2025-01-14 09:30:00+00:00,136.21,136.25,136.1,136.24,31348
2025-01-14 09:35:00+00:00,136.25,136.33,136.23,136.24,37648
2025-01-14 09:40:00+00:00,136.2,136.3,136.09,136.29,25366
2025-01-14 09:45:00+00:00,136.3,136.3,136.05,136.12,30013
2025-01-14 09:50:00+00:00,136.12,136.12,135.98,135.98,32482
2025-01-14 09:55:00+00:00,135.97,135.98,135.67,135.86,43762
2025-01-14 10:00:00+00:00,135.88,136.34,135.76,136.25,75169
2025-01-14 10:05:00+00:00,136.26,136.35,136.2,136.27,35092
2025-01-14 10:10:00+00:00,136.25,136.25,135.75,135.9,64326
2025-01-14 10:15:00+00:00,135.88,136.07,135.88,135.97,13629
2025-01-14 10:20:00+00:00,135.93,135.96,135.62,135.9,45877
2025-01-14 10:25:00+00:00,135.9,135.97,135.79,135.88,45482
2025-01-14 10:30:00+00:00,135.85,136.07,135.85,136.04,20015
2025-01-14 10:35:00+00:00,136.05,136.07,135.9,135.93,19628
2025-01-14 10:40:00+00:00,135.95,135.97,135.79,135.91,23093
2025-01-14 10:45:00+00:00,135.91,136.08,135.9,136.04,19714
2025-01-14 10:50:00+00:00,136.03,136.06,135.94,135.95,16297
2025-01-14 10:55:00+00:00,135.95,135.98,135.92,135.95,15847
2025-01-14 11:00:00+00:00,135.9,135.92,135.75,135.76,48815
2025-01-14 11:05:00+00:00,135.77,135.78,135.5,135.7,64319
2025-01-14 11:10:00+00:00,135.7,135.7,135.67,135.7,23531
2025-01-14 11:15:00+00:00,135.7,135.86,135.59,135.6,95122
2025-01-14 11:20:00+00:00,135.6,135.6,135.31,135.4,106256
2025-01-14 11:25:00+00:00,135.4,135.5,135.25,135.42,44422
2025-01-14 11:30:00+00:00,135.38,135.45,135.11,135.41,39890
2025-01-14 11:35:00+00:00,135.38,135.38,135.11,135.18,18263
2025-01-14 11:40:00+00:00,135.19,135.56,135.18,135.54,49106
2025-01-14 11:45:00+00:00,135.54,135.55,135.32,135.35,22706
2025-01-14 11:50:00+00:00,135.33,135.46,135.28,135.39,26650
2025-01-14 11:55:00+00:00,135.34,135.4,135.15,135.36,27480
2025-01-14 12:00:00+00:00,135.37,135.74,135.25,135.739,148868
2025-01-14 12:05:00+00:00,135.74,135.75,135.0,135.02,162176
2025-01-14 12:10:00+00:00,135.03,135.2,134.67,134.9,177587
2025-01-14 12:15:00+00:00,134.94,135.04,134.62,134.65,77075
2025-01-14 12:20:00+00:00,134.64,134.7,134.25,134.36,164918
2025-01-14 12:25:00+00:00,134.41,134.83,134.4,134.63,70728
2025-01-14 12:30:00+00:00,134.62,134.8,134.42,134.79,48404
2025-01-14 12:35:00+00:00,134.79,134.85,134.65,134.77,34426
2025-01-14 12:40:00+00:00,134.75,134.91,134.62,134.9,92691
2025-01-14 12:45:00+00:00,134.89,135.06,134.7,134.78,84467
2025-01-14 12:50:00+00:00,134.76,134.78,134.53,134.58,37317
2025-01-14 12:55:00+00:00,134.57,135.1,134.57,135.09,93360
2025-01-14 13:00:00+00:00,135.37,136.3001,134.24,134.94,998713
2025-01-14 13:05:00+00:00,134.94,135.2,134.85,135.1389,98496
2025-01-14 13:10:00+00:00,135.11,135.1144,134.86,134.8602,66449
2025-01-14 13:15:00+00:00,134.8895,134.99,134.77,134.95,73873
2025-01-14 13:20:00+00:00,134.94,134.94,134.656,134.69,79989
2025-01-14 13:25:00+00:00,134.7,134.71,134.4499,134.7093,154044
2025-01-14 13:30:00+00:00,134.8,136.74,134.71,136.33,1059338
2025-01-14 13:35:00+00:00,136.389,136.4,135.55,136.0507,557899
2025-01-14 13:40:00+00:00,136.07,136.11,135.58,135.82,265723
2025-01-14 13:45:00+00:00,135.85,136.35,135.78,136.28,252080
2025-01-14 13:50:00+00:00,136.3,136.36,135.71,136.05,269091
2025-01-14 13:55:00+00:00,136.0393,136.15,135.68,135.889,189263
2025-01-14 14:00:00+00:00,135.85,135.98,135.49,135.7,193584
2025-01-14 14:05:00+00:00,135.68,135.92,135.6507,135.85,139850
2025-01-14 14:10:00+00:00,135.85,136.12,135.671,136.12,216530
2025-01-14 14:15:00+00:00,136.1,136.15,135.8204,135.9994,189270
2025-01-14 14:20:00+00:00,135.999,136.0395,135.84,136.02,144368
2025-01-14 14:25:00+00:00,136.04,136.35,135.98,136.04,285302
2025-01-14 14:30:00+00:00,136.04,136.38,134.94,135.535,7803527
2025-01-14 14:35:00+00:00,135.55,136.23,134.8805,136.0793,4416608
2025-01-14 14:40:00+00:00,136.07,136.07,135.1,135.26,4081669
2025-01-14 14:45:00+00:00,135.27,135.34,134.51,134.83,3946578
2025-01-14 14:50:00+00:00,134.83,134.9,133.64,133.83,4517620
2025-01-14 14:55:00+00:00,133.8326,134.19,133.35,133.5044,3528833
2025-01-14 15:00:00+00:00,133.52,134.05,133.07,133.7938,3994000
2025-01-14 15:05:00+00:00,133.79,134.29,133.62,134.2359,3078907
2025-01-14 15:10:00+00:00,134.24,134.25,133.84,134.1052,2498459
2025-01-14 15:15:00+00:00,134.11,134.56,133.85,133.8509,2740169
2025-01-14 15:20:00+00:00,133.8677,133.94,133.02,133.02,3432390
2025-01-14 15:25:00+00:00,133.0224,133.4,132.51,132.56,4227665
2025-01-14 15:30:00+00:00,132.56,132.9504,132.2,132.2624,3479454
2025-01-14 15:35:00+00:00,132.26,132.55,131.76,131.81,3740405
2025-01-14 15:40:00+00:00,131.81,132.499,131.81,132.345,2664274
2025-01-14 15:45:00+00:00,132.34,132.37,131.55,131.58,2917249
2025-01-14 15:50:00+00:00,131.585,131.93,131.37,131.81,3046725
2025-01-14 15:55:00+00:00,131.81,131.81,130.83,130.86,4828595
2025-01-14 16:00:00+00:00,130.8501,130.9804,130.32,130.5101,4601775
2025-01-14 16:05:00+00:00,130.5196,131.325,130.395,131.1352,3500193
2025-01-14 16:10:00+00:00,131.13,131.41,130.94,131.2588,2319436
2025-01-14 16:15:00+00:00,131.26,131.35,130.9,131.01,2144059
2025-01-14 16:20:00+00:00,131.005,131.48,130.86,131.2741,2029209
2025-01-14 16:25:00+00:00,131.28,131.59,130.96,130.981,2054140
2025-01-14 16:30:00+00:00,130.99,131.16,130.83,131.15,1798542
2025-01-14 16:35:00+00:00,131.15,131.198,130.8,130.9193,1518629
2025-01-14 16:40:00+00:00,130.9123,130.9878,130.685,130.73,1528416
2025-01-14 16:45:00+00:00,130.74,130.9799,130.7308,130.84,1280419
2025-01-14 16:50:00+00:00,130.85,131.11,130.71,130.7699,1470369
2025-01-14 16:55:00+00:00,130.77,130.92,130.51,130.5448,1601614
2025-01-14 17:00:00+00:00,130.54,130.89,130.45,130.85,1889202
2025-01-14 17:05:00+00:00,130.85,131.05,130.75,130.95,1229026
2025-01-14 17:10:00+00:00,130.95,131.24,130.9001,131.02,1307124
2025-01-14 17:15:00+00:00,131.035,131.185,130.94,130.9762,1036312
2025-01-14 17:20:00+00:00,130.98,131.01,130.66,130.83,1086153
2025-01-14 17:25:00+00:00,130.85,131.185,130.845,131.1375,968541
2025-01-14 17:30:00+00:00,131.135,131.137,130.69,130.74,979891
2025-01-14 17:35:00+00:00,130.75,130.8448,130.58,130.78,1057711
2025-01-14 17:40:00+00:00,130.79,131.175,130.7202,131.035,1050822
2025-01-14 17:45:00+00:00,131.03,131.1,130.79,130.85,909035
2025-01-14 17:50:00+00:00,130.85,131.11,130.8452,130.9748,945900
2025-01-14 17:55:00+00:00,130.98,131.0615,130.8,131.0199,856526
2025-01-14 18:00:00+00:00,131.01,131.27,130.97,131.26,1109398
2025-01-14 18:05:00+00:00,131.26,131.34,131.01,131.02,1154230
2025-01-14 18:10:00+00:00,131.0194,131.04,130.84,130.9752,1259241
2025-01-14 18:15:00+00:00,130.9706,131.34,130.87,131.25,1450855
2025-01-14 18:20:00+00:00,131.235,131.46,131.15,131.4218,1685342
2025-01-14 18:25:00+00:00,131.4209,131.8,131.41,131.656,1652191
2025-01-14 18:30:00+00:00,131.6558,131.8,131.475,131.51,1435387
2025-01-14 18:35:00+00:00,131.51,131.73,131.46,131.6684,1142432
2025-01-14 18:40:00+00:00,131.66,131.97,131.58,131.9052,1625636
2025-01-14 18:45:00+00:00,131.91,132.15,131.84,132.05,2270400
2025-01-14 18:50:00+00:00,132.052,132.3175,132.0,132.27,1366717
2025-01-14 18:55:00+00:00,132.271,132.2774,132.12,132.165,1198247
2025-01-14 19:00:00+00:00,132.16,132.36,132.06,132.11,1439914
2025-01-14 19:05:00+00:00,132.1058,132.29,131.995,132.1252,1354461
2025-01-14 19:10:00+00:00,132.125,132.1499,131.74,131.8817,1459273
2025-01-14 19:15:00+00:00,131.88,132.05,131.83,131.96,1089873
2025-01-14 19:20:00+00:00,131.955,132.18,131.85,132.13,1038274
2025-01-14 19:25:00+00:00,132.135,132.21,131.69,131.705,1372840
2025-01-14 19:30:00+00:00,131.7095,131.84,131.53,131.7499,1408780
2025-01-14 19:35:00+00:00,131.74,132.04,131.725,131.845,1066924
2025-01-14 19:40:00+00:00,131.85,131.94,131.55,131.5799,1105880
2025-01-14 19:45:00+00:00,131.58,131.6599,131.49,131.5742,1102736
2025-01-14 19:50:00+00:00,131.5712,131.7212,131.03,131.081,1756181
2025-01-14 19:55:00+00:00,131.09,131.135,130.42,130.48,3039933
2025-01-14 20:00:00+00:00,130.48,130.68,130.06,130.14,2713726
2025-01-14 20:05:00+00:00,130.13,130.77,130.05,130.65,2501994
2025-01-14 20:10:00+00:00,130.65,130.65,130.3201,130.494,1586455
2025-01-14 20:15:00+00:00,130.485,130.87,130.485,130.74,1560545
2025-01-14 20:20:00+00:00,130.75,130.94,130.5103,130.915,2342903
2025-01-14 20:25:00+00:00,130.916,130.9799,130.635,130.7958,1428582
2025-01-14 20:30:00+00:00,130.795,131.02,130.645,130.76,1519484
2025-01-14 20:35:00+00:00,130.755,131.02,130.5,130.52,1789399
2025-01-14 20:40:00+00:00,130.52,130.8,130.46,130.7501,1942881
2025-01-14 20:45:00+00:00,130.76,131.01,130.745,130.84,1742268
2025-01-14 20:50:00+00:00,130.84,131.29,130.83,131.15,2966787
2025-01-14 20:55:00+00:00,131.15,131.85,131.06,131.85,5103389
2025-01-14 21:00:00+00:00,131.85,132.17,131.7401,132.15,15167231
2025-01-14 21:05:00+00:00,132.1406,132.2,132.0,132.06,272967
2025-01-14 21:10:00+00:00,132.06,132.0894,131.76,131.94,151710
2025-01-14 21:15:00+00:00,131.94,132.17,131.94,132.17,146135
2025-01-14 21:20:00+00:00,132.1509,132.19,131.91,131.937,153156
2025-01-14 21:25:00+00:00,131.98,132.1,131.92,132.08,52670
2025-01-14 21:30:00+00:00,132.098,132.098,131.99,131.99,39423
2025-01-14 21:35:00+00:00,131.99,132.0993,131.76,132.02,58758
2025-01-14 21:40:00+00:00,132.0101,132.06,131.97,132.03,43907
2025-01-14 21:45:00+00:00,132.03,132.03,131.82,131.9,56358
2025-01-14 21:50:00+00:00,131.8704,131.96,131.8544,131.91,21775
2025-01-14 21:55:00+00:00,131.93,131.99,131.9,131.9101,44767
2025-01-14 22:00:00+00:00,131.9497,131.9498,131.831,131.8505,31459
2025-01-14 22:05:00+00:00,131.8695,131.87,131.7505,131.79,65520
2025-01-14 22:10:00+00:00,131.7895,131.7895,131.6,131.6511,64378
2025-01-14 22:15:00+00:00,131.7,131.7,131.27,131.36,161780
2025-01-14 22:20:00+00:00,131.39,131.44,131.37,131.44,50690
2025-01-14 22:25:00+00:00,131.41,131.76,131.4,131.47,41657
2025-01-14 22:30:00+00:00,131.4501,131.52,131.44,131.4815,24165
2025-01-14 22:35:00+00:00,131.5301,131.58,131.5,131.55,45268
2025-01-14 22:40:00+00:00,131.55,131.5602,131.53,131.54,19700
2025-01-14 22:45:00+00:00,131.54,131.56,131.53,131.56,16312
2025-01-14 22:50:00+00:00,131.55,131.76,131.45,131.54,36048
2025-01-14 22:55:00+00:00,131.49,131.54,131.49,131.53,13353
2025-01-14 23:00:00+00:00,131.53,131.58,131.46,131.54,73373
2025-01-14 23:05:00+00:00,131.51,131.55,131.28,131.3699,53560
2025-01-14 23:10:00+00:00,131.35,131.54,131.2,131.4199,211501
2025-01-14 23:15:00+00:00,131.41,131.4201,131.33,131.38,25340
2025-01-14 23:20:00+00:00,131.37,131.3995,131.37,131.38,17586
2025-01-14 23:25:00+00:00,131.38,131.45,131.38,131.45,11975
2025-01-14 23:30:00+00:00,131.45,131.5,131.4,131.47,24046
2025-01-14 23:35:00+00:00,131.46,131.46,131.35,131.39,18876
2025-01-14 23:40:00+00:00,131.39,131.399,131.33,131.35,16108
2025-01-14 23:45:00+00:00,131.3495,131.39,131.31,131.38,25221
2025-01-14 23:50:00+00:00,131.34,131.44,131.31,131.3403,27274
2025-01-14 23:55:00+00:00,131.36,131.39,131.31,131.3498,15999
2025-01-15 00:00:00+00:00,131.35,131.39,131.2,131.2995,33397
2025-01-15 00:05:00+00:00,131.3,131.33,131.2519,131.31,19630
2025-01-15 00:10:00+00:00,131.3,131.301,131.24,131.25,11262
2025-01-15 00:15:00+00:00,131.25,131.2899,131.23,131.2899,17864
2025-01-15 00:20:00+00:00,131.2898,131.34,131.2605,131.309,21931
2025-01-15 00:25:00+00:00,131.3099,131.35,131.27,131.33,23127
2025-01-15 00:30:00+00:00,131.31,131.33,131.28,131.3,28845
2025-01-15 00:35:00+00:00,131.3,131.3,131.27,131.3,23909
2025-01-15 00:40:00+00:00,131.3,131.34,131.29,131.34,50627
2025-01-15 00:45:00+00:00,131.34,131.34,131.2901,131.31,30443
2025-01-15 00:50:00+00:00,131.31,131.34,131.3,131.32,31258
2025-01-15 00:55:00+00:00,131.32,131.3202,131.2733,131.29,62369
2025-01-15 09:00:00+00:00,131.2,131.39,130.81,130.9,91921
2025-01-15 09:05:00+00:00,130.98,131.12,130.98,131.02,27005
2025-01-15 09:10:00+00:00,131.05,131.24,131.04,131.05,21796
2025-01-15 09:15:00+00:00,131.09,131.19,131.06,131.1,11414
2025-01-15 09:20:00+00:00,131.11,131.19,130.97,131.1,31793
2025-01-15 09:25:00+00:00,131.08,131.17,131.07,131.17,11254
2025-01-15 09:30:00+00:00,131.19,131.21,131.09,131.1,16002
2025-01-15 09:35:00+00:00,131.08,131.16,131.04,131.13,10458
2025-01-15 09:40:00+00:00,131.15,131.32,131.1,131.29,23496
2025-01-15 09:45:00+00:00,131.29,131.41,131.29,131.38,15434
2025-01-15 09:50:00+00:00,131.35,131.48,131.26,131.48,27680
2025-01-15 09:55:00+00:00,131.49,131.7,131.46,131.58,53842
2025-01-15 10:00:00+00:00,131.59,131.59,131.44,131.5,14273
2025-01-15 10:05:00+00:00,131.51,131.53,131.35,131.41,15787
2025-01-15 10:10:00+00:00,131.4,131.4,131.26,131.26,7056
2025-01-15 10:15:00+00:00,131.24,131.24,131.06,131.22,24549
2025-01-15 10:20:00+00:00,131.21,131.25,131.1,131.22,15346
2025-01-15 10:25:00+00:00,131.23,131.36,131.23,131.35,12807
2025-01-15 10:30:00+00:00,131.33,131.35,131.24,131.25,15129
2025-01-15 10:35:00+00:00,131.26,131.32,131.25,131.28,9731
2025-01-15 10:40:00+00:00,131.28,131.35,131.28,131.33,17105
2025-01-15 10:45:00+00:00,131.33,131.36,131.27,131.36,14609
2025-01-15 10:50:00+00:00,131.37,131.46,131.36,131.4,19453
2025-01-15 10:55:00+00:00,131.41,131.48,131.4,131.4,28342
2025-01-15 11:00:00+00:00,131.42,131.47,131.4,131.41,26313
2025-01-15 11:05:00+00:00,131.42,131.48,131.4,131.42,13788
2025-01-15 11:10:00+00:00,131.41,131.45,131.4,131.43,12309
2025-01-15 11:15:00+00:00,131.43,131.43,131.4,131.41,37681
2025-01-15 11:20:00+00:00,131.4,131.44,131.4,131.4,39875
2025-01-15 11:25:00+00:00,131.41,131.44,131.4,131.4,34855
2025-01-15 11:30:00+00:00,131.4,131.82,131.4,131.67,100451
2025-01-15 11:35:00+00:00,131.67,131.85,131.6,131.85,20649
2025-01-15 11:40:00+00:00,131.8,131.96,131.72,131.91,31990
2025-01-15 11:45:00+00:00,131.88,132.09,131.84,131.9,42250
2025-01-15 11:50:00+00:00,131.9,131.9,131.77,131.83,38573
2025-01-15 11:55:00+00:00,131.86,131.94,131.75,131.78,56132
2025-01-15 12:00:00+00:00,131.77,131.89,131.77,131.77,116458
2025-01-15 12:05:00+00:00,131.78,132.1,131.78,132.09,128848
2025-01-15 12:10:00+00:00,132.08,132.1,132.0,132.0,45958
2025-01-15 12:15:00+00:00,132.02,132.25,132.0,132.2,51896
2025-01-15 12:20:00+00:00,132.21,132.22,132.0,132.07,53502
2025-01-15 12:25:00+00:00,132.0,132.12,132.0,132.09,27363
2025-01-15 12:30:00+00:00,132.07,132.24,132.04,132.21,56191
2025-01-15 12:35:00+00:00,132.19,132.19,132.07,132.17,24136
2025-01-15 12:40:00+00:00,132.18,132.26,132.06,132.23,62059
2025-01-15 12:45:00+00:00,132.24,132.29,132.17,132.19,46592
2025-01-15 12:50:00+00:00,132.19,132.21,132.08,132.17,31630
2025-01-15 12:55:00+00:00,132.17,132.17,132.0,132.12,54341
2025-01-15 13:00:00+00:00,131.77,132.2801,131.03,132.14,644312
2025-01-15 13:05:00+00:00,132.1202,132.14,131.99,132.05,100810
2025-01-15 13:10:00+00:00,132.0501,132.15,132.0501,132.13,49982
2025-01-15 13:15:00+00:00,132.13,132.13,132.04,132.09,67075
2025-01-15 13:20:00+00:00,132.07,132.19,132.03,132.07,73338
2025-01-15 13:25:00+00:00,132.07,132.15,132.02,132.09,99854
2025-01-15 13:30:00+00:00,132.11,134.7,132.09,134.66,1334125
2025-01-15 13:35:00+00:00,134.68,134.7,133.6748,133.81,752874
2025-01-15 13:40:00+00:00,133.8101,134.15,133.53,133.98,669029
2025-01-15 13:45:00+00:00,133.99,134.35,133.9,134.12,524512
2025-01-15 13:50:00+00:00,134.15,134.2297,133.84,133.92,246096
2025-01-15 13:55:00+00:00,133.94,133.9895,133.55,133.59,277404
2025-01-15 14:00:00+00:00,133.58,134.0,133.42,133.96,343919
2025-01-15 14:05:00+00:00,133.9753,133.9802,133.75,133.75,241163
2025-01-15 14:10:00+00:00,133.76,133.86,133.6407,133.86,225534
2025-01-15 14:15:00+00:00,133.8593,134.03,133.67,133.81,274189
2025-01-15 14:20:00+00:00,133.8,133.83,133.7,133.8005,255603
2025-01-15 14:25:00+00:00,133.82,134.09,133.55,133.67,348494
2025-01-15 14:30:00+00:00,133.65,133.97,132.46,132.805,8053166
2025-01-15 14:35:00+00:00,132.7936,133.0,131.29,132.61,6944276
2025-01-15 14:40:00+00:00,132.615,133.68,132.4217,133.47,4456254
2025-01-15 14:45:00+00:00,133.48,134.03,133.26,133.7994,3959396
2025-01-15 14:50:00+00:00,133.8,133.82,133.09,133.34,2863390
2025-01-15 14:55:00+00:00,133.346,133.66,132.62,133.6,3195805
2025-01-15 15:00:00+00:00,133.6,134.245,133.585,133.873,3850777
2025-01-15 15:05:00+00:00,133.87,134.08,133.62,133.77,2621888
2025-01-15 15:10:00+00:00,133.78,134.11,133.57,133.85,2173007
2025-01-15 15:15:00+00:00,133.84,134.44,133.7,134.2876,2761947
2025-01-15 15:20:00+00:00,134.3,134.55,134.09,134.44,2612073
2025-01-15 15:25:00+00:00,134.44,134.5,134.11,134.2,1802349
2025-01-15 15:30:00+00:00,134.2,134.44,133.94,134.28,2097450
2025-01-15 15:35:00+00:00,134.27,134.63,134.0,134.505,2382934
2025-01-15 15:40:00+00:00,134.495,134.76,134.44,134.515,2387476
2025-01-15 15:45:00+00:00,134.5101,134.69,134.36,134.5601,1796236
2025-01-15 15:50:00+00:00,134.57,135.35,134.49,135.325,3652757
2025-01-15 15:55:00+00:00,135.32,135.59,134.71,134.82,3351827
2025-01-15 16:00:00+00:00,134.81,135.46,134.8086,135.3,2269424
2025-01-15 16:05:00+00:00,135.31,135.36,134.32,134.3914,2658598
2025-01-15 16:10:00+00:00,134.4,134.68,134.17,134.6,2522239
2025-01-15 16:15:00+00:00,134.59,134.7,134.21,134.59,1906280
2025-01-15 16:20:00+00:00,134.59,134.88,134.43,134.63,1785595
2025-01-15 16:25:00+00:00,134.63,134.7099,134.34,134.3899,1384891
2025-01-15 16:30:00+00:00,134.38,134.47,133.7,133.739,3032966
2025-01-15 16:35:00+00:00,133.75,134.15,133.7201,134.1401,1731449
2025-01-15 16:40:00+00:00,134.14,134.27,133.695,133.755,1427301
2025-01-15 16:45:00+00:00,133.755,134.16,133.755,134.08,1313209
2025-01-15 16:50:00+00:00,134.0814,134.1,133.49,133.7866,1876165
2025-01-15 16:55:00+00:00,133.79,133.9299,133.66,133.88,1248699
2025-01-15 17:00:00+00:00,133.88,133.99,133.76,133.97,1351919
2025-01-15 17:05:00+00:00,133.96,134.47,133.9245,134.34,1698167
2025-01-15 17:10:00+00:00,134.34,134.59,134.33,134.4807,1279101
2025-01-15 17:15:00+00:00,134.48,134.69,134.4201,134.48,1197029
2025-01-15 17:20:00+00:00,134.485,134.78,134.43,134.64,1079424
2025-01-15 17:25:00+00:00,134.63,134.91,134.6113,134.8813,1058689
2025-01-15 17:30:00+00:00,134.885,135.15,134.86,135.07,1764167
2025-01-15 17:35:00+00:00,135.0725,135.24,135.02,135.23,1473125
2025-01-15 17:40:00+00:00,135.23,135.39,135.089,135.35,1403288
2025-01-15 17:45:00+00:00,135.35,135.47,135.28,135.425,1271129
2025-01-15 17:50:00+00:00,135.43,135.45,135.1312,135.2059,1291736
2025-01-15 17:55:00+00:00,135.2067,135.2782,134.995,135.08,1721730
2025-01-15 18:00:00+00:00,135.08,135.5,135.07,135.455,1775578
2025-01-15 18:05:00+00:00,135.46,135.7499,135.45,135.48,1817292
2025-01-15 18:10:00+00:00,135.47,135.67,135.46,135.619,1054446
2025-01-15 18:15:00+00:00,135.6199,135.66,135.35,135.4945,1976902
2025-01-15 18:20:00+00:00,135.49,135.5299,135.34,135.42,1084774
2025-01-15 18:25:00+00:00,135.4299,135.58,135.2,135.5247,1342938
2025-01-15 18:30:00+00:00,135.5287,135.72,135.3701,135.4021,1550228
2025-01-15 18:35:00+00:00,135.415,135.4276,135.1201,135.3313,1272015
2025-01-15 18:40:00+00:00,135.34,135.49,135.25,135.48,854881
2025-01-15 18:45:00+00:00,135.48,135.5972,135.38,135.4951,782344
2025-01-15 18:50:00+00:00,135.5,135.58,135.47,135.575,607059
2025-01-15 18:55:00+00:00,135.5783,135.59,135.42,135.51,746075
2025-01-15 19:00:00+00:00,135.51,135.73,135.4939,135.71,1168577
2025-01-15 19:05:00+00:00,135.71,135.77,135.51,135.665,1020229
2025-01-15 19:10:00+00:00,135.665,135.88,135.665,135.8586,1311365
2025-01-15 19:15:00+00:00,135.85,135.85,135.6,135.665,952411
2025-01-15 19:20:00+00:00,135.67,135.79,135.52,135.64,883545
2025-01-15 19:25:00+00:00,135.6356,135.97,135.63,135.9395,1121513
2025-01-15 19:30:00+00:00,135.9386,135.97,135.71,135.8581,1073578
2025-01-15 19:35:00+00:00,135.8525,136.0,135.79,135.92,1445355
2025-01-15 19:40:00+00:00,135.93,135.935,135.61,135.63,1091146
2025-01-15 19:45:00+00:00,135.63,135.67,135.4445,135.54,1156316
2025-01-15 19:50:00+00:00,135.54,135.54,135.26,135.535,1640344
2025-01-15 19:55:00+00:00,135.5387,135.765,135.491,135.7599,1002111
2025-01-15 20:00:00+00:00,135.755,135.82,135.58,135.61,999173
2025-01-15 20:05:00+00:00,135.605,135.6132,135.4529,135.5716,890498
2025-01-15 20:10:00+00:00,135.57,135.92,135.57,135.8745,1228855
2025-01-15 20:15:00+00:00,135.8741,136.21,135.8741,136.1095,1813560
2025-01-15 20:20:00+00:00,136.1087,136.22,136.04,136.135,1224477
2025-01-15 20:25:00+00:00,136.13,136.24,136.0,136.067,1543312
2025-01-15 20:30:00+00:00,136.06,136.43,136.02,136.37,1819752
2025-01-15 20:35:00+00:00,136.36,136.38,135.94,136.1,1905856
2025-01-15 20:40:00+00:00,136.1089,136.27,136.09,136.2,1361093
2025-01-15 20:45:00+00:00,136.2099,136.38,136.04,136.1099,1573241
2025-01-15 20:50:00+00:00,136.1,136.25,135.71,136.15,3329623
2025-01-15 20:55:00+00:00,136.15,136.45,136.14,136.19,4514777
2025-01-15 21:00:00+00:00,136.2,136.31,136.0,136.07,22654670
2025-01-15 21:05:00+00:00,136.0695,136.07,135.85,135.89,139311
2025-01-15 21:10:00+00:00,135.8901,136.0916,135.89,136.02,185096
2025-01-15 21:15:00+00:00,136.0499,136.06,135.95,135.9502,57338
2025-01-15 21:20:00+00:00,135.9599,135.98,135.93,135.96,25229
2025-01-15 21:25:00+00:00,135.95,135.97,135.9,135.96,41247
2025-01-15 21:30:00+00:00,135.95,135.96,135.85,135.93,127601
2025-01-15 21:35:00+00:00,135.93,135.93,135.82,135.84,72321
2025-01-15 21:40:00+00:00,135.85,135.9,135.84,135.85,336064
2025-01-15 21:45:00+00:00,135.85,135.91,134.7707,135.91,37529
2025-01-15 21:50:00+00:00,135.92,135.98,135.88,135.96,37368
2025-01-15 21:55:00+00:00,135.97,135.97,135.92,135.92,24064
2025-01-15 22:00:00+00:00,135.92,136.24,135.92,135.95,31287
2025-01-15 22:05:00+00:00,135.9503,136.1,135.9501,136.07,49088
2025-01-15 22:10:00+00:00,136.0788,136.09,136.04,136.0507,17336
2025-01-15 22:15:00+00:00,136.07,136.12,136.06,136.0899,33860
2025-01-15 22:20:00+00:00,136.06,136.12,136.06,136.0899,19492
2025-01-15 22:25:00+00:00,136.0717,136.09,136.0603,136.0899,627880
2025-01-15 22:30:00+00:00,136.09,136.1,136.06,136.08,20731
2025-01-15 22:35:00+00:00,136.08,136.1,136.08,136.0999,13821
2025-01-15 22:40:00+00:00,136.1,136.1,136.06,136.08,36173
2025-01-15 22:45:00+00:00,136.0792,136.08,136.01,136.04,25982
2025-01-15 22:50:00+00:00,136.06,136.12,136.0599,136.12,19179
2025-01-15 22:55:00+00:00,136.1198,136.18,136.1101,136.17,22839
2025-01-15 23:00:00+00:00,136.16,136.16,136.05,136.1,31929
2025-01-15 23:05:00+00:00,136.11,136.11,136.0002,136.0405,23539
2025-01-15 23:10:00+00:00,136.05,136.12,136.02,136.12,33211
2025-01-15 23:15:00+00:00,136.1399,136.2,136.09,136.18,51654
2025-01-15 23:20:00+00:00,136.19,136.25,136.171,136.25,33166
2025-01-15 23:25:00+00:00,136.24,136.28,136.205,136.23,23210
2025-01-15 23:30:00+00:00,136.24,136.27,136.0,136.09,45384
2025-01-15 23:35:00+00:00,136.08,136.14,136.08,136.13,16702
2025-01-15 23:40:00+00:00,136.13,136.23,136.11,136.22,18960
2025-01-15 23:45:00+00:00,136.2299,136.24,136.14,136.15,29115
2025-01-15 23:50:00+00:00,136.14,136.16,136.05,136.06,29485
2025-01-15 23:55:00+00:00,136.08,136.13,136.06,136.07,21447
2025-01-16 00:00:00+00:00,136.0959,136.13,136.0871,136.1,12290
2025-01-16 00:05:00+00:00,136.1,136.16,136.1,136.16,13987
2025-01-16 00:10:00+00:00,136.18,136.24,136.17,136.2301,19192
2025-01-16 00:15:00+00:00,136.23,136.27,136.22,136.2504,23121
2025-01-16 00:20:00+00:00,136.27,136.31,136.27,136.31,20239
2025-01-16 00:25:00+00:00,136.3,136.3995,136.2815,136.33,44182
2025-01-16 00:30:00+00:00,136.31,136.31,136.24,136.2801,16373
2025-01-16 00:35:00+00:00,136.2951,136.3463,136.25,136.3463,32245
2025-01-16 00:40:00+00:00,136.3207,136.37,136.27,136.27,24263
2025-01-16 00:45:00+00:00,136.329,136.35,136.25,136.2699,23396
2025-01-16 00:50:00+00:00,136.2405,136.2693,136.17,136.1992,40810
2025-01-16 00:55:00+00:00,136.19,136.23,136.17,136.2203,69336
2025-01-16 09:00:00+00:00,139.02,140.25,138.12,139.5,570086
2025-01-16 09:05:00+00:00,139.5,139.52,138.9,139.39,126796
2025-01-16 09:10:00+00:00,139.39,139.39,139.1,139.17,89118
2025-01-16 09:15:00+00:00,139.16,139.23,138.71,138.71,175381
2025-01-16 09:20:00+00:00,138.73,139.13,138.7,139.0,92364
2025-01-16 09:25:00+00:00,138.95,139.14,138.84,138.85,73173
2025-01-16 09:30:00+00:00,138.86,139.0,138.18,138.26,177069
2025-01-16 09:35:00+00:00,138.26,138.31,137.68,138.24,199059
2025-01-16 09:40:00+00:00,138.22,138.3,137.84,138.2,46266
2025-01-16 09:45:00+00:00,138.24,138.41,138.15,138.29,47698
2025-01-16 09:50:00+00:00,138.27,138.49,138.2,138.37,47626
2025-01-16 09:55:00+00:00,138.4,138.65,138.4,138.46,48236
2025-01-16 10:00:00+00:00,138.47,138.47,138.16,138.25,45776
2025-01-16 10:05:00+00:00,138.22,138.22,137.94,138.22,64016
2025-01-16 10:10:00+00:00,138.27,138.48,138.2,138.38,29114
2025-01-16 10:15:00+00:00,138.37,138.6,138.16,138.54,40048
2025-01-16 10:20:00+00:00,138.54,138.86,138.54,138.85,127882
2025-01-16 10:25:00+00:00,138.86,138.92,138.66,138.81,94391
2025-01-16 10:30:00+00:00,138.82,138.99,138.7,138.91,51953
2025-01-16 10:35:00+00:00,138.89,138.98,138.8,138.8,43081
2025-01-16 10:40:00+00:00,138.78,138.78,138.25,138.32,53394
2025-01-16 10:45:00+00:00,138.36,138.7,138.36,138.45,72163
2025-01-16 10:50:00+00:00,138.49,138.6,138.43,138.56,39292
2025-01-16 10:55:00+00:00,138.55,138.59,138.32,138.47,34869
2025-01-16 11:00:00+00:00,138.45,138.72,138.41,138.71,38265
2025-01-16 11:05:00+00:00,138.73,138.97,138.7,138.97,43744
2025-01-16 11:10:00+00:00,138.92,139.01,138.77,138.77,69738
2025-01-16 11:15:00+00:00,138.75,138.85,138.65,138.67,36282
2025-01-16 11:20:00+00:00,138.63,138.73,138.58,138.62,30745
2025-01-16 11:25:00+00:00,138.59,138.75,138.59,138.67,31153
2025-01-16 11:30:00+00:00,138.66,138.86,138.66,138.8,33369
2025-01-16 11:35:00+00:00,138.8,138.85,138.71,138.74,27027
2025-01-16 11:40:00+00:00,138.74,138.79,138.65,138.67,20909
2025-01-16 11:45:00+00:00,138.68,138.82,138.65,138.81,24640
2025-01-16 11:50:00+00:00,138.82,138.9,138.8,138.84,28462
2025-01-16 11:55:00+00:00,138.81,138.82,138.6,138.6,26878
2025-01-16 12:00:00+00:00,138.57,138.61,137.9,138.29,301021
2025-01-16 12:05:00+00:00,138.25,138.25,137.91,138.0,173647
2025-01-16 12:10:00+00:00,138.04,138.08,137.79,138.06,157398
2025-01-16 12:15:00+00:00,138.04,138.12,137.97,138.08,77457
2025-01-16 12:20:00+00:00,138.08,138.12,137.7,137.7,112895
2025-01-16 12:25:00+00:00,137.72,137.9,137.68,137.84,61460
2025-01-16 12:30:00+00:00,137.84,138.11,137.8,137.97,99137
2025-01-16 12:35:00+00:00,137.97,138.01,137.86,137.88,50594
2025-01-16 12:40:00+00:00,137.88,137.94,137.86,137.9,52559
2025-01-16 12:45:00+00:00,137.9,137.92,137.52,137.54,101413
2025-01-16 12:50:00+00:00,137.56,137.62,137.361,137.53,118197
2025-01-16 12:55:00+00:00,137.53,137.86,137.52,137.86,74584
2025-01-16 13:00:00+00:00,138.55,140.1,134.75,137.88,2482119
2025-01-16 13:05:00+00:00,137.8993,137.95,137.78,137.82,130206
2025-01-16 13:10:00+00:00,137.81,137.94,137.79,137.92,77453
2025-01-16 13:15:00+00:00,137.94,137.99,137.9,137.96,150665
2025-01-16 13:20:00+00:00,137.97,138.07,137.95,138.0197,261716
2025-01-16 13:25:00+00:00,138.01,138.05,138.0,138.0293,102147
2025-01-16 13:30:00+00:00,138.02,138.3,138.0,138.03,502678
2025-01-16 13:35:00+00:00,138.0301,138.49,138.03,138.27,306286
2025-01-16 13:40:00+00:00,138.27,138.35,138.08,138.1099,148347
2025-01-16 13:45:00+00:00,138.0803,138.2,137.9,137.9,151974
2025-01-16 13:50:00+00:00,137.9191,138.2,137.87,138.19,113724
2025-01-16 13:55:00+00:00,138.14,138.24,138.09,138.24,114252
2025-01-16 14:00:00+00:00,138.2393,138.3,138.2,138.28,166274
2025-01-16 14:05:00+00:00,138.28,138.29,138.12,138.2302,119139
2025-01-16 14:10:00+00:00,138.25,138.4785,138.24,138.4785,673201
2025-01-16 14:15:00+00:00,138.47,138.7,138.36,138.48,492083
2025-01-16 14:20:00+00:00,138.499,138.68,138.38,138.62,177359
2025-01-16 14:25:00+00:00,138.62,138.84,138.35,138.67,275624
2025-01-16 14:30:00+00:00,138.64,138.75,137.33,137.78,8240438
2025-01-16 14:35:00+00:00,137.8,138.45,137.48,138.04,5922048
2025-01-16 14:40:00+00:00,138.05,138.7,137.46,137.66,5127885
2025-01-16 14:45:00+00:00,137.66,137.685,136.46,136.9982,5172983
2025-01-16 14:50:00+00:00,137.0,137.8701,136.73,137.4601,3514181
2025-01-16 14:55:00+00:00,137.4765,137.84,136.99,137.1,2653631
2025-01-16 15:00:00+00:00,137.089,137.74,136.74,137.2614,2907913
2025-01-16 15:05:00+00:00,137.2601,137.48,136.96,137.12,3673308
2025-01-16 15:10:00+00:00,137.11,137.3867,136.29,136.3799,5562505
2025-01-16 15:15:00+00:00,136.37,137.309,136.31,137.07,2468831
2025-01-16 15:20:00+00:00,137.07,137.55,137.06,137.5399,2494431
2025-01-16 15:25:00+00:00,137.54,137.57,137.15,137.2,1491277
2025-01-16 15:30:00+00:00,137.205,137.38,136.81,136.874,2276328
2025-01-16 15:35:00+00:00,136.89,137.2799,136.717,137.1387,2389177
2025-01-16 15:40:00+00:00,137.13,137.225,136.5186,136.6287,1531501
2025-01-16 15:45:00+00:00,136.64,136.6899,136.09,136.43,2279621
2025-01-16 15:50:00+00:00,136.45,136.8,136.3071,136.4155,2025108
2025-01-16 15:55:00+00:00,136.42,136.88,136.25,136.842,1719879
2025-01-16 16:00:00+00:00,136.85,137.12,136.74,137.0644,1913484
2025-01-16 16:05:00+00:00,137.065,137.28,136.58,137.2398,2046907
2025-01-16 16:10:00+00:00,137.241,137.2497,136.81,136.8186,1634740
2025-01-16 16:15:00+00:00,136.83,136.9723,136.31,136.43,1999857
2025-01-16 16:20:00+00:00,136.44,136.44,135.62,135.635,3329815
2025-01-16 16:25:00+00:00,135.635,135.69,135.11,135.24,2860553
2025-01-16 16:30:00+00:00,135.24,135.55,134.96,135.009,2523222
2025-01-16 16:35:00+00:00,135.0,135.0287,134.42,134.61,3359764
2025-01-16 16:40:00+00:00,134.62,134.69,134.11,134.585,2804100
2025-01-16 16:45:00+00:00,134.58,134.82,134.53,134.645,1766822
2025-01-16 16:50:00+00:00,134.65,134.83,134.36,134.79,1754475
2025-01-16 16:55:00+00:00,134.8,135.18,134.66,135.1575,2075146
2025-01-16 17:00:00+00:00,135.15,135.31,134.97,135.26,1515678
2025-01-16 17:05:00+00:00,135.264,135.27,134.9926,135.1508,1394626
2025-01-16 17:10:00+00:00,135.15,135.35,135.0501,135.34,1042527
2025-01-16 17:15:00+00:00,135.33,135.34,134.91,135.02,1531135
2025-01-16 17:20:00+00:00,135.0175,135.32,134.84,135.265,1514849
2025-01-16 17:25:00+00:00,135.2611,135.61,135.24,135.5657,1310810
2025-01-16 17:30:00+00:00,135.57,135.67,135.44,135.525,1031841
2025-01-16 17:35:00+00:00,135.52,135.535,135.08,135.1157,1369172
2025-01-16 17:40:00+00:00,135.11,135.17,134.87,134.96,1131144
2025-01-16 17:45:00+00:00,134.96,135.17,134.9,135.0958,1039792
2025-01-16 17:50:00+00:00,135.0968,135.17,134.97,135.15,748621
2025-01-16 17:55:00+00:00,135.16,135.26,135.01,135.015,978043
2025-01-16 18:00:00+00:00,135.02,135.19,134.98,135.1513,755566
2025-01-16 18:05:00+00:00,135.159,135.2399,134.96,135.0614,891755
2025-01-16 18:10:00+00:00,135.065,135.16,134.67,134.7099,1235886
2025-01-16 18:15:00+00:00,134.7034,134.84,134.54,134.72,1073143
2025-01-16 18:20:00+00:00,134.715,134.8,134.58,134.71,1057263
2025-01-16 18:25:00+00:00,134.71,134.82,134.24,134.26,1543922
2025-01-16 18:30:00+00:00,134.26,134.3,134.02,134.1,1772354
2025-01-16 18:35:00+00:00,134.1113,134.15,133.85,134.03,2638376
2025-01-16 18:40:00+00:00,134.025,134.26,133.94,134.025,1514591
2025-01-16 18:45:00+00:00,134.03,134.11,133.55,133.827,2829208
2025-01-16 18:50:00+00:00,133.82,134.27,133.69,134.2491,2413358
2025-01-16 18:55:00+00:00,134.24,134.55,134.22,134.44,2201237
2025-01-16 19:00:00+00:00,134.43,134.82,134.27,134.8092,1795810
2025-01-16 19:05:00+00:00,134.8,135.32,134.7517,135.01,3012979
2025-01-16 19:10:00+00:00,135.02,135.26,134.97,135.145,2701292
2025-01-16 19:15:00+00:00,135.145,135.2699,134.97,135.14,1717691
2025-01-16 19:20:00+00:00,135.13,135.2698,134.79,134.905,2720290
2025-01-16 19:25:00+00:00,134.905,135.18,134.9,135.125,1117778
2025-01-16 19:30:00+00:00,135.13,135.16,134.99,135.095,1078281
2025-01-16 19:35:00+00:00,135.0999,135.44,135.06,135.39,1700503
2025-01-16 19:40:00+00:00,135.395,135.53,135.27,135.465,1387926
2025-01-16 19:45:00+00:00,135.479,135.86,135.4601,135.7913,2039854
2025-01-16 19:50:00+00:00,135.795,135.795,135.36,135.63,1973542
2025-01-16 19:55:00+00:00,135.62,135.8686,135.6145,135.74,1292270
2025-01-16 20:00:00+00:00,135.74,135.77,135.57,135.74,1122475
2025-01-16 20:05:00+00:00,135.74,135.82,135.67,135.74,1207496
2025-01-16 20:10:00+00:00,135.74,135.75,135.38,135.38,1168864
2025-01-16 20:15:00+00:00,135.37,135.5898,135.12,135.22,1510737
2025-01-16 20:20:00+00:00,135.2201,135.3599,135.05,135.1755,1385289
2025-01-16 20:25:00+00:00,135.17,135.35,135.13,135.2001,1117550
2025-01-16 20:30:00+00:00,135.205,135.35,134.88,134.88,1963184
2025-01-16 20:35:00+00:00,134.88,135.15,134.821,134.965,1340231
2025-01-16 20:40:00+00:00,134.97,135.3,134.96,135.15,1567075
2025-01-16 20:45:00+00:00,135.145,135.16,134.895,135.035,1347772
2025-01-16 20:50:00+00:00,135.03,135.21,134.44,134.52,2566010
2025-01-16 20:55:00+00:00,134.52,134.53,133.49,133.57,7040455
2025-01-16 21:00:00+00:00,133.57,133.75,133.45,133.73,23397976
2025-01-16 21:05:00+00:00,133.68,134.0782,133.57,133.9,1803833
2025-01-16 21:10:00+00:00,133.9,133.98,133.4,133.41,227836
2025-01-16 21:15:00+00:00,133.47,133.6897,133.33,133.57,144689
2025-01-16 21:20:00+00:00,133.59,133.59,133.27,133.31,148830
2025-01-16 21:25:00+00:00,133.38,133.4899,133.3,133.45,179504
2025-01-16 21:30:00+00:00,133.46,133.7,133.45,133.6001,85092
2025-01-16 21:35:00+00:00,133.64,133.69,133.58,133.58,70320
2025-01-16 21:40:00+00:00,133.57,133.62,133.5,133.58,81406
2025-01-16 21:45:00+00:00,133.59,133.6,133.49,133.54,1272540
2025-01-16 21:50:00+00:00,133.59,133.6,133.4802,133.6,34042
2025-01-16 21:55:00+00:00,133.6,133.6,133.56,133.58,29887
2025-01-16 22:00:00+00:00,133.58,133.67,133.55,133.62,41117
2025-01-16 22:05:00+00:00,133.62,133.75,133.6101,133.71,28132
2025-01-16 22:10:00+00:00,133.72,133.84,133.7001,133.76,42647
2025-01-16 22:15:00+00:00,133.75,133.89,133.73,133.8795,33424
2025-01-16 22:20:00+00:00,133.88,133.96,133.74,133.85,82064
2025-01-16 22:25:00+00:00,133.86,133.9,133.7732,133.8015,24102
2025-01-16 22:30:00+00:00,133.8494,133.9,133.8,133.8999,17324
2025-01-16 22:35:00+00:00,133.89,133.95,133.84,133.8999,31209
2025-01-16 22:40:00+00:00,133.8697,133.87,133.75,133.77,16706
2025-01-16 22:45:00+00:00,133.77,133.84,133.6,133.79,62301
2025-01-16 22:50:00+00:00,133.77,133.85,133.6232,133.85,16272
2025-01-16 22:55:00+00:00,133.79,133.8188,133.7025,133.75,22848
2025-01-16 23:00:00+00:00,133.75,133.85,133.7,133.79,33204
2025-01-16 23:05:00+00:00,133.76,133.8,133.73,133.79,26958
2025-01-16 23:10:00+00:00,133.8,133.9,133.79,133.83,41868
2025-01-16 23:15:00+00:00,133.81,133.89,133.8,133.85,16257
2025-01-16 23:20:00+00:00,133.8799,133.92,133.82,133.843,38646
2025-01-16 23:25:00+00:00,133.88,133.89,133.8401,133.86,15917
2025-01-16 23:30:00+00:00,133.86,133.9,133.84,133.85,21105
2025-01-16 23:35:00+00:00,133.86,133.89,133.85,133.88,24217
2025-01-16 23:40:00+00:00,133.88,133.89,133.85,133.87,17243
2025-01-16 23:45:00+00:00,133.88,133.88,133.75,133.7515,36154
2025-01-16 23:50:00+00:00,133.76,133.7899,133.68,133.72,24720
2025-01-16 23:55:00+00:00,133.75,133.75,133.62,133.69,38618
2025-01-17 00:00:00+00:00,133.7285,133.74,133.4303,133.59,90623
2025-01-17 00:05:00+00:00,133.59,133.9,133.59,133.829,87714
2025-01-17 00:10:00+00:00,133.8006,133.8593,133.8001,133.81,17685
2025-01-17 00:15:00+00:00,133.82,133.84,133.7605,133.789,20479
2025-01-17 00:20:00+00:00,133.77,133.83,133.77,133.82,10449
2025-01-17 00:25:00+00:00,133.82,133.84,133.8,133.84,17596
2025-01-17 00:30:00+00:00,133.84,133.84,133.7865,133.7865,15448
2025-01-17 00:35:00+00:00,133.8,133.81,133.7805,133.8,16675
2025-01-17 00:40:00+00:00,133.8001,133.84,133.7703,133.8001,29050
2025-01-17 00:45:00+00:00,133.82,133.84,133.76,133.7699,21601
2025-01-17 00:50:00+00:00,133.77,133.88,133.7697,133.86,62117
2025-01-17 00:55:00+00:00,133.83,133.86,133.7701,133.83,60542
2025-01-17 09:00:00+00:00,134.86,135.37,134.29,135.21,67030
2025-01-17 09:05:00+00:00,135.2,135.66,135.16,135.45,61204
2025-01-17 09:10:00+00:00,135.45,135.74,135.41,135.63,62944
2025-01-17 09:15:00+00:00,135.63,135.66,135.52,135.58,32000
2025-01-17 09:20:00+00:00,135.56,135.56,135.33,135.4,23056
2025-01-17 09:25:00+00:00,135.4,135.55,135.4,135.41,21604
2025-01-17 09:30:00+00:00,135.41,135.44,135.31,135.42,26050
2025-01-17 09:35:00+00:00,135.42,135.42,135.27,135.29,16160
2025-01-17 09:40:00+00:00,135.32,135.43,135.28,135.33,16371
2025-01-17 09:45:00+00:00,135.33,135.39,135.19,135.37,53419
2025-01-17 09:50:00+00:00,135.37,135.4,135.25,135.33,17173
2025-01-17 09:55:00+00:00,135.33,135.34,135.25,135.26,15227
2025-01-17 10:00:00+00:00,135.25,135.26,135.12,135.15,19850
2025-01-17 10:05:00+00:00,135.14,135.34,135.03,135.28,26233
2025-01-17 10:10:00+00:00,135.25,135.29,135.2,135.24,14997
2025-01-17 10:15:00+00:00,135.26,135.27,135.21,135.26,7424
2025-01-17 10:20:00+00:00,135.27,135.29,135.15,135.28,17240
2025-01-17 10:25:00+00:00,135.25,135.25,135.01,135.06,21961
2025-01-17 10:30:00+00:00,135.05,135.08,134.87,135.06,26200
2025-01-17 10:35:00+00:00,135.0,135.08,134.98,135.01,8899
2025-01-17 10:40:00+00:00,135.02,135.07,134.98,135.0,8868
2025-01-17 10:45:00+00:00,135.02,135.15,135.0,135.1,11051
2025-01-17 10:50:00+00:00,135.08,135.17,134.99,135.13,10270
2025-01-17 10:55:00+00:00,135.15,135.17,135.06,135.06,7147
2025-01-17 11:00:00+00:00,135.09,135.18,135.08,135.15,8410
2025-01-17 11:05:00+00:00,135.15,135.25,135.15,135.19,7999
2025-01-17 11:10:00+00:00,135.19,135.25,135.13,135.23,11501
2025-01-17 11:15:00+00:00,135.23,135.26,135.2,135.2,7214
2025-01-17 11:20:00+00:00,135.16,135.33,135.13,135.33,28872
2025-01-17 11:25:00+00:00,135.33,135.42,135.24,135.33,23258
2025-01-17 11:30:00+00:00,135.33,135.33,135.2,135.21,16519
2025-01-17 11:35:00+00:00,135.23,135.25,135.13,135.14,19233
2025-01-17 11:40:00+00:00,135.14,135.19,135.1,135.14,11102
2025-01-17 11:45:00+00:00,135.18,135.26,135.12,135.14,14548
2025-01-17 11:50:00+00:00,135.13,135.13,134.95,135.03,29145
2025-01-17 11:55:00+00:00,134.97,134.99,134.81,134.91,36182
2025-01-17 12:00:00+00:00,134.91,135.0,134.54,134.68,125035
2025-01-17 12:05:00+00:00,134.7,134.85,134.68,134.75,72833
2025-01-17 12:10:00+00:00,134.77,134.88,134.72,134.85,17696
2025-01-17 12:15:00+00:00,134.81,134.96,134.69,134.95,43534
2025-01-17 12:20:00+00:00,134.95,134.95,134.84,134.84,38450
2025-01-17 12:25:00+00:00,134.83,134.85,134.77,134.82,21062
2025-01-17 12:30:00+00:00,134.83,134.86,134.66,134.66,32409
2025-01-17 12:35:00+00:00,134.65,134.78,134.6,134.72,33708
2025-01-17 12:40:00+00:00,134.7,134.76,134.63,134.68,38081
2025-01-17 12:45:00+00:00,134.68,134.75,134.65,134.69,24462
2025-01-17 12:50:00+00:00,134.69,134.8,134.66,134.8,27151
2025-01-17 12:55:00+00:00,134.8,134.85,134.78,134.82,15200
2025-01-17 13:00:00+00:00,134.65,135.6,134.15,134.83,1160622
2025-01-17 13:05:00+00:00,134.8002,135.16,134.76,135.1,136084
2025-01-17 13:10:00+00:00,135.09,135.23,134.87,134.99,94631
2025-01-17 13:15:00+00:00,134.98,135.18,134.96,135.15,115214
2025-01-17 13:20:00+00:00,135.14,135.39,135.14,135.191,175850
2025-01-17 13:25:00+00:00,135.22,135.3,135.1527,135.2,95430
2025-01-17 13:30:00+00:00,135.23,135.55,135.2,135.53,213622
2025-01-17 13:35:00+00:00,135.55,135.58,135.2501,135.27,176944
2025-01-17 13:40:00+00:00,135.29,135.58,135.27,135.55,150925
2025-01-17 13:45:00+00:00,135.55,135.55,135.42,135.52,127675
2025-01-17 13:50:00+00:00,135.52,135.58,135.41,135.45,106085
2025-01-17 13:55:00+00:00,135.45,135.6,135.44,135.53,187132
2025-01-17 14:00:00+00:00,135.54,135.75,135.54,135.74,302467
2025-01-17 14:05:00+00:00,135.75,135.8995,135.68,135.79,329245
2025-01-17 14:10:00+00:00,135.7705,135.92,135.5,135.7,262878
2025-01-17 14:15:00+00:00,135.76,135.98,135.71,135.959,218563
2025-01-17 14:20:00+00:00,135.92,136.13,135.77,135.7995,416151
2025-01-17 14:25:00+00:00,135.79,136.865,135.79,136.7,1156782
2025-01-17 14:30:00+00:00,136.7,136.83,135.53,135.9028,20781790
2025-01-17 14:35:00+00:00,135.92,136.56,135.4649,136.01,4556066
2025-01-17 14:40:00+00:00,136.04,136.46,135.7399,136.2626,3190607
2025-01-17 14:45:00+00:00,136.28,136.99,136.25,136.523,4388587
2025-01-17 14:50:00+00:00,136.52,137.1966,136.36,136.8264,3573563
2025-01-17 14:55:00+00:00,136.82,137.15,136.52,136.67,3014073
2025-01-17 15:00:00+00:00,136.68,137.38,136.61,137.19,3607988
2025-01-17 15:05:00+00:00,137.1887,137.6291,137.0601,137.1252,3877045
2025-01-17 15:10:00+00:00,137.1296,137.5856,136.66,137.46,3225790
2025-01-17 15:15:00+00:00,137.45,137.51,137.15,137.3686,2006506
2025-01-17 15:20:00+00:00,137.38,137.41,136.55,137.0,2782081
2025-01-17 15:25:00+00:00,136.995,137.06,136.23,136.75,3411054
2025-01-17 15:30:00+00:00,136.75,137.33,136.7201,137.2336,2441897
2025-01-17 15:35:00+00:00,137.2336,137.7,137.12,137.6913,3071557
2025-01-17 15:40:00+00:00,137.6916,137.93,137.56,137.7,4595094
2025-01-17 15:45:00+00:00,137.6996,137.97,137.57,137.935,2456267
2025-01-17 15:50:00+00:00,137.935,138.05,137.7337,138.04,3054081
2025-01-17 15:55:00+00:00,138.035,138.09,137.76,138.075,1752158
2025-01-17 16:00:00+00:00,138.07,138.075,137.54,137.7589,1842303
2025-01-17 16:05:00+00:00,137.7496,137.82,137.46,137.585,1408408
2025-01-17 16:10:00+00:00,137.5897,137.75,137.52,137.74,1669247
2025-01-17 16:15:00+00:00,137.73,137.7374,137.36,137.53,1241430
2025-01-17 16:20:00+00:00,137.54,137.96,137.53,137.93,1490567
2025-01-17 16:25:00+00:00,137.9248,138.24,137.91,138.1292,2144000
2025-01-17 16:30:00+00:00,138.135,138.2083,137.86,137.97,1811697
2025-01-17 16:35:00+00:00,137.9782,138.22,137.9627,138.11,1163379
2025-01-17 16:40:00+00:00,138.115,138.14,137.97,138.14,1262506
2025-01-17 16:45:00+00:00,138.1475,138.21,138.04,138.17,1613869
2025-01-17 16:50:00+00:00,138.18,138.2201,137.99,138.01,3553668
2025-01-17 16:55:00+00:00,138.0024,138.18,137.906,137.99,1214436
2025-01-17 17:00:00+00:00,137.98,138.0199,137.7,137.745,1857408
2025-01-17 17:05:00+00:00,137.75,137.94,137.6538,137.8319,1298193
2025-01-17 17:10:00+00:00,137.835,138.09,137.77,138.0601,1004069
2025-01-17 17:15:00+00:00,138.0559,138.08,137.84,137.8405,751981
2025-01-17 17:20:00+00:00,137.8498,138.0686,137.7613,137.88,1012494
2025-01-17 17:25:00+00:00,137.8881,138.01,137.875,137.9685,2800961
2025-01-17 17:30:00+00:00,137.965,138.07,137.82,137.8228,817390
2025-01-17 17:35:00+00:00,137.8201,137.93,137.71,137.88,947902
2025-01-17 17:40:00+00:00,137.88,138.0599,137.795,138.0,978352
2025-01-17 17:45:00+00:00,138.005,138.06,137.9,137.95,698280
2025-01-17 17:50:00+00:00,137.96,137.96,137.71,137.7747,898518
2025-01-17 17:55:00+00:00,137.77,137.7826,137.63,137.76,884205
2025-01-17 18:00:00+00:00,137.755,137.76,137.58,137.73,1357457
2025-01-17 18:05:00+00:00,137.725,137.96,137.6901,137.8399,1401530
2025-01-17 18:10:00+00:00,137.8352,138.08,137.78,138.07,1124764
2025-01-17 18:15:00+00:00,138.08,138.3,138.0601,138.2054,1728097
2025-01-17 18:20:00+00:00,138.205,138.5,138.1918,138.425,1967404
2025-01-17 18:25:00+00:00,138.425,138.47,138.21,138.26,1053699
2025-01-17 18:30:00+00:00,138.26,138.31,138.12,138.15,1408273
2025-01-17 18:35:00+00:00,138.155,138.2,138.07,138.155,1611498
2025-01-17 18:40:00+00:00,138.1501,138.1501,137.83,137.89,2222222
2025-01-17 18:45:00+00:00,137.89,138.06,137.84,137.875,734999
2025-01-17 18:50:00+00:00,137.88,137.9252,137.6301,137.76,966334
2025-01-17 18:55:00+00:00,137.75,137.8463,137.61,137.805,1241352
2025-01-17 19:00:00+00:00,137.8057,137.89,137.65,137.68,934146
2025-01-17 19:05:00+00:00,137.6882,137.7555,137.51,137.5677,1058882
2025-01-17 19:10:00+00:00,137.565,137.91,137.47,137.8698,2083256
2025-01-17 19:15:00+00:00,137.865,137.8934,137.72,137.775,1022240
2025-01-17 19:20:00+00:00,137.7629,138.09,137.76,138.08,1324312
2025-01-17 19:25:00+00:00,138.07,138.1,137.96,138.09,843963
2025-01-17 19:30:00+00:00,138.08,138.08,137.89,138.06,808137
2025-01-17 19:35:00+00:00,138.055,138.15,137.99,138.14,840175
2025-01-17 19:40:00+00:00,138.13,138.165,137.95,138.03,917926
2025-01-17 19:45:00+00:00,138.03,138.13,137.97,138.047,776502
2025-01-17 19:50:00+00:00,138.04,138.08,137.85,137.8889,834952
2025-01-17 19:55:00+00:00,137.8841,137.9979,137.8,137.856,811739
2025-01-17 20:00:00+00:00,137.855,137.855,137.51,137.55,2531863
2025-01-17 20:05:00+00:00,137.55,137.7587,137.43,137.7435,1816600
2025-01-17 20:10:00+00:00,137.74,137.87,137.31,137.3943,1374077
2025-01-17 20:15:00+00:00,137.4,137.64,137.335,137.605,1608623
2025-01-17 20:20:00+00:00,137.605,137.765,137.5315,137.71,3284085
2025-01-17 20:25:00+00:00,137.72,137.82,137.64,137.685,1249081
2025-01-17 20:30:00+00:00,137.68,137.705,137.55,137.69,1311023
2025-01-17 20:35:00+00:00,137.6888,137.88,137.67,137.8099,1284145
2025-01-17 20:40:00+00:00,137.81,137.94,137.73,137.805,3409685
2025-01-17 20:45:00+00:00,137.81,137.96,137.75,137.75,1441975
2025-01-17 20:50:00+00:00,137.76,138.2,137.7,137.895,3075317
2025-01-17 20:55:00+00:00,137.88,137.89,137.53,137.75,4798679
2025-01-17 21:00:00+00:00,137.74,137.94,137.6,137.85,25279864
2025-01-17 21:05:00+00:00,137.85,137.96,137.71,137.9499,220339
2025-01-17 21:10:00+00:00,137.9498,137.98,137.92,137.92,112334
2025-01-17 21:15:00+00:00,137.92,138.0,137.901,137.99,139489
2025-01-17 21:20:00+00:00,137.99,138.02,137.96,138.0093,196547
2025-01-17 21:25:00+00:00,138.0084,138.02,137.71,138.0098,65755
2025-01-17 21:30:00+00:00,138.0,138.0,137.9603,137.97,28127
2025-01-17 21:35:00+00:00,137.98,137.99,137.85,137.928,82177
2025-01-17 21:40:00+00:00,137.9,137.95,137.9,137.91,12992
2025-01-17 21:45:00+00:00,137.91,137.95,137.9,137.95,29011
2025-01-17 21:50:00+00:00,137.9498,137.9498,137.9,137.94,17195
2025-01-17 21:55:00+00:00,137.93,137.99,137.93,137.9794,22124
2025-01-17 22:00:00+00:00,137.97,137.98,137.92,137.94,45814
2025-01-17 22:05:00+00:00,137.95,138.03,137.92,137.98,66309
2025-01-17 22:10:00+00:00,137.99,137.9992,137.84,137.92,740262
2025-01-17 22:15:00+00:00,137.91,137.9803,137.87,137.97,39886
2025-01-17 22:20:00+00:00,137.96,137.98,137.9,137.9199,15238
2025-01-17 22:25:00+00:00,137.91,137.9295,137.87,137.9,27473
2025-01-17 22:30:00+00:00,137.9006,137.91,137.88,137.88,22281
2025-01-17 22:35:00+00:00,137.89,137.89,137.82,137.82,30819
2025-01-17 22:40:00+00:00,137.81,137.81,137.75,137.8,29308
2025-01-17 22:45:00+00:00,137.79,137.91,137.74,137.7499,24361
2025-01-17 22:50:00+00:00,137.7499,137.75,137.7398,137.7398,27507
2025-01-17 22:55:00+00:00,137.7399,137.74,137.69,137.6999,16034
2025-01-17 23:00:00+00:00,137.69,137.9,137.69,137.8,22811
2025-01-17 23:05:00+00:00,137.79,137.86,137.74,137.8505,14329
2025-01-17 23:10:00+00:00,137.8693,137.9399,137.86,137.91,39702
2025-01-17 23:15:00+00:00,137.9008,137.93,137.79,137.8217,51165
2025-01-17 23:20:00+00:00,137.87,137.92,137.78,137.78,15316
2025-01-17 23:25:00+00:00,137.79,137.8,137.7849,137.7997,28222
2025-01-17 23:30:00+00:00,137.7902,137.8401,137.75,137.8401,31694
2025-01-17 23:35:00+00:00,137.84,137.84,137.69,137.75,36148
2025-01-17 23:40:00+00:00,137.75,137.77,137.69,137.7022,34407
2025-01-17 23:45:00+00:00,137.72,137.75,137.69,137.7,11857
2025-01-17 23:50:00+00:00,137.7,137.7,137.6107,137.7,27767
2025-01-17 23:55:00+00:00,137.68,137.7,137.65,137.68,10988
2025-01-18 00:00:00+00:00,137.67,137.7,137.6305,137.641,16835
2025-01-18 00:05:00+00:00,137.64,137.6599,137.63,137.6304,13449
2025-01-18 00:10:00+00:00,137.64,137.65,137.59,137.59,26747
2025-01-18 00:15:00+00:00,137.59,137.6421,137.57,137.62,10090
2025-01-18 00:20:00+00:00,137.6468,137.6468,137.55,137.56,17100
2025-01-18 00:25:00+00:00,137.57,137.59,137.5,137.51,85949
2025-01-18 00:30:00+00:00,137.5,137.55,137.5,137.55,58678
2025-01-18 00:35:00+00:00,137.55,137.59,137.54,137.5898,30169
2025-01-18 00:40:00+00:00,137.59,137.59,137.55,137.58,21623
2025-01-18 00:45:00+00:00,137.5705,137.5895,137.5305,137.56,26991
2025-01-18 00:50:00+00:00,137.56,137.64,137.56,137.61,50455
2025-01-18 00:55:00+00:00,137.61,137.65,137.5,137.631,81834
2025-01-21 09:00:00+00:00,138.63,138.98,138.1,138.64,88796
2025-01-21 09:05:00+00:00,138.7,139.21,138.67,138.96,112775
2025-01-21 09:10:00+00:00,138.98,139.19,138.98,139.18,37662
2025-01-21 09:15:00+00:00,139.2,139.24,139.05,139.11,43775
2025-01-21 09:20:00+00:00,139.13,139.27,139.09,139.18,52615
2025-01-21 09:25:00+00:00,139.15,139.18,138.95,139.05,44019
2025-01-21 09:30:00+00:00,139.09,139.21,139.07,139.1,31456
2025-01-21 09:35:00+00:00,139.12,139.16,138.92,139.01,40267
2025-01-21 09:40:00+00:00,139.02,139.02,138.84,138.9,33704
2025-01-21 09:45:00+00:00,138.9,138.95,138.85,138.92,22043
2025-01-21 09:50:00+00:00,138.91,138.96,138.84,138.85,20656
2025-01-21 09:55:00+00:00,138.87,138.95,138.84,138.89,28132
2025-01-21 10:00:00+00:00,138.88,139.0,138.8,138.89,29596
2025-01-21 10:05:00+00:00,138.9,138.97,138.9,138.91,20594
2025-01-21 10:10:00+00:00,138.9,138.93,138.8,138.84,22836
2025-01-21 10:15:00+00:00,138.83,138.88,138.8,138.86,11315
2025-01-21 10:20:00+00:00,138.87,138.89,138.8,138.8,15255
2025-01-21 10:25:00+00:00,138.81,138.93,138.81,138.92,28127
2025-01-21 10:30:00+00:00,138.91,138.94,138.85,138.92,22223
2025-01-21 10:35:00+00:00,138.91,139.0,138.87,138.95,22380
2025-01-21 10:40:00+00:00,138.93,138.95,138.85,138.9,17257
2025-01-21 10:45:00+00:00,138.9,138.9,138.81,138.87,11035
2025-01-21 10:50:00+00:00,138.83,138.87,138.83,138.84,7827
2025-01-21 10:55:00+00:00,138.83,138.84,138.76,138.76,47955
2025-01-21 11:00:00+00:00,138.76,138.8,138.76,138.77,15737
2025-01-21 11:05:00+00:00,138.81,138.92,138.81,138.92,17433
2025-01-21 11:10:00+00:00,138.92,138.93,138.85,138.93,11996
2025-01-21 11:15:00+00:00,138.93,138.93,138.76,138.78,35354
2025-01-21 11:20:00+00:00,138.8,138.88,138.76,138.86,31429
2025-01-21 11:25:00+00:00,138.82,138.83,138.76,138.82,14937
2025-01-21 11:30:00+00:00,138.84,138.85,138.76,138.85,20341
2025-01-21 11:35:00+00:00,138.84,138.91,138.84,138.89,12241
2025-01-21 11:40:00+00:00,138.86,138.92,138.86,138.91,16744
2025-01-21 11:45:00+00:00,138.9,138.9,138.88,138.88,6630
2025-01-21 11:50:00+00:00,138.88,138.92,138.85,138.9,16284
2025-01-21 11:55:00+00:00,138.9,138.9,138.76,138.83,31990
2025-01-21 12:00:00+00:00,138.83,138.87,138.41,138.6,430565
2025-01-21 12:05:00+00:00,138.59,138.61,138.25,138.44,120119
2025-01-21 12:10:00+00:00,138.43,138.43,138.13,138.18,72072
2025-01-21 12:15:00+00:00,138.22,138.43,138.19,138.39,90261
2025-01-21 12:20:00+00:00,138.4,138.439,138.33,138.41,48910
2025-01-21 12:25:00+00:00,138.4,138.45,138.37,138.42,65749
2025-01-21 12:30:00+00:00,138.42,138.44,138.33,138.39,57368
2025-01-21 12:35:00+00:00,138.399,138.44,138.35,138.4,29108
2025-01-21 12:40:00+00:00,138.381,138.43,138.35,138.36,29489
2025-01-21 12:45:00+00:00,138.36,138.37,138.3,138.33,37042
2025-01-21 12:50:00+00:00,138.3,138.38,138.26,138.36,47028
2025-01-21 12:55:00+00:00,138.36,138.44,138.35,138.42,50225
2025-01-21 13:00:00+00:00,138.54,139.244,138.13,138.5796,925477
2025-01-21 13:05:00+00:00,138.55,138.74,138.4801,138.6699,87394
2025-01-21 13:10:00+00:00,138.6508,138.839,138.45,138.58,384974
2025-01-21 13:15:00+00:00,138.57,138.7,138.4999,138.66,64517
2025-01-21 13:20:00+00:00,138.6698,138.84,138.6,138.78,81461
2025-01-21 13:25:00+00:00,138.76,138.84,138.7,138.7,82845
2025-01-21 13:30:00+00:00,138.72,138.86,138.7,138.86,88234
2025-01-21 13:35:00+00:00,138.85,138.88,138.72,138.83,115212
2025-01-21 13:40:00+00:00,138.81,138.9,138.8,138.87,58365
2025-01-21 13:45:00+00:00,138.87,138.99,138.86,138.98,106040
2025-01-21 13:50:00+00:00,138.9801,138.99,138.91,138.99,125548
2025-01-21 13:55:00+00:00,138.98,139.18,138.9507,139.0591,165538
2025-01-21 14:00:00+00:00,139.05,139.14,139.01,139.0355,88543
2025-01-21 14:05:00+00:00,139.0355,139.04,138.8,138.8203,136564
2025-01-21 14:10:00+00:00,138.8203,138.98,138.82,138.93,57512
2025-01-21 14:15:00+00:00,138.9102,138.95,138.81,138.8505,83122
2025-01-21 14:20:00+00:00,138.84,138.94,138.5,138.69,176143
2025-01-21 14:25:00+00:00,138.71,139.31,138.71,139.18,427521
2025-01-21 14:30:00+00:00,139.24,139.48,138.56,139.06,8066795
2025-01-21 14:35:00+00:00,139.0523,139.77,137.81,138.3101,5634623
2025-01-21 14:40:00+00:00,138.325,139.11,137.72,138.97,4580071
2025-01-21 14:45:00+00:00,138.96,140.13,138.789,139.802,5841490
2025-01-21 14:50:00+00:00,139.81,140.21,138.65,138.86,4182918
2025-01-21 14:55:00+00:00,138.86,139.3999,138.73,139.085,2681569
2025-01-21 15:00:00+00:00,139.09,139.1,138.49,138.75,2447322
2025-01-21 15:05:00+00:00,138.74,138.82,138.24,138.365,2694862
2025-01-21 15:10:00+00:00,138.38,138.74,137.21,137.37,4024930
2025-01-21 15:15:00+00:00,137.36,138.09,137.09,137.9932,2988708
2025-01-21 15:20:00+00:00,137.99,138.22,137.7,137.82,1789555
2025-01-21 15:25:00+00:00,137.87,138.52,137.87,138.5166,1693795
2025-01-21 15:30:00+00:00,138.51,138.54,138.1501,138.3851,1338777
2025-01-21 15:35:00+00:00,138.38,138.55,138.13,138.53,1170009
2025-01-21 15:40:00+00:00,138.53,139.14,138.49,138.95,1821844
2025-01-21 15:45:00+00:00,138.97,139.05,138.57,138.69,1551700
2025-01-21 15:50:00+00:00,138.686,139.045,138.46,139.0109,1433881
2025-01-21 15:55:00+00:00,139.0,139.1,138.8,138.9,1181671
2025-01-21 16:00:00+00:00,138.91,138.91,138.625,138.7301,1162576
2025-01-21 16:05:00+00:00,138.75,139.19,138.745,139.095,1094991
2025-01-21 16:10:00+00:00,139.09,139.17,138.95,139.105,1149561
2025-01-21 16:15:00+00:00,139.11,139.22,138.92,139.04,1266360
2025-01-21 16:20:00+00:00,139.04,139.21,138.81,138.8877,3247794
2025-01-21 16:25:00+00:00,138.89,139.1,138.78,138.98,1055589
2025-01-21 16:30:00+00:00,138.9701,139.03,138.77,138.905,781421
2025-01-21 16:35:00+00:00,138.905,139.0,138.33,138.47,1458819
2025-01-21 16:40:00+00:00,138.48,138.9,138.4,138.78,1373018
2025-01-21 16:45:00+00:00,138.79,138.99,138.74,138.945,806332
2025-01-21 16:50:00+00:00,138.94,139.49,138.93,139.3101,2039204
2025-01-21 16:55:00+00:00,139.3198,139.37,139.1629,139.26,988244
2025-01-21 17:00:00+00:00,139.245,139.295,138.99,139.265,1166098
2025-01-21 17:05:00+00:00,139.26,139.29,139.06,139.08,741343
2025-01-21 17:10:00+00:00,139.09,139.2,139.06,139.09,665205
2025-01-21 17:15:00+00:00,139.085,139.16,138.83,138.9982,947271
2025-01-21 17:20:00+00:00,138.99,139.1999,138.93,139.0301,1066068
2025-01-21 17:25:00+00:00,139.0301,139.38,139.0,139.34,955961
2025-01-21 17:30:00+00:00,139.35,139.53,139.29,139.505,1340814
2025-01-21 17:35:00+00:00,139.5047,139.6399,139.34,139.5877,1031034
2025-01-21 17:40:00+00:00,139.576,139.77,139.49,139.75,1347266
2025-01-21 17:45:00+00:00,139.75,139.89,139.62,139.745,1482873
2025-01-21 17:50:00+00:00,139.75,140.4,139.735,140.3987,3542821
2025-01-21 17:55:00+00:00,140.39,140.94,140.38,140.91,3298912
2025-01-21 18:00:00+00:00,140.92,141.34,140.78,141.07,3959882
2025-01-21 18:05:00+00:00,141.069,141.14,140.67,140.94,1795204
2025-01-21 18:10:00+00:00,140.935,141.4,140.9299,141.245,2634196
2025-01-21 18:15:00+00:00,141.2584,141.69,141.25,141.485,2683648
2025-01-21 18:20:00+00:00,141.4826,141.655,141.36,141.59,1658487
2025-01-21 18:25:00+00:00,141.59,141.83,141.52,141.5796,2033846
2025-01-21 18:30:00+00:00,141.58,141.76,141.43,141.44,1675178
2025-01-21 18:35:00+00:00,141.445,141.65,141.43,141.64,1233858
2025-01-21 18:40:00+00:00,141.635,141.655,141.45,141.4787,1158561
2025-01-21 18:45:00+00:00,141.4787,141.65,141.35,141.4665,1153019
2025-01-21 18:50:00+00:00,141.46,141.69,141.4,141.42,1400269
2025-01-21 18:55:00+00:00,141.41,141.45,141.21,141.2502,1283323
2025-01-21 19:00:00+00:00,141.255,141.54,141.15,141.535,1527599
2025-01-21 19:05:00+00:00,141.535,141.73,141.485,141.525,1631668
2025-01-21 19:10:00+00:00,141.5297,141.73,141.3501,141.4164,1246897
2025-01-21 19:15:00+00:00,141.4114,141.42,140.8701,140.9355,1629418
2025-01-21 19:20:00+00:00,140.9387,141.16,140.7626,141.0101,1692278
2025-01-21 19:25:00+00:00,141.01,141.37,140.99,141.29,1528310
2025-01-21 19:30:00+00:00,141.2875,141.3,140.94,140.98,1075466
2025-01-21 19:35:00+00:00,140.98,141.14,140.96,141.086,1431931
2025-01-21 19:40:00+00:00,141.08,141.24,140.94,141.045,999089
2025-01-21 19:45:00+00:00,141.04,141.26,141.0,141.145,1199170
2025-01-21 19:50:00+00:00,141.15,141.28,141.0,141.266,1410660
2025-01-21 19:55:00+00:00,141.26,141.34,141.24,141.3047,877781
2025-01-21 20:00:00+00:00,141.305,141.425,141.18,141.275,1150340
2025-01-21 20:05:00+00:00,141.275,141.28,141.155,141.22,858452
2025-01-21 20:10:00+00:00,141.225,141.54,141.1913,141.32,1939897
2025-01-21 20:15:00+00:00,141.33,141.39,141.27,141.3389,949432
2025-01-21 20:20:00+00:00,141.335,141.39,141.19,141.3,1012804
2025-01-21 20:25:00+00:00,141.305,141.59,141.281,141.58,1139650
2025-01-21 20:30:00+00:00,141.575,141.67,141.46,141.59,1419881
2025-01-21 20:35:00+00:00,141.5857,141.64,141.375,141.6381,1654069
2025-01-21 20:40:00+00:00,141.635,141.72,141.17,141.22,1709630
2025-01-21 20:45:00+00:00,141.23,141.32,140.99,141.15,1744378
2025-01-21 20:50:00+00:00,141.14,141.21,140.58,141.13,3079453
2025-01-21 20:55:00+00:00,141.13,141.15,140.64,140.83,4092306
2025-01-21 21:00:00+00:00,140.83,141.1,140.6,140.95,30339504
2025-01-21 21:05:00+00:00,140.94,141.05,140.83,140.8602,3327181
2025-01-21 21:10:00+00:00,140.8795,141.01,140.86,141.01,365379
2025-01-21 21:15:00+00:00,141.03,141.05,140.91,141.02,96927
2025-01-21 21:20:00+00:00,141.02,141.2,141.02,141.15,91711
2025-01-21 21:25:00+00:00,141.1493,141.18,141.05,141.0506,32510
2025-01-21 21:30:00+00:00,141.05,141.24,141.05,141.18,76322
2025-01-21 21:35:00+00:00,141.2,141.36,141.16,141.3,96789
2025-01-21 21:40:00+00:00,141.3,141.37,141.25,141.3,99139
2025-01-21 21:45:00+00:00,141.3099,141.36,141.28,141.3,2654309
2025-01-21 21:50:00+00:00,141.3009,141.36,141.3,141.3,51852
2025-01-21 21:55:00+00:00,141.3,141.32,141.2,141.3088,93189
2025-01-21 22:00:00+00:00,141.26,141.39,141.26,141.36,201477
2025-01-21 22:05:00+00:00,141.38,141.38,141.2,141.23,81512
2025-01-21 22:10:00+00:00,141.2863,141.3,141.19,141.19,31465
2025-01-21 22:15:00+00:00,141.19,141.27,141.16,141.23,49384
2025-01-21 22:20:00+00:00,141.2295,141.72,141.15,141.7,225891
2025-01-21 22:25:00+00:00,141.7,142.9,141.5,142.8896,737789
2025-01-21 22:30:00+00:00,142.8899,143.24,142.55,142.8,669010
2025-01-21 22:35:00+00:00,142.76,143.56,142.61,143.5503,586258
2025-01-21 22:40:00+00:00,143.5783,143.9,143.25,143.6,537394
2025-01-21 22:45:00+00:00,143.6,143.7,143.25,143.25,215372
2025-01-21 22:50:00+00:00,143.25,143.66,143.25,143.55,185635
2025-01-21 22:55:00+00:00,143.59,143.59,140.83,143.02,149403
2025-01-21 23:00:00+00:00,143.02,143.03,142.51,142.64,179186
2025-01-21 23:05:00+00:00,142.63,142.78,142.2501,142.56,228675
2025-01-21 23:10:00+00:00,142.57,142.8,140.83,142.57,123173
2025-01-21 23:15:00+00:00,142.56,142.8,142.55,142.7412,127936
2025-01-21 23:20:00+00:00,142.73,142.85,142.7,142.82,99337
2025-01-21 23:25:00+00:00,142.79,142.95,142.7,142.7001,145951
2025-01-21 23:30:00+00:00,142.711,143.21,142.7,143.041,191210
2025-01-21 23:35:00+00:00,143.0405,143.1,142.92,143.0,100060
2025-01-21 23:40:00+00:00,143.0,143.0,142.78,142.78,78123
2025-01-21 23:45:00+00:00,142.7909,143.05,142.78,142.99,100746
2025-01-21 23:50:00+00:00,142.95,143.03,142.8,142.83,77152
2025-01-21 23:55:00+00:00,142.82,142.9,142.81,142.85,48913
2025-01-22 00:00:00+00:00,142.83,142.96,142.81,142.88,63340
2025-01-22 00:05:00+00:00,142.88,142.9578,142.82,142.87,55789
2025-01-22 00:10:00+00:00,142.87,142.94,142.8,142.8,62272
2025-01-22 00:15:00+00:00,142.8,142.8393,142.75,142.839,59047
2025-01-22 00:20:00+00:00,142.84,142.96,142.84,142.9298,75745
2025-01-22 00:25:00+00:00,142.9292,143.0,142.89,142.91,70321
2025-01-22 00:30:00+00:00,142.91,142.97,142.9013,142.95,47029
2025-01-22 00:35:00+00:00,142.9218,143.0,142.9,142.9793,110441
2025-01-22 00:40:00+00:00,142.95,143.14,142.95,143.0,148346
2025-01-22 00:45:00+00:00,143.02,143.22,143.0101,143.2,110796
2025-01-22 00:50:00+00:00,143.21,143.48,143.0511,143.1477,142390
2025-01-22 00:55:00+00:00,143.12,143.19,143.06,143.15,123042
2025-01-22 09:00:00+00:00,143.45,143.85,143.3,143.85,143215
2025-01-22 09:05:00+00:00,143.86,144.35,143.85,144.23,225022
2025-01-22 09:10:00+00:00,144.21,144.21,144.0,144.14,57854
2025-01-22 09:15:00+00:00,144.14,144.28,144.0,144.04,73208
2025-01-22 09:20:00+00:00,144.09,144.14,144.0,144.08,46495
2025-01-22 09:25:00+00:00,144.07,144.33,144.01,144.3,56228
2025-01-22 09:30:00+00:00,144.3,144.61,144.22,144.39,106341
2025-01-22 09:35:00+00:00,144.42,144.45,144.16,144.16,70830
2025-01-22 09:40:00+00:00,144.2,144.28,144.1,144.26,37028
2025-01-22 09:45:00+00:00,144.27,144.35,144.12,144.16,51136
2025-01-22 09:50:00+00:00,144.11,144.39,144.09,144.13,45364
2025-01-22 09:55:00+00:00,144.14,144.75,144.12,144.75,225297
2025-01-22 10:00:00+00:00,144.76,144.77,144.6,144.6,62466
2025-01-22 10:05:00+00:00,144.62,144.81,144.6,144.61,59098
2025-01-22 10:10:00+00:00,144.6,144.62,144.38,144.38,33163
2025-01-22 10:15:00+00:00,144.38,144.56,144.26,144.4,32570
2025-01-22 10:20:00+00:00,144.43,144.65,144.35,144.63,38822
2025-01-22 10:25:00+00:00,144.62,144.73,144.6,144.72,72951
2025-01-22 10:30:00+00:00,144.74,144.87,144.7,144.76,81028
2025-01-22 10:35:00+00:00,144.75,144.9,144.75,144.75,71119
2025-01-22 10:40:00+00:00,144.83,145.0,144.61,144.86,120170
2025-01-22 10:45:00+00:00,144.86,144.89,144.8,144.8,31386
2025-01-22 10:50:00+00:00,144.81,144.83,144.39,144.6,104869
2025-01-22 10:55:00+00:00,144.61,144.97,144.47,144.49,69936
2025-01-22 11:00:00+00:00,144.5,144.66,144.46,144.63,28255
2025-01-22 11:05:00+00:00,144.64,144.64,144.53,144.56,23304
2025-01-22 11:10:00+00:00,144.56,144.7,144.55,144.56,27919
2025-01-22 11:15:00+00:00,144.56,144.8,144.52,144.79,47528
2025-01-22 11:20:00+00:00,144.79,144.85,144.74,144.76,41097
2025-01-22 11:25:00+00:00,144.76,144.83,144.63,144.69,48847
2025-01-22 11:30:00+00:00,144.69,144.72,144.62,144.71,38002
2025-01-22 11:35:00+00:00,144.71,144.85,144.71,144.79,43873
2025-01-22 11:40:00+00:00,144.78,144.9,144.71,144.85,71032
2025-01-22 11:45:00+00:00,144.87,144.89,144.75,144.76,54397
2025-01-22 11:50:00+00:00,144.77,144.88,144.74,144.85,77346
2025-01-22 11:55:00+00:00,144.85,144.85,144.55,144.58,83041
2025-01-22 12:00:00+00:00,144.57,145.25,144.52,145.13,626135
2025-01-22 12:05:00+00:00,145.12,145.19,145.0,145.18,136602
2025-01-22 12:10:00+00:00,145.18,145.28,145.14,145.24,182063
2025-01-22 12:15:00+00:00,145.24,145.46,145.23,145.4,165899
2025-01-22 12:20:00+00:00,145.41,145.43,145.15,145.23,98425
2025-01-22 12:25:00+00:00,145.23,145.25,145.13,145.14,50891
2025-01-22 12:30:00+00:00,145.12,145.2,145.08,145.19,78276
2025-01-22 12:35:00+00:00,145.18,145.18,145.02,145.07,56217
2025-01-22 12:40:00+00:00,145.05,145.16,145.031,145.11,68288
2025-01-22 12:45:00+00:00,145.12,145.15,145.05,145.15,99776
2025-01-22 12:50:00+00:00,145.14,145.34,145.12,145.31,140099
2025-01-22 12:55:00+00:00,145.3,145.33,145.29,145.3,67920
2025-01-22 13:00:00+00:00,145.3,145.46,143.15,144.98,1594920
2025-01-22 13:05:00+00:00,145.0,145.11,144.96,145.04,140395
2025-01-22 13:10:00+00:00,145.0682,145.1,144.94,145.0,172724
2025-01-22 13:15:00+00:00,145.0,145.33,144.99,145.31,288066
2025-01-22 13:20:00+00:00,145.31,145.378,145.0,145.05,259111
2025-01-22 13:25:00+00:00,145.07,145.18,145.0,145.0007,200994
2025-01-22 13:30:00+00:00,145.03,145.25,144.99,145.2,178736
2025-01-22 13:35:00+00:00,145.2,145.23,145.1,145.2195,119487
2025-01-22 13:40:00+00:00,145.21,145.38,145.2,145.35,302545
2025-01-22 13:45:00+00:00,145.35,145.57,145.33,145.56,299489
2025-01-22 13:50:00+00:00,145.56,146.0,145.55,145.64,719387
2025-01-22 13:55:00+00:00,145.6495,145.67,145.3501,145.4388,300639
2025-01-22 14:00:00+00:00,145.4201,145.53,145.12,145.22,265667
2025-01-22 14:05:00+00:00,145.21,145.25,145.1,145.15,288837
2025-01-22 14:10:00+00:00,145.15,145.24,145.15,145.2,201184
2025-01-22 14:15:00+00:00,145.21,145.58,140.83,145.35,312677
2025-01-22 14:20:00+00:00,145.37,145.5,144.7,144.702,591622
2025-01-22 14:25:00+00:00,144.78,145.22,144.55,144.71,625410
2025-01-22 14:30:00+00:00,144.71,146.2296,143.67,145.0219,15922585
2025-01-22 14:35:00+00:00,145.04,145.88,144.3046,145.77,7890552
2025-01-22 14:40:00+00:00,145.75,146.98,145.61,146.97,8358143
2025-01-22 14:45:00+00:00,146.97,147.39,146.35,147.2541,8625760
2025-01-22 14:50:00+00:00,147.255,147.33,146.81,146.84,4934772
2025-01-22 14:55:00+00:00,146.835,147.43,146.14,146.2,6333699
2025-01-22 15:00:00+00:00,146.205,146.5,145.75,146.31,4640705
2025-01-22 15:05:00+00:00,146.325,146.87,145.93,146.4987,3302148
2025-01-22 15:10:00+00:00,146.5,146.71,146.25,146.53,2632166
2025-01-22 15:15:00+00:00,146.51,146.56,146.01,146.11,2533827
2025-01-22 15:20:00+00:00,146.09,146.45,145.85,146.39,3101354
2025-01-22 15:25:00+00:00,146.39,146.69,146.32,146.3789,2621015
2025-01-22 15:30:00+00:00,146.38,147.0,146.3,146.605,3872849
2025-01-22 15:35:00+00:00,146.61,146.9,146.52,146.61,2215222
2025-01-22 15:40:00+00:00,146.615,147.1,146.56,146.755,3341939
2025-01-22 15:45:00+00:00,146.75,147.18,146.65,147.04,2613266
2025-01-22 15:50:00+00:00,147.0495,147.07,146.22,146.3288,3581374
2025-01-22 15:55:00+00:00,146.325,146.4258,145.72,145.79,2884752
2025-01-22 16:00:00+00:00,145.795,146.1,145.71,145.9001,2412741
2025-01-22 16:05:00+00:00,145.91,146.19,145.84,146.08,1840783
2025-01-22 16:10:00+00:00,146.075,146.075,145.46,145.8,3394207
2025-01-22 16:15:00+00:00,145.81,146.14,145.78,146.02,1831228
2025-01-22 16:20:00+00:00,146.02,146.03,145.7302,145.7798,1467830
2025-01-22 16:25:00+00:00,145.775,146.15,145.77,146.005,1900558
2025-01-22 16:30:00+00:00,146.0099,146.04,145.7,145.795,1604193
2025-01-22 16:35:00+00:00,145.795,146.0699,145.76,146.02,1374389
2025-01-22 16:40:00+00:00,146.04,146.29,145.94,146.26,1733570
2025-01-22 16:45:00+00:00,146.265,146.49,146.2482,146.43,1866904
2025-01-22 16:50:00+00:00,146.4214,146.58,146.1616,146.3626,2026620
2025-01-22 16:55:00+00:00,146.37,146.68,146.23,146.5854,1626615
2025-01-22 17:00:00+00:00,146.59,146.7393,146.565,146.69,1368031
2025-01-22 17:05:00+00:00,146.7,146.84,146.6,146.82,1336243
2025-01-22 17:10:00+00:00,146.815,146.93,146.43,146.445,2320820
2025-01-22 17:15:00+00:00,146.445,146.76,146.44,146.54,1553594
2025-01-22 17:20:00+00:00,146.53,146.74,146.53,146.679,2032608
2025-01-22 17:25:00+00:00,146.68,146.83,146.6501,146.7597,2162452
2025-01-22 17:30:00+00:00,146.755,146.785,146.63,146.65,1071083
2025-01-22 17:35:00+00:00,146.65,146.8,146.65,146.755,920257
2025-01-22 17:40:00+00:00,146.76,146.77,146.53,146.59,961306
2025-01-22 17:45:00+00:00,146.585,146.85,146.45,146.8301,1538928
2025-01-22 17:50:00+00:00,146.8302,146.97,146.7006,146.945,1268925
2025-01-22 17:55:00+00:00,146.945,146.99,146.83,146.9792,1219534
2025-01-22 18:00:00+00:00,146.97,147.1,146.89,147.045,2579736
2025-01-22 18:05:00+00:00,147.045,147.05,146.905,146.9803,962050
2025-01-22 18:10:00+00:00,146.985,147.04,146.76,146.785,1197730
2025-01-22 18:15:00+00:00,146.785,146.81,146.54,146.5499,1252480
2025-01-22 18:20:00+00:00,146.54,146.67,146.38,146.615,1775630
2025-01-22 18:25:00+00:00,146.61,146.63,146.48,146.6,807480
2025-01-22 18:30:00+00:00,146.595,146.875,146.5,146.845,1462938
2025-01-22 18:35:00+00:00,146.84,147.0,146.82,146.954,1201840
2025-01-22 18:40:00+00:00,146.955,147.26,146.93,147.23,2305534
2025-01-22 18:45:00+00:00,147.23,147.55,147.2121,147.5,3502696
2025-01-22 18:50:00+00:00,147.505,147.71,147.46,147.64,2409333
2025-01-22 18:55:00+00:00,147.635,147.645,147.25,147.4,1803742
2025-01-22 19:00:00+00:00,147.4,147.5,147.3,147.315,3034595
2025-01-22 19:05:00+00:00,147.32,147.47,147.13,147.35,1529227
2025-01-22 19:10:00+00:00,147.35,147.5,147.28,147.485,1145726
2025-01-22 19:15:00+00:00,147.49,147.6,147.415,147.54,1338819
2025-01-22 19:20:00+00:00,147.541,147.56,147.41,147.505,1429815
2025-01-22 19:25:00+00:00,147.51,147.51,147.24,147.3701,1043143
2025-01-22 19:30:00+00:00,147.38,147.44,147.23,147.32,914310
2025-01-22 19:35:00+00:00,147.32,147.5,147.31,147.495,1360500
2025-01-22 19:40:00+00:00,147.5,147.55,147.32,147.365,1154694
2025-01-22 19:45:00+00:00,147.36,147.6,147.33,147.5699,1274445
2025-01-22 19:50:00+00:00,147.565,147.64,147.5,147.515,1067640
2025-01-22 19:55:00+00:00,147.5182,147.7763,147.5,147.76,1626637
2025-01-22 20:00:00+00:00,147.755,147.79,147.21,147.245,3120315
2025-01-22 20:05:00+00:00,147.25,147.4,147.14,147.2,1518235
2025-01-22 20:10:00+00:00,147.21,147.35,147.07,147.235,1764639
2025-01-22 20:15:00+00:00,147.24,147.5,147.23,147.475,1645128
2025-01-22 20:20:00+00:00,147.47,147.6,147.31,147.535,1449578
2025-01-22 20:25:00+00:00,147.539,147.539,147.03,147.0581,1546883
2025-01-22 20:30:00+00:00,147.055,147.45,147.04,147.35,1819811
2025-01-22 20:35:00+00:00,147.35,147.42,146.89,147.0,2274317
2025-01-22 20:40:00+00:00,146.995,147.1,146.9,146.96,1710912
2025-01-22 20:45:00+00:00,146.9515,147.08,146.74,146.9901,2629087
2025-01-22 20:50:00+00:00,146.995,147.34,146.7,147.19,3539371
2025-01-22 20:55:00+00:00,147.19,147.25,146.9018,147.03,5934284
2025-01-22 21:00:00+00:00,147.035,147.11,146.7623,146.8601,25655609
2025-01-22 21:05:00+00:00,146.88,147.07,146.84,146.86,246125
2025-01-22 21:10:00+00:00,146.86,147.07,146.8,146.88,128644
2025-01-22 21:15:00+00:00,146.87,146.88,146.8,146.8001,75699
2025-01-22 21:20:00+00:00,146.8001,146.83,146.7501,146.76,121852
2025-01-22 21:25:00+00:00,146.76,146.76,146.5715,146.5715,164472
2025-01-22 21:30:00+00:00,146.6,146.68,146.55,146.66,90158
2025-01-22 21:35:00+00:00,146.66,147.07,146.66,146.74,94144
2025-01-22 21:40:00+00:00,146.74,146.78,146.71,146.72,61316
2025-01-22 21:45:00+00:00,146.72,146.74,146.6,146.69,72285
2025-01-22 21:50:00+00:00,146.69,146.7,146.65,146.6603,23621
2025-01-22 21:55:00+00:00,146.66,146.73,146.66,146.6995,27279
2025-01-22 22:00:00+00:00,146.7,146.72,146.65,146.69,25612
2025-01-22 22:05:00+00:00,146.67,146.7291,146.66,146.66,34123
2025-01-22 22:10:00+00:00,146.67,146.68,146.57,146.58,32128
2025-01-22 22:15:00+00:00,146.5701,146.63,146.57,146.6,29452
2025-01-22 22:20:00+00:00,146.6,147.07,146.47,146.51,94834
2025-01-22 22:25:00+00:00,146.5005,146.56,146.36,146.36,42004
2025-01-22 22:30:00+00:00,146.37,146.4,146.3,146.3507,99069
2025-01-22 22:35:00+00:00,146.3507,146.41,146.2712,146.33,56447
2025-01-22 22:40:00+00:00,146.34,146.35,146.27,146.3101,33171
2025-01-22 22:45:00+00:00,146.3101,146.33,146.16,146.2018,84354
2025-01-22 22:50:00+00:00,146.21,146.33,146.21,146.3193,37681
2025-01-22 22:55:00+00:00,146.3,146.5,146.3,146.399,69206
2025-01-22 23:00:00+00:00,146.35,146.398,146.3,146.33,25514
2025-01-22 23:05:00+00:00,146.3,146.339,146.2704,146.3,33456
2025-01-22 23:10:00+00:00,146.3,146.3,146.0603,146.1499,86672
2025-01-22 23:15:00+00:00,146.15,146.19,146.1,146.15,43822
2025-01-22 23:20:00+00:00,146.12,146.2018,146.1,146.11,53625
2025-01-22 23:25:00+00:00,146.11,146.13,146.06,146.08,43064
2025-01-22 23:30:00+00:00,146.08,146.23,146.02,146.13,33454
2025-01-22 23:35:00+00:00,146.1399,146.15,146.07,146.1,45648
2025-01-22 23:40:00+00:00,146.1101,146.15,146.11,146.1493,31405
2025-01-22 23:45:00+00:00,146.15,146.1599,146.12,146.14,19459
2025-01-22 23:50:00+00:00,146.14,146.19,146.12,146.12,37534
2025-01-22 23:55:00+00:00,146.12,146.12,146.0102,146.03,69746
2025-01-23 00:00:00+00:00,146.04,146.04,146.0,146.0001,78086
2025-01-23 00:05:00+00:00,146.0,146.05,146.0,146.0,39169
2025-01-23 00:10:00+00:00,146.0005,146.03,145.7101,145.75,94743
2025-01-23 00:15:00+00:00,145.7405,145.85,145.67,145.671,58267
2025-01-23 00:20:00+00:00,145.69,145.84,145.67,145.7188,76592
2025-01-23 00:25:00+00:00,145.671,145.699,145.1916,145.3,200317
2025-01-23 00:30:00+00:00,145.3,145.3898,145.2,145.3,64061
2025-01-23 00:35:00+00:00,145.29,145.3,145.16,145.16,74052
2025-01-23 00:40:00+00:00,145.16,145.16,145.0,145.0,124015
2025-01-23 00:45:00+00:00,145.0,145.14,144.93,145.02,190983
2025-01-23 00:50:00+00:00,145.049,145.14,145.04,145.08,82017
2025-01-23 00:55:00+00:00,145.1295,145.26,145.1001,145.21,140844
2025-01-23 09:00:00+00:00,144.45,145.13,144.09,144.45,163249
2025-01-23 09:05:00+00:00,144.45,145.02,144.41,144.7,149005
2025-01-23 09:10:00+00:00,144.7,144.88,144.31,144.39,81254
2025-01-23 09:15:00+00:00,144.39,144.49,144.18,144.4,94904
2025-01-23 09:20:00+00:00,144.43,144.6,144.33,144.46,88296
2025-01-23 09:25:00+00:00,144.42,144.43,144.13,144.16,83850
2025-01-23 09:30:00+00:00,144.18,144.4,144.05,144.18,119964
2025-01-23 09:35:00+00:00,144.18,144.61,144.17,144.37,133817
2025-01-23 09:40:00+00:00,144.38,144.5,144.31,144.32,28333
2025-01-23 09:45:00+00:00,144.37,144.77,144.35,144.35,82751
2025-01-23 09:50:00+00:00,144.36,144.58,144.33,144.33,44336
2025-01-23 09:55:00+00:00,144.33,144.46,144.31,144.46,38867
2025-01-23 10:00:00+00:00,144.4,144.51,144.25,144.35,23926
2025-01-23 10:05:00+00:00,144.33,144.42,144.28,144.35,20971
2025-01-23 10:10:00+00:00,144.34,144.44,144.34,144.4,20983
2025-01-23 10:15:00+00:00,144.42,144.6,144.39,144.48,54124
2025-01-23 10:20:00+00:00,144.45,144.46,144.3,144.32,45876
2025-01-23 10:25:00+00:00,144.35,144.44,144.32,144.44,43997
2025-01-23 10:30:00+00:00,144.41,144.41,144.32,144.33,22620
2025-01-23 10:35:00+00:00,144.32,144.33,144.25,144.33,38829
2025-01-23 10:40:00+00:00,144.32,144.32,144.14,144.16,96515
2025-01-23 10:45:00+00:00,144.17,144.37,144.09,144.22,58386
2025-01-23 10:50:00+00:00,144.22,144.4,144.2,144.35,43413
2025-01-23 10:55:00+00:00,144.36,144.39,144.17,144.17,23515
2025-01-23 11:00:00+00:00,144.16,144.36,144.13,144.34,61186
2025-01-23 11:05:00+00:00,144.32,144.35,144.26,144.33,16020
2025-01-23 11:10:00+00:00,144.33,144.35,144.29,144.3,22941
2025-01-23 11:15:00+00:00,144.31,144.35,144.29,144.33,21673
2025-01-23 11:20:00+00:00,144.33,144.48,144.33,144.4,41158
2025-01-23 11:25:00+00:00,144.43,144.44,144.28,144.35,20406
2025-01-23 11:30:00+00:00,144.33,144.35,144.25,144.25,20182
2025-01-23 11:35:00+00:00,144.25,144.35,144.14,144.35,33159
2025-01-23 11:40:00+00:00,144.34,144.38,144.33,144.38,30437
2025-01-23 11:45:00+00:00,144.37,144.58,144.34,144.51,66289
2025-01-23 11:50:00+00:00,144.53,144.55,144.45,144.55,22563
2025-01-23 11:55:00+00:00,144.57,144.69,144.57,144.65,42386
2025-01-23 12:00:00+00:00,144.64,144.69,144.22,144.37,163740
2025-01-23 12:05:00+00:00,144.35,144.39,144.14,144.35,68673
2025-01-23 12:10:00+00:00,144.35,144.52,144.25,144.47,49178
2025-01-23 12:15:00+00:00,144.48,144.49,144.35,144.41,34386
2025-01-23 12:20:00+00:00,144.4,144.55,144.35,144.5,50624
2025-01-23 12:25:00+00:00,144.5,144.76,144.48,144.75,78066
2025-01-23 12:30:00+00:00,144.75,145.0,143.99,144.22,438943
2025-01-23 12:35:00+00:00,144.24,144.38,143.8,144.2,201104
2025-01-23 12:40:00+00:00,144.2,144.45,144.11,144.4,75351
2025-01-23 12:45:00+00:00,144.42,144.43,144.34,144.39,83739
2025-01-23 12:50:00+00:00,144.38,144.52,144.35,144.4,52209
2025-01-23 12:55:00+00:00,144.37,144.4,144.24,144.37,65838
2025-01-23 13:00:00+00:00,144.65,145.45,143.9,144.5,1100917
2025-01-23 13:05:00+00:00,144.5,144.5,144.2,144.29,136017
2025-01-23 13:10:00+00:00,144.3,144.5,144.14,144.14,114300
2025-01-23 13:15:00+00:00,144.1399,144.3,144.12,144.2307,110679
2025-01-23 13:20:00+00:00,144.25,144.4,144.24,144.35,83091
2025-01-23 13:25:00+00:00,144.36,144.95,144.36,144.69,229792
2025-01-23 13:30:00+00:00,144.74,144.8995,144.38,144.55,193323
2025-01-23 13:35:00+00:00,144.5507,144.68,144.49,144.6,104637
2025-01-23 13:40:00+00:00,144.61,144.85,144.6,144.761,133811
2025-01-23 13:45:00+00:00,144.78,144.89,144.66,144.71,96482
2025-01-23 13:50:00+00:00,144.7,144.91,144.6605,144.81,140374
2025-01-23 13:55:00+00:00,144.82,144.9,144.66,144.7,90120
2025-01-23 14:00:00+00:00,144.7,144.79,144.66,144.67,82013
2025-01-23 14:05:00+00:00,144.66,144.75,144.62,144.7,128491
2025-01-23 14:10:00+00:00,144.71,144.82,144.67,144.67,94081
2025-01-23 14:15:00+00:00,144.69,144.77,144.64,144.7001,862647
2025-01-23 14:20:00+00:00,144.7,144.7,144.38,144.3805,166221
2025-01-23 14:25:00+00:00,144.4,145.15,144.4,145.0501,430680
2025-01-23 14:30:00+00:00,145.05,145.09,143.72,144.59,9441758
2025-01-23 14:35:00+00:00,144.58,144.99,144.16,144.98,4289106
2025-01-23 14:40:00+00:00,144.9814,145.52,144.64,145.515,4294910
2025-01-23 14:45:00+00:00,145.52,145.55,144.81,145.4101,3195266
2025-01-23 14:50:00+00:00,145.41,145.72,145.17,145.35,2628046
2025-01-23 14:55:00+00:00,145.345,145.485,144.91,145.3524,2701670
2025-01-23 15:00:00+00:00,145.36,145.66,144.8201,144.88,2932033
2025-01-23 15:05:00+00:00,144.8888,145.305,144.765,145.16,2444260
2025-01-23 15:10:00+00:00,145.17,145.8899,145.145,145.875,2854635
2025-01-23 15:15:00+00:00,145.875,145.93,145.18,145.18,2397853
2025-01-23 15:20:00+00:00,145.185,145.58,145.01,145.4601,2317845
2025-01-23 15:25:00+00:00,145.47,145.475,144.85,145.29,2207860
2025-01-23 15:30:00+00:00,145.2905,145.66,145.05,145.625,1939531
2025-01-23 15:35:00+00:00,145.625,145.95,145.52,145.84,1956684
2025-01-23 15:40:00+00:00,145.84,146.04,145.78,145.905,1855169
2025-01-23 15:45:00+00:00,145.9,146.29,145.875,146.225,2250632
2025-01-23 15:50:00+00:00,146.225,146.255,145.94,146.03,1695823
2025-01-23 15:55:00+00:00,146.03,146.1,145.94,145.97,1128836
2025-01-23 16:00:00+00:00,145.9745,146.17,145.82,146.02,2097544
2025-01-23 16:05:00+00:00,146.0201,146.15,145.64,145.69,1391986
2025-01-23 16:10:00+00:00,145.7,145.98,145.51,145.93,2515963
2025-01-23 16:15:00+00:00,145.9301,145.98,145.62,145.652,1042228
2025-01-23 16:20:00+00:00,145.66,145.72,145.44,145.4899,1488887
2025-01-23 16:25:00+00:00,145.4802,145.73,145.32,145.715,1870975
2025-01-23 16:30:00+00:00,145.71,146.17,145.65,146.0499,1741760
2025-01-23 16:35:00+00:00,146.05,146.11,145.84,145.965,1093829
2025-01-23 16:40:00+00:00,145.98,146.22,145.88,146.1634,1006115
2025-01-23 16:45:00+00:00,146.16,146.32,145.92,146.1507,1404243
2025-01-23 16:50:00+00:00,146.1401,146.1861,145.78,146.01,1126589
2025-01-23 16:55:00+00:00,146.025,146.076,145.77,145.8248,1042206
2025-01-23 17:00:00+00:00,145.825,145.825,145.53,145.58,983478
2025-01-23 17:05:00+00:00,145.5898,145.825,145.56,145.63,911616
2025-01-23 17:10:00+00:00,145.6261,145.7299,145.53,145.7,703944
2025-01-23 17:15:00+00:00,145.7099,145.85,145.5899,145.6352,775897
2025-01-23 17:20:00+00:00,145.63,145.645,145.49,145.5199,953841
2025-01-23 17:25:00+00:00,145.515,145.5268,145.28,145.38,1253615
2025-01-23 17:30:00+00:00,145.385,145.3999,145.01,145.07,1521668
2025-01-23 17:35:00+00:00,145.065,145.28,144.98,145.2276,1459779
2025-01-23 17:40:00+00:00,145.23,145.4,145.1102,145.395,1062034
2025-01-23 17:45:00+00:00,145.395,145.52,145.36,145.4148,949052
2025-01-23 17:50:00+00:00,145.4148,145.51,145.37,145.45,740855
2025-01-23 17:55:00+00:00,145.445,145.48,145.36,145.43,598792
2025-01-23 18:00:00+00:00,145.43,145.61,145.42,145.56,934247
2025-01-23 18:05:00+00:00,145.56,145.58,145.48,145.5188,590035
2025-01-23 18:10:00+00:00,145.51,145.665,145.42,145.64,1142176
2025-01-23 18:15:00+00:00,145.635,145.972,145.635,145.91,1354698
2025-01-23 18:20:00+00:00,145.9185,146.11,145.91,146.07,1222257
2025-01-23 18:25:00+00:00,146.07,146.0883,145.86,145.9,883911
2025-01-23 18:30:00+00:00,145.9,146.13,145.88,146.1,796741
2025-01-23 18:35:00+00:00,146.1,146.35,146.07,146.34,1587261
2025-01-23 18:40:00+00:00,146.35,146.35,146.015,146.2399,1061178
2025-01-23 18:45:00+00:00,146.2201,146.26,146.11,146.135,781468
2025-01-23 18:50:00+00:00,146.1353,146.35,146.12,146.2252,908636
2025-01-23 18:55:00+00:00,146.225,146.33,146.13,146.26,803705
2025-01-23 19:00:00+00:00,146.265,146.28,146.15,146.2,596958
2025-01-23 19:05:00+00:00,146.1921,146.325,146.09,146.3,991688
2025-01-23 19:10:00+00:00,146.3,146.32,146.22,146.2982,721508
2025-01-23 19:15:00+00:00,146.3,146.47,146.25,146.42,1181366
2025-01-23 19:20:00+00:00,146.416,146.575,146.342,146.575,1224379
2025-01-23 19:25:00+00:00,146.5799,146.72,146.55,146.5899,1466263
2025-01-23 19:30:00+00:00,146.59,146.75,146.44,146.46,1176823
2025-01-23 19:35:00+00:00,146.4695,146.75,146.41,146.7299,1091293
2025-01-23 19:40:00+00:00,146.72,146.86,146.63,146.685,1219506
2025-01-23 19:45:00+00:00,146.685,146.7099,146.4101,146.445,893138
2025-01-23 19:50:00+00:00,146.45,146.52,146.35,146.37,1177670
2025-01-23 19:55:00+00:00,146.36,146.48,146.28,146.284,1111062
2025-01-23 20:00:00+00:00,146.28,146.38,146.0,146.0702,1610734
2025-01-23 20:05:00+00:00,146.0784,146.36,146.0,146.3,2732385
2025-01-23 20:10:00+00:00,146.295,146.54,146.18,146.46,1176486
2025-01-23 20:15:00+00:00,146.467,146.6,146.4,146.48,1332484
2025-01-23 20:20:00+00:00,146.4724,146.62,146.41,146.6193,919034
2025-01-23 20:25:00+00:00,146.62,146.62,146.4,146.48,779017
2025-01-23 20:30:00+00:00,146.47,146.52,146.32,146.355,1063991
2025-01-23 20:35:00+00:00,146.35,146.43,146.145,146.295,1439784
2025-01-23 20:40:00+00:00,146.2948,146.38,146.13,146.16,1154065
2025-01-23 20:45:00+00:00,146.16,146.28,146.07,146.23,1312384
2025-01-23 20:50:00+00:00,146.23,146.88,146.21,146.84,3843204
2025-01-23 20:55:00+00:00,146.84,147.23,146.805,147.21,7045655
2025-01-23 21:00:00+00:00,147.22,147.25,146.82,146.9,14053899
2025-01-23 21:05:00+00:00,146.8994,147.22,146.7,146.7105,437127
2025-01-23 21:10:00+00:00,146.73,147.22,146.65,146.67,166414
2025-01-23 21:15:00+00:00,146.7,146.7,146.48,146.6,351617
2025-01-23 21:20:00+00:00,146.5982,146.6,146.45,146.53,286839
2025-01-23 21:25:00+00:00,146.52,146.53,146.39,146.44,59611
2025-01-23 21:30:00+00:00,146.47,146.72,146.4404,146.7,86010
2025-01-23 21:35:00+00:00,146.7,146.8789,146.5356,146.8293,118614
2025-01-23 21:40:00+00:00,146.8,146.82,146.66,146.69,36401
2025-01-23 21:45:00+00:00,146.69,146.8,146.69,146.7988,41380
2025-01-23 21:50:00+00:00,146.7951,146.889,146.79,146.8399,45718
2025-01-23 21:55:00+00:00,146.84,147.22,146.81,146.85,25231
2025-01-23 22:00:00+00:00,146.85,146.97,146.72,146.73,52941
2025-01-23 22:05:00+00:00,146.73,146.85,146.7015,146.78,37789
2025-01-23 22:10:00+00:00,146.76,146.82,146.67,146.82,24981
2025-01-23 22:15:00+00:00,146.82,146.83,146.74,146.76,23527
2025-01-23 22:20:00+00:00,146.76,146.77,146.75,146.76,12827
2025-01-23 22:25:00+00:00,146.75,146.77,146.67,146.6895,17140
2025-01-23 22:30:00+00:00,146.6605,146.68,146.64,146.66,21407
2025-01-23 22:35:00+00:00,146.67,147.22,146.63,146.6317,22939
2025-01-23 22:40:00+00:00,146.67,146.75,146.61,146.62,27596
2025-01-23 22:45:00+00:00,146.62,146.6499,146.61,146.6101,13134
2025-01-23 22:50:00+00:00,146.6399,146.6399,146.48,146.55,36845
2025-01-23 22:55:00+00:00,146.57,146.6198,146.53,146.55,21340
2025-01-23 23:00:00+00:00,146.53,146.53,146.4,146.41,55120
2025-01-23 23:05:00+00:00,146.43,146.5,146.41,146.4114,39209
2025-01-23 23:10:00+00:00,146.4117,146.45,146.3508,146.3791,27572
2025-01-23 23:15:00+00:00,146.35,146.45,146.3,146.4,37653
2025-01-23 23:20:00+00:00,146.44,146.6,146.44,146.6,50917
2025-01-23 23:25:00+00:00,146.55,146.5906,146.51,146.5703,22647
2025-01-23 23:30:00+00:00,146.57,146.66,146.56,146.65,27146
2025-01-23 23:35:00+00:00,146.65,146.7,146.65,146.66,23025
2025-01-23 23:40:00+00:00,146.67,146.6795,146.56,146.56,22408
2025-01-23 23:45:00+00:00,146.57,146.6,146.54,146.5595,23268
2025-01-23 23:50:00+00:00,146.55,146.66,146.5407,146.6015,17791
2025-01-23 23:55:00+00:00,146.65,146.65,146.552,146.61,11185
2025-01-24 00:00:00+00:00,146.6104,146.65,146.5799,146.58,13607
2025-01-24 00:05:00+00:00,146.6,146.6107,146.531,146.5401,10438
2025-01-24 00:10:00+00:00,146.5402,146.59,146.5401,146.59,7711
2025-01-24 00:15:00+00:00,146.57,146.5988,146.5451,146.57,8670
2025-01-24 00:20:00+00:00,146.55,146.5598,146.5004,146.5195,16084
2025-01-24 00:25:00+00:00,146.52,146.52,146.41,146.4115,29381
2025-01-24 00:30:00+00:00,146.45,146.45,146.37,146.4,29745
2025-01-24 00:35:00+00:00,146.381,146.4194,146.3601,146.39,13845
2025-01-24 00:40:00+00:00,146.39,146.5,146.3712,146.46,33584
2025-01-24 00:45:00+00:00,146.4501,146.53,146.4501,146.53,19482
2025-01-24 00:50:00+00:00,146.5201,146.55,146.51,146.54,24501
2025-01-24 00:55:00+00:00,146.54,146.54,146.3,146.41,72350
2025-01-24 09:00:00+00:00,146.03,146.74,146.03,146.72,74912
2025-01-24 09:05:00+00:00,146.8,146.89,146.63,146.65,65946
2025-01-24 09:10:00+00:00,146.66,146.78,146.63,146.78,20122
2025-01-24 09:15:00+00:00,146.8,147.05,146.79,146.96,60022
2025-01-24 09:20:00+00:00,146.97,147.32,146.97,147.29,81954
2025-01-24 09:25:00+00:00,147.25,147.29,147.12,147.26,31769
2025-01-24 09:30:00+00:00,147.26,147.39,147.22,147.23,43026
2025-01-24 09:35:00+00:00,147.23,147.24,147.07,147.1,24746
2025-01-24 09:40:00+00:00,147.07,147.27,147.03,147.23,31794
2025-01-24 09:45:00+00:00,147.24,147.25,147.1,147.15,15795
2025-01-24 09:50:00+00:00,147.18,147.4,147.1,147.3,41458
2025-01-24 09:55:00+00:00,147.32,147.32,147.13,147.13,19856
2025-01-24 10:00:00+00:00,147.15,147.21,147.1,147.13,10619
2025-01-24 10:05:00+00:00,147.15,147.2,147.15,147.18,19221
2025-01-24 10:10:00+00:00,147.15,147.17,147.04,147.14,17136
2025-01-24 10:15:00+00:00,147.13,147.13,147.05,147.12,15361
2025-01-24 10:20:00+00:00,147.13,147.18,147.08,147.08,11746
2025-01-24 10:25:00+00:00,147.06,147.12,147.0,147.03,16805
2025-01-24 10:30:00+00:00,147.01,147.05,146.89,147.05,21879
2025-01-24 10:35:00+00:00,147.01,147.02,146.8,146.81,17330
2025-01-24 10:40:00+00:00,146.82,146.95,146.81,146.86,18227
2025-01-24 10:45:00+00:00,146.84,146.95,146.84,146.95,11767
2025-01-24 10:50:00+00:00,146.95,146.98,146.84,146.9,9012
2025-01-24 10:55:00+00:00,146.94,146.97,146.89,146.9,8146
2025-01-24 11:00:00+00:00,146.89,146.94,146.84,146.84,11375
2025-01-24 11:05:00+00:00,146.84,146.92,146.84,146.87,9218
2025-01-24 11:10:00+00:00,146.85,146.86,146.76,146.83,15871
2025-01-24 11:15:00+00:00,146.81,146.81,146.7,146.72,12465
2025-01-24 11:20:00+00:00,146.72,146.76,146.66,146.76,15197
2025-01-24 11:25:00+00:00,146.76,146.9,146.19,146.3,94472
2025-01-24 11:30:00+00:00,146.29,146.42,145.89,146.05,154011
2025-01-24 11:35:00+00:00,146.07,146.09,145.52,145.9,101898
2025-01-24 11:40:00+00:00,145.93,146.17,145.85,146.14,43606
2025-01-24 11:45:00+00:00,146.09,146.15,145.77,146.09,53324
2025-01-24 11:50:00+00:00,146.1,146.11,145.6,145.84,92459
2025-01-24 11:55:00+00:00,145.87,146.1,145.83,146.1,42104
2025-01-24 12:00:00+00:00,146.1,146.39,146.02,146.35,133434
2025-01-24 12:05:00+00:00,146.36,146.37,146.1,146.21,58464
2025-01-24 12:10:00+00:00,146.23,146.36,146.2,146.29,49589
2025-01-24 12:15:00+00:00,146.26,146.47,146.22,146.45,47147
2025-01-24 12:20:00+00:00,146.47,146.58,146.35,146.49,48303
2025-01-24 12:25:00+00:00,146.51,146.75,146.49,146.7,74875
2025-01-24 12:30:00+00:00,146.7,146.75,146.51,146.59,68013
2025-01-24 12:35:00+00:00,146.59,146.68,146.41,146.5,81833
2025-01-24 12:40:00+00:00,146.5,146.61,146.49,146.59,31612
2025-01-24 12:45:00+00:00,146.6,146.71,146.56,146.61,48721
2025-01-24 12:50:00+00:00,146.62,146.66,146.46,146.5,43380
2025-01-24 12:55:00+00:00,146.5,146.65,146.41,146.63,33485
2025-01-24 13:00:00+00:00,146.13,147.3596,145.82,146.61,554890
2025-01-24 13:05:00+00:00,146.61,146.67,146.5012,146.5012,67619
2025-01-24 13:10:00+00:00,146.5,146.52,146.4,146.45,68240
2025-01-24 13:15:00+00:00,146.45,146.95,146.4201,146.68,117064
2025-01-24 13:20:00+00:00,146.69,146.89,146.52,146.58,180675
2025-01-24 13:25:00+00:00,146.65,146.65,146.43,146.47,90330
2025-01-24 13:30:00+00:00,146.48,146.48,146.38,146.42,85248
2025-01-24 13:35:00+00:00,146.41,146.4731,146.38,146.39,88317
2025-01-24 13:40:00+00:00,146.38,146.38,145.9699,146.13,217429
2025-01-24 13:45:00+00:00,146.12,146.16,146.0,146.1599,93169
2025-01-24 13:50:00+00:00,146.14,146.28,146.08,146.08,131702
2025-01-24 13:55:00+00:00,146.07,146.19,146.0,146.18,110010
2025-01-24 14:00:00+00:00,146.18,146.19,146.01,146.11,160626
2025-01-24 14:05:00+00:00,146.09,148.21,146.06,147.62,2223760
2025-01-24 14:10:00+00:00,147.62,148.38,147.5,147.95,1015318
2025-01-24 14:15:00+00:00,147.95,149.1,147.94,148.93,1506378
2025-01-24 14:20:00+00:00,148.93,149.1,148.6297,148.82,942605
2025-01-24 14:25:00+00:00,148.79,148.87,148.3012,148.34,572881
2025-01-24 14:30:00+00:00,148.37,148.97,147.45,147.79,9433190
2025-01-24 14:35:00+00:00,147.8,147.98,146.37,146.93,5705505
2025-01-24 14:40:00+00:00,146.93,147.32,146.46,146.73,4927791
2025-01-24 14:45:00+00:00,146.75,147.84,146.72,147.605,4339760
2025-01-24 14:50:00+00:00,147.605,148.185,147.425,148.0262,3474343
2025-01-24 14:55:00+00:00,148.0234,148.0781,147.57,147.86,3404227
2025-01-24 15:00:00+00:00,147.86,148.21,147.15,147.33,3672735
2025-01-24 15:05:00+00:00,147.34,147.65,146.9,147.05,2994259
2025-01-24 15:10:00+00:00,147.05,147.15,146.48,146.55,3419104
2025-01-24 15:15:00+00:00,146.55,146.6299,145.76,146.48,6281135
2025-01-24 15:20:00+00:00,146.48,146.5099,145.93,146.445,3179914
2025-01-24 15:25:00+00:00,146.4699,146.5,145.83,146.05,2153588
2025-01-24 15:30:00+00:00,146.04,146.57,146.03,146.42,2017896
2025-01-24 15:35:00+00:00,146.41,146.5,145.56,145.77,2930072
2025-01-24 15:40:00+00:00,145.77,145.98,145.47,145.785,2762216
2025-01-24 15:45:00+00:00,145.79,145.793,145.25,145.308,2936536
2025-01-24 15:50:00+00:00,145.3,145.52,145.03,145.495,3357703
2025-01-24 15:55:00+00:00,145.5,145.55,145.08,145.15,1984949
2025-01-24 16:00:00+00:00,145.14,145.4699,144.92,145.075,3066718
2025-01-24 16:05:00+00:00,145.075,145.6,145.04,145.52,1944215
2025-01-24 16:10:00+00:00,145.52,145.69,145.3201,145.44,1733797
2025-01-24 16:15:00+00:00,145.45,145.5395,145.19,145.314,1290883
2025-01-24 16:20:00+00:00,145.315,145.42,145.1,145.195,1469314
2025-01-24 16:25:00+00:00,145.195,145.38,145.15,145.19,1542902
2025-01-24 16:30:00+00:00,145.19,145.3,144.92,145.125,2472299
2025-01-24 16:35:00+00:00,145.1,145.18,144.98,145.04,1311231
2025-01-24 16:40:00+00:00,145.04,145.25,145.02,145.2,1275990
2025-01-24 16:45:00+00:00,145.21,145.22,145.06,145.14,988284
2025-01-24 16:50:00+00:00,145.145,145.4,144.8,144.8052,2757458
2025-01-24 16:55:00+00:00,144.8001,144.89,144.24,144.35,3781683
2025-01-24 17:00:00+00:00,144.35,144.71,144.25,144.545,2197423
2025-01-24 17:05:00+00:00,144.5452,144.62,144.14,144.4399,1821356
2025-01-24 17:10:00+00:00,144.4308,144.6,144.3,144.4801,1489784
2025-01-24 17:15:00+00:00,144.485,144.73,144.465,144.6633,1328211
2025-01-24 17:20:00+00:00,144.6676,144.77,144.6,144.7348,1126227
2025-01-24 17:25:00+00:00,144.735,144.75,144.32,144.435,1454171
2025-01-24 17:30:00+00:00,144.43,144.6154,144.37,144.481,1097810
2025-01-24 17:35:00+00:00,144.49,144.5277,143.94,144.01,2247056
2025-01-24 17:40:00+00:00,144.0,144.09,143.85,143.9089,2041227
2025-01-24 17:45:00+00:00,143.9011,144.165,143.87,144.0899,1414040
2025-01-24 17:50:00+00:00,144.09,144.14,143.03,143.362,3756007
2025-01-24 17:55:00+00:00,143.37,143.3799,142.9,143.19,3230763
2025-01-24 18:00:00+00:00,143.19,143.5,143.06,143.39,1989269
2025-01-24 18:05:00+00:00,143.395,143.45,142.82,142.85,2218274
2025-01-24 18:10:00+00:00,142.85,143.0298,142.62,142.94,2836887
2025-01-24 18:15:00+00:00,142.9399,143.38,142.935,143.25,1769380
2025-01-24 18:20:00+00:00,143.26,143.7,143.23,143.6199,1863851
2025-01-24 18:25:00+00:00,143.6,143.605,143.31,143.39,1412135
2025-01-24 18:30:00+00:00,143.39,143.57,143.1,143.12,1529677
2025-01-24 18:35:00+00:00,143.12,143.2476,142.96,143.1695,1656076
2025-01-24 18:40:00+00:00,143.17,143.24,142.85,142.91,1892281
2025-01-24 18:45:00+00:00,142.9101,143.0699,142.68,142.92,1873021
2025-01-24 18:50:00+00:00,142.91,143.08,142.63,142.88,1844775
2025-01-24 18:55:00+00:00,142.88,142.91,142.29,142.3,6953959
2025-01-24 19:00:00+00:00,142.3,142.6,142.1,142.18,2422023
2025-01-24 19:05:00+00:00,142.19,142.31,141.96,142.04,3108837
2025-01-24 19:10:00+00:00,142.045,142.3842,141.9401,142.19,2567267
2025-01-24 19:15:00+00:00,142.185,142.32,141.95,141.985,1890793
2025-01-24 19:20:00+00:00,141.9885,142.49,141.98,142.3691,2511420
2025-01-24 19:25:00+00:00,142.36,142.55,142.27,142.3101,2263071
2025-01-24 19:30:00+00:00,142.31,142.5,142.06,142.17,1540036
2025-01-24 19:35:00+00:00,142.169,142.5,142.1635,142.4701,1285794
2025-01-24 19:40:00+00:00,142.475,142.55,142.21,142.2212,1292299
2025-01-24 19:45:00+00:00,142.2215,142.535,142.21,142.51,1146320
2025-01-24 19:50:00+00:00,142.5068,142.85,142.5,142.75,1898745
2025-01-24 19:55:00+00:00,142.77,142.78,142.33,142.35,1650708
2025-01-24 20:00:00+00:00,142.35,142.38,142.13,142.285,1749912
2025-01-24 20:05:00+00:00,142.285,142.3,141.88,141.906,2299414
2025-01-24 20:10:00+00:00,141.9,142.3256,141.89,142.245,1662699
2025-01-24 20:15:00+00:00,142.24,142.2699,141.9172,142.0056,3204733
2025-01-24 20:20:00+00:00,142.0047,142.15,141.94,142.125,1340593
2025-01-24 20:25:00+00:00,142.12,142.15,141.95,142.035,1270972
2025-01-24 20:30:00+00:00,142.03,142.55,142.0101,142.44,2436435
2025-01-24 20:35:00+00:00,142.45,142.7,142.37,142.395,2121167
2025-01-24 20:40:00+00:00,142.38,142.38,142.12,142.185,1959216
2025-01-24 20:45:00+00:00,142.18,142.28,141.9,142.01,2596236
2025-01-24 20:50:00+00:00,142.02,142.6299,142.02,142.42,4285488
2025-01-24 20:55:00+00:00,142.42,142.836,142.33,142.6004,8087239
2025-01-24 21:00:00+00:00,142.61,142.72,142.41,142.68,21795004
2025-01-24 21:05:00+00:00,142.66,142.68,142.38,142.39,178622
2025-01-24 21:10:00+00:00,142.4,142.5,142.3105,142.5,147421
2025-01-24 21:15:00+00:00,142.4999,142.589,142.44,142.5,67824
2025-01-24 21:20:00+00:00,142.5,142.55,142.46,142.53,93136
2025-01-24 21:25:00+00:00,142.53,142.55,142.4302,142.499,49861
2025-01-24 21:30:00+00:00,142.47,142.55,142.44,142.55,57280
2025-01-24 21:35:00+00:00,142.5403,142.59,142.51,142.52,67478
2025-01-24 21:40:00+00:00,142.51,142.51,142.43,142.43,40403
2025-01-24 21:45:00+00:00,142.4497,142.55,142.43,142.43,52022
2025-01-24 21:50:00+00:00,142.43,142.62,142.4,142.44,56063
2025-01-24 21:55:00+00:00,142.43,142.49,142.42,142.4649,38042
2025-01-24 22:00:00+00:00,142.47,142.48,142.42,142.43,22356
2025-01-24 22:05:00+00:00,142.43,142.44,142.29,142.32,51778
2025-01-24 22:10:00+00:00,142.3195,142.3999,142.3,142.33,47493
2025-01-24 22:15:00+00:00,142.33,142.33,142.1703,142.24,78609
2025-01-24 22:20:00+00:00,142.2499,142.3099,142.21,142.2797,41389
2025-01-24 22:25:00+00:00,142.28,142.3003,142.17,142.17,48560
2025-01-24 22:30:00+00:00,142.18,142.23,142.17,142.22,38657
2025-01-24 22:35:00+00:00,142.23,142.42,142.23,142.3993,55510
2025-01-24 22:40:00+00:00,142.39,142.42,142.37,142.3701,27212
2025-01-24 22:45:00+00:00,142.4,142.44,142.35,142.36,28657
2025-01-24 22:50:00+00:00,142.3352,142.36,142.21,142.23,58248
2025-01-24 22:55:00+00:00,142.2202,142.35,142.22,142.3,27372
2025-01-24 23:00:00+00:00,142.29,142.33,142.23,142.2405,24313
2025-01-24 23:05:00+00:00,142.25,142.26,142.16,142.17,67959
2025-01-24 23:10:00+00:00,142.1758,142.21,142.16,142.2001,43095
2025-01-24 23:15:00+00:00,142.2,142.2799,142.19,142.25,26645
2025-01-24 23:20:00+00:00,142.25,142.28,142.24,142.25,15194
2025-01-24 23:25:00+00:00,142.24,142.25,142.15,142.22,47794
2025-01-24 23:30:00+00:00,142.22,142.24,142.17,142.22,29227
2025-01-24 23:35:00+00:00,142.2,142.24,142.1999,142.2002,27652
2025-01-24 23:40:00+00:00,142.2,142.2,142.11,142.1399,39834
2025-01-24 23:45:00+00:00,142.14,142.15,142.05,142.15,79219
2025-01-24 23:50:00+00:00,142.1491,142.18,142.11,142.17,40603
2025-01-24 23:55:00+00:00,142.14,142.2,142.14,142.16,24203
2025-01-25 00:00:00+00:00,142.1798,142.18,142.15,142.1505,16821
2025-01-25 00:05:00+00:00,142.17,142.2,142.16,142.18,23889
2025-01-25 00:10:00+00:00,142.17,142.17,142.13,142.13,29645
2025-01-25 00:15:00+00:00,142.13,142.18,142.1,142.1499,27110
2025-01-25 00:20:00+00:00,142.15,142.17,142.08,142.12,25891
2025-01-25 00:25:00+00:00,142.1293,142.15,142.09,142.11,17139
2025-01-25 00:30:00+00:00,142.11,142.13,142.0,142.01,67729
2025-01-25 00:35:00+00:00,142.0208,142.07,142.0,142.04,66854
2025-01-25 00:40:00+00:00,142.06,142.0798,142.0205,142.05,37634
2025-01-25 00:45:00+00:00,142.05,142.0691,142.01,142.0402,44841
2025-01-25 00:50:00+00:00,142.04,142.14,142.04,142.11,47408
2025-01-25 00:55:00+00:00,142.11,142.13,142.0,142.02,92313
2025-01-27 09:00:00+00:00,133.37,135.9,130.0,131.5,1651635
2025-01-27 09:05:00+00:00,131.52,133.19,131.5,133.1,857765
2025-01-27 09:10:00+00:00,133.1,133.11,130.5,132.12,572522
2025-01-27 09:15:00+00:00,132.17,132.65,131.24,131.3,543416
2025-01-27 09:20:00+00:00,131.3,131.78,130.94,131.25,685404
2025-01-27 09:25:00+00:00,131.27,131.29,130.43,130.43,637445
2025-01-27 09:30:00+00:00,130.43,131.39,130.33,130.63,756560
2025-01-27 09:35:00+00:00,130.67,130.85,130.0,130.3,612105
2025-01-27 09:40:00+00:00,130.3,130.4,129.41,129.46,977432
2025-01-27 09:45:00+00:00,129.45,129.48,128.4,128.5,1212071
2025-01-27 09:50:00+00:00,128.49,129.22,128.22,128.87,989841
2025-01-27 09:55:00+00:00,128.86,128.87,128.14,128.2,551159
2025-01-27 10:00:00+00:00,128.22,128.3,127.67,127.81,852279
2025-01-27 10:05:00+00:00,127.81,129.12,127.68,128.8,922474
2025-01-27 10:10:00+00:00,128.78,128.8,128.02,128.2,399714
2025-01-27 10:15:00+00:00,128.19,128.2,127.65,127.69,506491
2025-01-27 10:20:00+00:00,127.69,128.85,127.22,128.0,687689
2025-01-27 10:25:00+00:00,128.0,128.0,126.0,126.64,925816
2025-01-27 10:30:00+00:00,126.63,127.05,125.92,125.92,802932
2025-01-27 10:35:00+00:00,125.91,127.17,125.85,126.95,618764
2025-01-27 10:40:00+00:00,126.98,127.0,125.5,125.54,560641
2025-01-27 10:45:00+00:00,125.6,125.88,123.89,124.1,1103488
2025-01-27 10:50:00+00:00,124.1,124.55,122.75,123.0,1162281
2025-01-27 10:55:00+00:00,123.0,124.71,122.8,124.2,1200277
2025-01-27 11:00:00+00:00,124.21,124.51,123.5,124.04,1001289
2025-01-27 11:05:00+00:00,124.04,125.2,123.66,124.6,1286660
2025-01-27 11:10:00+00:00,124.56,126.4,124.1,125.89,1434817
2025-01-27 11:15:00+00:00,125.95,127.24,125.5,126.39,1588725
2025-01-27 11:20:00+00:00,126.4,127.7,126.31,127.19,735145
2025-01-27 11:25:00+00:00,127.17,127.77,126.0,126.09,958406
2025-01-27 11:30:00+00:00,126.1,127.4,126.07,126.43,1060113
2025-01-27 11:35:00+00:00,126.62,126.98,126.1,126.39,892758
2025-01-27 11:40:00+00:00,126.4,126.51,126.18,126.41,578039
2025-01-27 11:45:00+00:00,126.4,126.5,125.55,125.8,683396
2025-01-27 11:50:00+00:00,125.82,125.89,124.66,124.87,1031269
2025-01-27 11:55:00+00:00,124.86,125.5,123.8,124.93,1184343
2025-01-27 12:00:00+00:00,124.94,126.5,124.86,125.83,2277381
2025-01-27 12:05:00+00:00,125.83,126.5,125.67,126.47,1161261
2025-01-27 12:10:00+00:00,126.49,126.5,125.96,126.46,925721
2025-01-27 12:15:00+00:00,126.49,126.5,125.1,125.1,968662
2025-01-27 12:20:00+00:00,125.1,125.83,124.74,125.79,1289095
2025-01-27 12:25:00+00:00,125.75,126.5,125.5,125.92,1188779
2025-01-27 12:30:00+00:00,125.92,126.16,125.75,125.94,633736
2025-01-27 12:35:00+00:00,125.92,126.19,125.6,125.76,710521
2025-01-27 12:40:00+00:00,125.75,126.4,125.5,126.37,743323
2025-01-27 12:45:00+00:00,126.38,127.0,126.05,126.46,1414300
2025-01-27 12:50:00+00:00,126.45,126.5,126.22,126.48,815136
2025-01-27 12:55:00+00:00,126.47,126.5,125.9,126.19,773366
2025-01-27 13:00:00+00:00,126.23,134.92,122.7704,126.1008,8078284
2025-01-27 13:05:00+00:00,126.1004,126.5,125.9,126.0001,1182765
2025-01-27 13:10:00+00:00,126.03,126.2,125.6255,126.12,1645660
2025-01-27 13:15:00+00:00,126.11,126.45,125.95,126.31,1589211
2025-01-27 13:20:00+00:00,126.32,126.42,125.69,125.91,1249721
2025-01-27 13:25:00+00:00,125.9,126.05,125.5,125.98,1006916
2025-01-27 13:30:00+00:00,125.98,126.1,125.75,125.93,829838
2025-01-27 13:35:00+00:00,125.93,126.4,125.91,126.09,1061727
2025-01-27 13:40:00+00:00,126.0817,126.39,126.0,126.39,981739
2025-01-27 13:45:00+00:00,126.36,126.5,126.01,126.3702,1021982
2025-01-27 13:50:00+00:00,126.39,127.5,126.28,127.14,1649751
2025-01-27 13:55:00+00:00,127.1,127.68,126.9,127.14,1460818
2025-01-27 14:00:00+00:00,127.14,127.24,126.76,126.8742,1293367
2025-01-27 14:05:00+00:00,126.9,127.31,126.18,126.1898,1115254
2025-01-27 14:10:00+00:00,126.19,126.19,125.6,125.65,1640313
2025-01-27 14:15:00+00:00,125.67,126.0,125.22,125.73,1716832
2025-01-27 14:20:00+00:00,125.73,125.75,125.4,125.47,1745964
2025-01-27 14:25:00+00:00,125.49,125.52,124.21,124.8,3442225
2025-01-27 14:30:00+00:00,124.8,128.4,123.64,127.51,42688859
2025-01-27 14:35:00+00:00,127.52,128.0,125.47,126.165,15545064
2025-01-27 14:40:00+00:00,126.18,127.14,125.15,126.8801,15298008
2025-01-27 14:45:00+00:00,126.8705,127.67,126.63,126.78,10506058
2025-01-27 14:50:00+00:00,126.77,127.47,126.24,126.91,8908998
2025-01-27 14:55:00+00:00,126.925,127.4,126.62,126.88,7977342
2025-01-27 15:00:00+00:00,126.87,126.99,125.86,125.9394,9133203
2025-01-27 15:05:00+00:00,125.93,126.01,124.72,124.845,12696708
2025-01-27 15:10:00+00:00,124.83,125.48,124.44,124.57,10117537
2025-01-27 15:15:00+00:00,124.57,124.69,123.05,123.16,14120724
2025-01-27 15:20:00+00:00,123.16,123.81,123.05,123.4257,9968954
2025-01-27 15:25:00+00:00,123.43,124.34,123.12,124.03,8873657
2025-01-27 15:30:00+00:00,124.02,124.91,123.8,124.87,7782262
2025-01-27 15:35:00+00:00,124.87,124.96,123.94,124.025,7836402
2025-01-27 15:40:00+00:00,124.025,124.62,124.0,124.57,5575601
2025-01-27 15:45:00+00:00,124.56,124.85,124.115,124.23,5933031
2025-01-27 15:50:00+00:00,124.2399,124.455,123.68,123.87,7173529
2025-01-27 15:55:00+00:00,123.87,124.17,122.8,122.9999,10641033
2025-01-27 16:00:00+00:00,122.99,123.3,122.11,122.1374,9596459
2025-01-27 16:05:00+00:00,122.135,122.22,120.8,120.97,13397427
2025-01-27 16:10:00+00:00,120.965,121.9476,120.93,121.62,10239619
2025-01-27 16:15:00+00:00,121.595,122.01,121.4521,121.845,7412666
2025-01-27 16:20:00+00:00,121.845,121.94,120.505,120.64,8309151
2025-01-27 16:25:00+00:00,120.65,120.74,119.0,119.14,18021500
2025-01-27 16:30:00+00:00,119.145,119.39,118.05,118.1295,14690030
2025-01-27 16:35:00+00:00,118.125,118.7,117.26,117.57,17312309
2025-01-27 16:40:00+00:00,117.575,118.63,117.35,118.501,12618496
2025-01-27 16:45:00+00:00,118.5,119.99,118.15,119.925,12520430
2025-01-27 16:50:00+00:00,119.92,120.78,119.7,119.755,12944479
2025-01-27 16:55:00+00:00,119.78,120.85,119.68,120.27,7687774
2025-01-27 17:00:00+00:00,120.28,121.75,120.26,121.36,9381262
2025-01-27 17:05:00+00:00,121.355,121.53,120.42,120.585,8083802
2025-01-27 17:10:00+00:00,120.5899,120.65,120.015,120.16,6742935
2025-01-27 17:15:00+00:00,120.16,120.64,119.99,120.315,5276097
2025-01-27 17:20:00+00:00,120.315,120.3399,119.01,119.135,6613755
2025-01-27 17:25:00+00:00,119.135,119.99,119.01,119.76,5852951
2025-01-27 17:30:00+00:00,119.77,120.79,119.43,120.78,5692663
2025-01-27 17:35:00+00:00,120.77,121.0154,120.07,120.1791,5932077
2025-01-27 17:40:00+00:00,120.175,120.25,119.57,119.99,5925589
2025-01-27 17:45:00+00:00,119.9801,120.01,119.27,119.35,5547822
2025-01-27 17:50:00+00:00,119.35,119.39,118.7,118.92,6198775
2025-01-27 17:55:00+00:00,118.93,119.03,118.49,118.505,6387947
2025-01-27 18:00:00+00:00,118.5,119.42,118.5,119.3199,4612994
2025-01-27 18:05:00+00:00,119.31,119.67,118.85,119.0144,4296689
2025-01-27 18:10:00+00:00,119.0101,119.1099,118.56,118.85,4172964
2025-01-27 18:15:00+00:00,118.85,119.095,118.68,118.9735,3813130
2025-01-27 18:20:00+00:00,118.9911,119.0775,118.12,118.14,4807618
2025-01-27 18:25:00+00:00,118.13,118.4499,117.8,117.875,6672314
2025-01-27 18:30:00+00:00,117.8709,119.02,117.825,118.845,5508168
2025-01-27 18:35:00+00:00,118.8445,119.53,118.8401,119.28,4998991
2025-01-27 18:40:00+00:00,119.27,119.96,119.13,119.1374,4639110
2025-01-27 18:45:00+00:00,119.1313,119.14,118.221,118.245,5142005
2025-01-27 18:50:00+00:00,118.24,118.6,118.12,118.1294,4716774
2025-01-27 18:55:00+00:00,118.126,118.18,117.8,117.8301,5799703
2025-01-27 19:00:00+00:00,117.835,117.98,117.6125,117.8901,4941912
2025-01-27 19:05:00+00:00,117.895,118.37,117.51,117.625,6613336
2025-01-27 19:10:00+00:00,117.63,118.26,117.36,117.82,6683070
2025-01-27 19:15:00+00:00,117.82,118.01,117.45,117.835,4838704
2025-01-27 19:20:00+00:00,117.835,118.03,117.56,117.73,4303902
2025-01-27 19:25:00+00:00,117.73,119.01,117.7,118.805,7513238
2025-01-27 19:30:00+00:00,118.805,119.47,118.3901,118.955,6375365
2025-01-27 19:35:00+00:00,118.955,119.05,117.84,118.0,5487954
2025-01-27 19:40:00+00:00,118.005,118.04,117.55,117.6101,5228836
2025-01-27 19:45:00+00:00,117.615,117.65,116.7,116.935,10449976
2025-01-27 19:50:00+00:00,116.94,117.4662,116.8,117.32,6158889
2025-01-27 19:55:00+00:00,117.32,117.99,116.9,117.912,5779031
2025-01-27 20:00:00+00:00,117.92,118.12,117.6501,118.04,5920673
2025-01-27 20:05:00+00:00,118.015,118.68,117.78,118.6269,5465362
2025-01-27 20:10:00+00:00,118.63,118.75,117.9,117.9801,6303875
2025-01-27 20:15:00+00:00,117.98,118.0,117.5,117.525,5857992
2025-01-27 20:20:00+00:00,117.52,117.62,117.05,117.4,7252038
2025-01-27 20:25:00+00:00,117.3999,118.11,117.31,117.78,7828288
2025-01-27 20:30:00+00:00,117.78,118.2499,117.775,118.015,7308351
2025-01-27 20:35:00+00:00,118.02,118.58,117.8501,118.34,6857585
2025-01-27 20:40:00+00:00,118.335,118.49,117.79,118.39,7399032
2025-01-27 20:45:00+00:00,118.39,118.47,118.02,118.426,7574321
2025-01-27 20:50:00+00:00,118.42,118.455,117.94,118.2901,11615544
2025-01-27 20:55:00+00:00,118.3,118.63,117.83,118.51,20912112
2025-01-27 21:00:00+00:00,118.51,121.5164,118.3303,119.41,47030947
2025-01-27 21:05:00+00:00,119.35,120.0,119.22,119.68,1272604
2025-01-27 21:10:00+00:00,119.67,119.9093,118.57,119.88,816317
2025-01-27 21:15:00+00:00,119.87,120.4,118.42,120.28,1100046
2025-01-27 21:20:00+00:00,120.2882,120.87,120.22,120.79,2008189
2025-01-27 21:25:00+00:00,120.7699,120.88,118.42,120.8,938709
2025-01-27 21:30:00+00:00,120.81,121.2,120.8,121.1999,952761
2025-01-27 21:35:00+00:00,121.16,121.2,120.5412,120.55,1332662
2025-01-27 21:40:00+00:00,120.5401,120.7,119.9,119.9298,917864
2025-01-27 21:45:00+00:00,119.92,120.13,119.6,119.99,731333
2025-01-27 21:50:00+00:00,119.97,120.08,118.42,119.9,355068
2025-01-27 21:55:00+00:00,119.88,120.49,119.851,120.43,391792
2025-01-27 22:00:00+00:00,120.45,120.7,120.43,120.6301,1354605
2025-01-27 22:05:00+00:00,120.63,121.15,120.61,121.13,598163
2025-01-27 22:10:00+00:00,121.12,121.2,120.95,121.0207,602409
2025-01-27 22:15:00+00:00,121.03,121.19,120.95,121.06,293659
2025-01-27 22:20:00+00:00,121.05,121.1,120.73,120.84,386794
2025-01-27 22:25:00+00:00,120.83,121.46,120.8,121.3985,558088
2025-01-27 22:30:00+00:00,121.3415,121.87,121.3406,121.84,659902
2025-01-27 22:35:00+00:00,121.8493,121.99,121.76,121.8199,511134
2025-01-27 22:40:00+00:00,121.8101,122.25,121.81,122.23,541658
2025-01-27 22:45:00+00:00,122.24,122.67,122.21,122.56,814403
2025-01-27 22:50:00+00:00,122.5599,122.61,122.31,122.34,535026
2025-01-27 22:55:00+00:00,122.33,122.89,122.31,122.71,610161
2025-01-27 23:00:00+00:00,122.7003,122.95,122.5101,122.52,532037
2025-01-27 23:05:00+00:00,122.5101,122.8256,122.51,122.8,368769
2025-01-27 23:10:00+00:00,122.78,122.9,122.32,122.3998,493364
2025-01-27 23:15:00+00:00,122.3993,122.74,118.42,122.72,466654
2025-01-27 23:20:00+00:00,122.72,122.72,121.81,122.37,695892
2025-01-27 23:25:00+00:00,122.38,122.4,121.31,121.4299,723308
2025-01-27 23:30:00+00:00,121.42,121.88,121.38,121.58,396864
2025-01-27 23:35:00+00:00,121.57,121.63,121.32,121.4,286114
2025-01-27 23:40:00+00:00,121.41,121.8499,121.4,121.7587,278800
2025-01-27 23:45:00+00:00,121.74,121.79,121.32,121.42,285595
2025-01-27 23:50:00+00:00,121.42,121.6,121.37,121.47,234635
2025-01-27 23:55:00+00:00,121.47,121.5,121.15,121.231,317435
2025-01-28 00:00:00+00:00,121.2307,121.74,121.1501,121.6099,334326
2025-01-28 00:05:00+00:00,121.61,121.75,121.42,121.58,247655
2025-01-28 00:10:00+00:00,121.56,121.67,121.43,121.49,196784
2025-01-28 00:15:00+00:00,121.49,121.74,121.44,121.69,180343
2025-01-28 00:20:00+00:00,121.7,121.77,121.5,121.5213,253236
2025-01-28 00:25:00+00:00,121.52,121.57,121.23,121.34,285590
2025-01-28 00:30:00+00:00,121.33,121.36,121.1,121.12,257234
2025-01-28 00:35:00+00:00,121.11,121.1199,120.72,120.73,384350
2025-01-28 00:40:00+00:00,120.74,120.74,120.25,120.37,371232
2025-01-28 00:45:00+00:00,120.3,120.35,120.01,120.27,377734
2025-01-28 00:50:00+00:00,120.28,120.3,120.1405,120.16,297671
2025-01-28 00:55:00+00:00,120.13,120.25,120.02,120.18,399339
2025-01-28 09:00:00+00:00,124.29,124.32,122.9,124.0,774255
2025-01-28 09:05:00+00:00,123.96,124.09,122.82,123.87,666864
2025-01-28 09:10:00+00:00,123.87,123.99,123.52,123.86,333070
2025-01-28 09:15:00+00:00,123.89,124.19,123.86,123.86,279835
2025-01-28 09:20:00+00:00,123.88,124.07,123.7,124.07,221157
2025-01-28 09:25:00+00:00,124.05,124.5,123.56,123.69,349170
2025-01-28 09:30:00+00:00,123.7,123.87,123.39,123.84,169542
2025-01-28 09:35:00+00:00,123.86,124.3,123.76,124.07,137709
2025-01-28 09:40:00+00:00,124.08,124.24,124.03,124.14,101862
2025-01-28 09:45:00+00:00,124.16,124.2,123.85,124.0,173832
2025-01-28 09:50:00+00:00,124.03,124.23,124.03,124.21,93781
2025-01-28 09:55:00+00:00,124.21,124.65,124.21,124.63,217207
2025-01-28 10:00:00+00:00,124.64,124.8,124.34,124.78,218247
2025-01-28 10:05:00+00:00,124.75,124.97,124.65,124.8,306818
2025-01-28 10:10:00+00:00,124.81,124.82,124.65,124.78,194939
2025-01-28 10:15:00+00:00,124.78,125.1,124.77,124.93,451206
2025-01-28 10:20:00+00:00,124.93,125.03,124.62,124.67,271271
2025-01-28 10:25:00+00:00,124.69,124.7,124.31,124.49,210928
2025-01-28 10:30:00+00:00,124.49,124.69,124.44,124.57,156258
2025-01-28 10:35:00+00:00,124.53,124.65,124.41,124.53,113528
2025-01-28 10:40:00+00:00,124.53,124.64,124.16,124.61,177082
2025-01-28 10:45:00+00:00,124.6,124.84,124.6,124.79,138293
2025-01-28 10:50:00+00:00,124.8,124.9,124.72,124.75,86594
2025-01-28 10:55:00+00:00,124.76,124.83,124.33,124.4,204417
2025-01-28 11:00:00+00:00,124.4,124.81,124.27,124.75,187436
2025-01-28 11:05:00+00:00,124.76,125.03,124.67,124.7,358187
2025-01-28 11:10:00+00:00,124.71,124.9,124.7,124.81,110209
2025-01-28 11:15:00+00:00,124.81,124.9,124.73,124.76,129268
2025-01-28 11:20:00+00:00,124.76,124.76,124.36,124.48,175129
2025-01-28 11:25:00+00:00,124.47,124.49,124.25,124.36,127612
2025-01-28 11:30:00+00:00,124.36,124.4,123.7,123.87,306358
2025-01-28 11:35:00+00:00,123.88,124.08,123.41,123.92,319897
2025-01-28 11:40:00+00:00,123.95,124.02,123.64,123.87,167378
2025-01-28 11:45:00+00:00,123.85,123.95,123.42,123.73,206619
2025-01-28 11:50:00+00:00,123.73,123.84,123.565,123.68,123141
2025-01-28 11:55:00+00:00,123.69,123.7,123.06,123.19,288330
2025-01-28 12:00:00+00:00,123.18,123.5,122.21,122.35,1227340
2025-01-28 12:05:00+00:00,122.35,122.94,122.31,122.31,548419
2025-01-28 12:10:00+00:00,122.33,122.93,122.02,122.87,563035
2025-01-28 12:15:00+00:00,122.89,122.93,121.76,121.76,586387
2025-01-28 12:20:00+00:00,121.75,122.44,121.59,122.19,602054
2025-01-28 12:25:00+00:00,122.2,122.2,121.33,121.38,388330
2025-01-28 12:30:00+00:00,121.35,121.45,121.01,121.25,576034
2025-01-28 12:35:00+00:00,121.22,121.62,120.76,120.9,625141
2025-01-28 12:40:00+00:00,120.87,121.24,120.62,121.07,504468
2025-01-28 12:45:00+00:00,121.08,121.28,120.82,120.89,307736
2025-01-28 12:50:00+00:00,120.9,121.59,120.79,121.55,378055
2025-01-28 12:55:00+00:00,121.54,121.79,121.26,121.31,329059
2025-01-28 13:00:00+00:00,121.86,124.9796,120.63,121.571,4921668
2025-01-28 13:05:00+00:00,121.5705,122.5,121.01,121.21,562317
2025-01-28 13:10:00+00:00,121.21,121.7795,121.21,121.7795,376099
2025-01-28 13:15:00+00:00,121.76,122.2899,121.7,122.15,674321
2025-01-28 13:20:00+00:00,122.18,122.4195,122.12,122.4,639996
2025-01-28 13:25:00+00:00,122.3999,122.74,122.3604,122.59,590628
2025-01-28 13:30:00+00:00,122.6,122.7,122.3,122.5,615462
2025-01-28 13:35:00+00:00,122.5,122.67,122.1,122.61,491285
2025-01-28 13:40:00+00:00,122.6393,122.7,121.89,121.99,670024
2025-01-28 13:45:00+00:00,121.96,122.45,121.92,122.07,423479
2025-01-28 13:50:00+00:00,122.07,122.1,121.69,121.92,499858
2025-01-28 13:55:00+00:00,121.94,122.1,121.75,121.91,439943
2025-01-28 14:00:00+00:00,121.91,121.91,121.5,121.8,464593
2025-01-28 14:05:00+00:00,121.79,121.88,121.22,121.29,592654
2025-01-28 14:10:00+00:00,121.29,121.6,121.16,121.2899,427737
2025-01-28 14:15:00+00:00,121.25,121.45,121.21,121.26,526759
2025-01-28 14:20:00+00:00,121.25,121.77,121.15,121.5,564342
2025-01-28 14:25:00+00:00,121.5,123.05,121.5,121.81,1917305
2025-01-28 14:30:00+00:00,121.81,122.2,119.05,119.26,30990794
2025-01-28 14:35:00+00:00,119.26,119.55,118.0,118.01,15903231
2025-01-28 14:40:00+00:00,118.02,118.21,116.25,117.2101,18358451
2025-01-28 14:45:00+00:00,117.22,118.49,117.195,118.2574,12384275
2025-01-28 14:50:00+00:00,118.25,118.89,117.5,118.38,9829733
2025-01-28 14:55:00+00:00,118.38,119.86,118.265,119.73,10934864
2025-01-28 15:00:00+00:00,119.725,120.24,119.4,120.1545,10965248
2025-01-28 15:05:00+00:00,120.1501,120.66,118.79,118.955,9996592
2025-01-28 15:10:00+00:00,118.955,120.08,118.87,120.0199,7610743
2025-01-28 15:15:00+00:00,120.015,120.3,119.75,120.025,6857125
2025-01-28 15:20:00+00:00,120.02,121.01,119.85,120.97,7310072
2025-01-28 15:25:00+00:00,120.97,121.91,120.96,121.77,8314196
2025-01-28 15:30:00+00:00,121.77,121.81,120.8601,121.025,7615068
2025-01-28 15:35:00+00:00,121.03,121.76,120.77,121.33,5812510
2025-01-28 15:40:00+00:00,121.32,121.52,120.63,120.63,4887121
2025-01-28 15:45:00+00:00,120.635,120.71,120.11,120.21,5291441
2025-01-28 15:50:00+00:00,120.215,120.28,119.36,119.535,6388984
2025-01-28 15:55:00+00:00,119.5397,120.7201,119.525,120.695,5785221
2025-01-28 16:00:00+00:00,120.7,121.15,120.52,121.12,4864939
2025-01-28 16:05:00+00:00,121.11,121.49,120.765,120.835,4689406
2025-01-28 16:10:00+00:00,120.875,121.26,120.32,120.555,4843798
2025-01-28 16:15:00+00:00,120.5501,121.29,120.435,120.98,4709429
2025-01-28 16:20:00+00:00,120.975,121.48,120.8901,121.215,4254491
2025-01-28 16:25:00+00:00,121.2289,121.2299,120.48,120.77,4785658
2025-01-28 16:30:00+00:00,120.7701,121.46,120.66,121.46,4070716
2025-01-28 16:35:00+00:00,121.455,122.25,121.19,122.2,7299259
2025-01-28 16:40:00+00:00,122.19,122.35,120.96,121.305,6332191
2025-01-28 16:45:00+00:00,121.31,122.01,121.3,121.995,4386242
2025-01-28 16:50:00+00:00,121.998,122.56,121.445,122.55,5968544
2025-01-28 16:55:00+00:00,122.54,123.49,122.4924,123.445,7527745
2025-01-28 17:00:00+00:00,123.4438,124.155,123.2,124.1301,8961217
2025-01-28 17:05:00+00:00,124.14,124.43,123.62,124.415,8310076
2025-01-28 17:10:00+00:00,124.415,124.88,124.19,124.685,8005543
2025-01-28 17:15:00+00:00,124.6801,125.49,124.63,125.4899,9344414
2025-01-28 17:20:00+00:00,125.49,126.48,125.08,126.4399,11560787
2025-01-28 17:25:00+00:00,126.4301,126.64,125.78,126.02,9237574
2025-01-28 17:30:00+00:00,126.015,126.07,125.27,126.0,7251975
2025-01-28 17:35:00+00:00,125.9912,126.25,125.7048,126.055,5389104
2025-01-28 17:40:00+00:00,126.055,126.079,125.05,125.285,5659317
2025-01-28 17:45:00+00:00,125.3,125.7,124.91,125.295,5580603
2025-01-28 17:50:00+00:00,125.29,125.54,125.11,125.5018,3834839
2025-01-28 17:55:00+00:00,125.505,125.9,125.44,125.7901,4533519
2025-01-28 18:00:00+00:00,125.8,126.26,125.46,126.24,4828765
2025-01-28 18:05:00+00:00,126.23,126.67,126.15,126.4275,5237242
2025-01-28 18:10:00+00:00,126.445,126.88,126.32,126.6148,4982234
2025-01-28 18:15:00+00:00,126.62,126.92,126.53,126.88,4829003
2025-01-28 18:20:00+00:00,126.8899,126.9,126.21,126.4881,4823456
2025-01-28 18:25:00+00:00,126.486,126.49,125.893,126.09,4536727
2025-01-28 18:30:00+00:00,126.085,126.45,125.95,126.129,3897557
2025-01-28 18:35:00+00:00,126.13,126.25,125.71,125.815,3544087
2025-01-28 18:40:00+00:00,125.815,125.9099,125.4524,125.845,3653826
2025-01-28 18:45:00+00:00,125.85,126.45,125.7,126.4101,3779747
2025-01-28 18:50:00+00:00,126.4199,126.71,126.295,126.6319,3176190
2025-01-28 18:55:00+00:00,126.63,126.78,126.45,126.65,2961889
2025-01-28 19:00:00+00:00,126.66,126.75,126.21,126.26,3482004
2025-01-28 19:05:00+00:00,126.2599,126.65,126.13,126.3999,3143686
2025-01-28 19:10:00+00:00,126.395,126.59,126.34,126.4692,2425666
2025-01-28 19:15:00+00:00,126.465,127.1988,126.43,127.18,5667479
2025-01-28 19:20:00+00:00,127.185,127.4,126.9601,127.285,4713188
2025-01-28 19:25:00+00:00,127.28,127.35,126.72,126.775,3755996
2025-01-28 19:30:00+00:00,126.77,127.22,126.7401,126.93,2862191
2025-01-28 19:35:00+00:00,126.94,127.33,126.85,127.225,3069896
2025-01-28 19:40:00+00:00,127.23,127.66,127.15,127.57,4318041
2025-01-28 19:45:00+00:00,127.57,127.87,127.3601,127.865,4031108
2025-01-28 19:50:00+00:00,127.86,127.86,127.315,127.67,3844393
2025-01-28 19:55:00+00:00,127.66,127.7852,127.31,127.46,3139453
2025-01-28 20:00:00+00:00,127.4601,127.47,126.64,127.125,5454014
2025-01-28 20:05:00+00:00,127.13,127.3098,126.65,126.7429,5053129
2025-01-28 20:10:00+00:00,126.745,127.39,126.67,127.2401,3807948
2025-01-28 20:15:00+00:00,127.24,127.66,127.15,127.655,3692688
2025-01-28 20:20:00+00:00,127.6501,127.77,127.3501,127.5019,3713250
2025-01-28 20:25:00+00:00,127.5,127.69,127.3101,127.5901,3219463
2025-01-28 20:30:00+00:00,127.59,127.69,127.3,127.6599,4488187
2025-01-28 20:35:00+00:00,127.655,127.7,126.9,127.0148,4987628
2025-01-28 20:40:00+00:00,127.0101,127.75,126.9901,127.725,5666272
2025-01-28 20:45:00+00:00,127.725,128.0,127.551,127.915,6486353
2025-01-28 20:50:00+00:00,127.92,128.58,127.56,128.39,11974262
2025-01-28 20:55:00+00:00,128.3901,129.0,127.6,128.9801,16646934
2025-01-28 21:00:00+00:00,128.99,129.06,128.1,128.67,34136110
2025-01-28 21:05:00+00:00,128.6697,128.99,128.41,128.55,617662
2025-01-28 21:10:00+00:00,128.53,128.56,127.92,128.13,1082869
2025-01-28 21:15:00+00:00,128.18,128.47,128.14,128.2982,237949
2025-01-28 21:20:00+00:00,128.32,128.45,128.31,128.36,559608
2025-01-28 21:25:00+00:00,128.37,128.58,128.1301,128.1301,259471
2025-01-28 21:30:00+00:00,128.14,128.25,128.06,128.0807,205495
2025-01-28 21:35:00+00:00,128.11,128.99,127.67,127.9401,389737
2025-01-28 21:40:00+00:00,127.96,128.99,127.81,127.9895,195208
2025-01-28 21:45:00+00:00,127.99,127.99,127.7,127.9267,500401
2025-01-28 21:50:00+00:00,127.92,127.93,127.76,127.8,100906
2025-01-28 21:55:00+00:00,127.81,127.89,127.61,127.6602,175304
2025-01-28 22:00:00+00:00,127.67,127.73,127.41,127.41,253593
2025-01-28 22:05:00+00:00,127.42,127.65,127.35,127.46,359411
2025-01-28 22:10:00+00:00,127.45,127.49,127.25,127.46,319483
2025-01-28 22:15:00+00:00,127.46,127.59,127.3901,127.47,132408
2025-01-28 22:20:00+00:00,127.48,127.6,127.31,127.34,161022
2025-01-28 22:25:00+00:00,127.33,127.65,127.22,127.64,163575
2025-01-28 22:30:00+00:00,127.6109,127.85,127.6,127.76,168525
2025-01-28 22:35:00+00:00,127.82,127.95,127.7,127.8,155051
2025-01-28 22:40:00+00:00,127.7801,127.83,127.6838,127.72,75704
2025-01-28 22:45:00+00:00,127.71,127.72,127.63,127.6304,98905
2025-01-28 22:50:00+00:00,127.6502,127.69,127.37,127.4208,119638
2025-01-28 22:55:00+00:00,127.45,127.64,127.42,127.57,78196
2025-01-28 23:00:00+00:00,127.59,127.8,127.57,127.7999,81152
2025-01-28 23:05:00+00:00,127.8,128.18,127.75,128.02,195961
2025-01-28 23:10:00+00:00,128.03,128.03,127.88,127.9,92290
2025-01-28 23:15:00+00:00,127.9,127.95,127.77,127.8505,73321
2025-01-28 23:20:00+00:00,127.89,128.0,127.86,127.98,87913
2025-01-28 23:25:00+00:00,127.97,128.09,127.9,127.989,90524
2025-01-28 23:30:00+00:00,127.99,127.99,127.7801,127.8685,51851
2025-01-28 23:35:00+00:00,127.86,127.9,127.72,127.7201,60333
2025-01-28 23:40:00+00:00,127.72,127.77,127.67,127.69,55705
2025-01-28 23:45:00+00:00,127.69,127.75,127.64,127.64,61592
2025-01-28 23:50:00+00:00,127.67,127.67,127.63,127.6302,36593
2025-01-28 23:55:00+00:00,127.64,127.69,127.6,127.67,73043
2025-01-29 00:00:00+00:00,127.63,127.67,127.5,127.6488,85648
2025-01-29 00:05:00+00:00,127.64,127.7,127.6013,127.6802,65211
2025-01-29 00:10:00+00:00,127.68,127.76,127.6,127.61,65893
2025-01-29 00:15:00+00:00,127.6025,127.65,127.5,127.5,85963
2025-01-29 00:20:00+00:00,127.5001,127.63,127.43,127.62,89950
2025-01-29 00:25:00+00:00,127.5999,127.71,127.5999,127.63,70600
2025-01-29 00:30:00+00:00,127.66,127.76,127.61,127.6717,88771
2025-01-29 00:35:00+00:00,127.71,127.73,127.58,127.6,71656
2025-01-29 00:40:00+00:00,127.6,127.6,127.45,127.52,81133
2025-01-29 00:45:00+00:00,127.5,127.55,127.45,127.48,95559
2025-01-29 00:50:00+00:00,127.49,127.54,127.4,127.51,82293
2025-01-29 00:55:00+00:00,127.53,127.64,127.45,127.64,164200
2025-01-29 09:00:00+00:00,129.94,130.3,128.1,128.44,542534
2025-01-29 09:05:00+00:00,128.37,129.0,128.1,128.99,314797
2025-01-29 09:10:00+00:00,129.0,129.44,128.92,129.1,276417
2025-01-29 09:15:00+00:00,129.1,129.1,128.41,128.8,173461
2025-01-29 09:20:00+00:00,128.82,128.93,128.29,128.61,166834
2025-01-29 09:25:00+00:00,128.61,129.11,128.53,129.06,148121
2025-01-29 09:30:00+00:00,129.04,129.32,128.71,129.19,112797
2025-01-29 09:35:00+00:00,129.23,129.25,128.73,129.07,105345
2025-01-29 09:40:00+00:00,129.06,129.55,129.06,129.51,113981
2025-01-29 09:45:00+00:00,129.48,129.64,129.2,129.63,87012
2025-01-29 09:50:00+00:00,129.64,129.87,129.57,129.73,151478
2025-01-29 09:55:00+00:00,129.73,129.75,129.25,129.42,96893
2025-01-29 10:00:00+00:00,129.45,129.46,129.05,129.06,83294
2025-01-29 10:05:00+00:00,129.06,129.3,128.85,129.2,102172
2025-01-29 10:10:00+00:00,129.25,129.46,129.22,129.3,82265
2025-01-29 10:15:00+00:00,129.36,129.38,128.8,128.84,74270
2025-01-29 10:20:00+00:00,128.87,128.95,128.8,128.83,45890
2025-01-29 10:25:00+00:00,128.84,128.87,128.3,128.4,109547
2025-01-29 10:30:00+00:00,128.4,128.98,128.26,128.7,108878
2025-01-29 10:35:00+00:00,128.67,128.99,128.65,128.84,44957
2025-01-29 10:40:00+00:00,128.82,129.19,128.82,129.14,63745
2025-01-29 10:45:00+00:00,129.1,129.16,128.69,128.7,51411
2025-01-29 10:50:00+00:00,128.71,128.79,128.35,128.44,75450
2025-01-29 10:55:00+00:00,128.43,128.78,128.43,128.75,58990
2025-01-29 11:00:00+00:00,128.72,128.74,128.35,128.35,83164
2025-01-29 11:05:00+00:00,128.37,128.69,128.35,128.68,77021
2025-01-29 11:10:00+00:00,128.68,128.71,128.52,128.64,56819
2025-01-29 11:15:00+00:00,128.61,128.65,128.32,128.43,69886
2025-01-29 11:20:00+00:00,128.43,128.5,128.06,128.19,114377
2025-01-29 11:25:00+00:00,128.21,128.37,128.07,128.34,72471
2025-01-29 11:30:00+00:00,128.35,128.37,127.81,127.84,124350
2025-01-29 11:35:00+00:00,127.82,127.87,127.57,127.87,140160
2025-01-29 11:40:00+00:00,127.87,128.17,127.83,128.06,141418
2025-01-29 11:45:00+00:00,128.07,128.5,128.07,128.4,110135
2025-01-29 11:50:00+00:00,128.39,128.51,128.31,128.35,121747
2025-01-29 11:55:00+00:00,128.37,128.5,128.16,128.31,133278
2025-01-29 12:00:00+00:00,128.31,128.4,127.7,128.1,369639
2025-01-29 12:05:00+00:00,128.1,128.19,127.85,127.87,161765
2025-01-29 12:10:00+00:00,127.9,128.15,127.9,128.05,98242
2025-01-29 12:15:00+00:00,128.05,128.4,127.97,128.35,192397
2025-01-29 12:20:00+00:00,128.35,128.41,128.15,128.27,85485
2025-01-29 12:25:00+00:00,128.27,128.35,128.03,128.1,79526
2025-01-29 12:30:00+00:00,128.09,128.1,127.8,127.87,122232
2025-01-29 12:35:00+00:00,127.9,128.16,127.89,128.07,89626
2025-01-29 12:40:00+00:00,128.08,128.09,127.61,127.72,140390
2025-01-29 12:45:00+00:00,127.73,127.88,127.4,127.46,186911
2025-01-29 12:50:00+00:00,127.41,127.46,127.16,127.295,182255
2025-01-29 12:55:00+00:00,127.31,127.65,127.26,127.46,119930
2025-01-29 13:00:00+00:00,127.88,131.99,127.16,127.6293,5496456
2025-01-29 13:05:00+00:00,127.6295,127.6295,126.85,126.95,567128
2025-01-29 13:10:00+00:00,126.9327,127.02,126.43,126.57,560749
2025-01-29 13:15:00+00:00,126.54,126.58,125.8356,126.08,843281
2025-01-29 13:20:00+00:00,126.05,126.38,125.6,126.0503,666096
2025-01-29 13:25:00+00:00,126.0504,126.58,126.05,126.56,379601
2025-01-29 13:30:00+00:00,126.5405,126.59,126.3,126.39,371539
2025-01-29 13:35:00+00:00,126.38,126.64,126.2101,126.5,381944
2025-01-29 13:40:00+00:00,126.52,126.7,126.2401,126.3,377741
2025-01-29 13:45:00+00:00,126.3,126.4,126.0,126.36,407320
2025-01-29 13:50:00+00:00,126.32,126.32,126.1001,126.14,243232
2025-01-29 13:55:00+00:00,126.1301,126.19,125.87,126.15,330019
2025-01-29 14:00:00+00:00,126.11,126.19,125.86,126.07,386557
2025-01-29 14:05:00+00:00,126.06,126.13,125.47,125.48,598705
2025-01-29 14:10:00+00:00,125.49,126.02,125.49,125.83,496680
2025-01-29 14:15:00+00:00,125.84,126.0,125.76,125.96,243345
2025-01-29 14:20:00+00:00,125.97,126.25,125.9102,126.1899,375212
2025-01-29 14:25:00+00:00,126.18,126.7,126.18,126.5,719264
2025-01-29 14:30:00+00:00,126.5,126.89,125.54,125.91,12130899
2025-01-29 14:35:00+00:00,125.91,126.6499,125.16,125.42,8080738
2025-01-29 14:40:00+00:00,125.435,125.69,124.5,125.3,9509087
2025-01-29 14:45:00+00:00,125.2901,126.28,125.096,125.7,6466028
2025-01-29 14:50:00+00:00,125.705,126.3,125.24,126.155,4967071
2025-01-29 14:55:00+00:00,126.13,126.1677,125.11,125.255,4354613
2025-01-29 15:00:00+00:00,125.27,125.85,125.1,125.425,3689104
2025-01-29 15:05:00+00:00,125.4301,125.9291,124.91,125.71,5344070
2025-01-29 15:10:00+00:00,125.7,126.07,124.59,124.8201,6035703
2025-01-29 15:15:00+00:00,124.84,124.97,124.33,124.7796,6160394
2025-01-29 15:20:00+00:00,124.7771,125.02,124.37,124.375,3879599
2025-01-29 15:25:00+00:00,124.37,124.53,123.715,124.0,7467005
2025-01-29 15:30:00+00:00,123.99,124.29,123.895,124.0898,3709121
2025-01-29 15:35:00+00:00,124.08,124.35,123.185,123.185,5788763
2025-01-29 15:40:00+00:00,123.19,123.24,121.72,122.28,11424870
2025-01-29 15:45:00+00:00,122.28,123.22,122.17,123.19,7931312
2025-01-29 15:50:00+00:00,123.1974,123.4,122.92,123.2,4126323
2025-01-29 15:55:00+00:00,123.2,123.28,122.54,122.6799,4487644
2025-01-29 16:00:00+00:00,122.68,123.03,122.33,122.7704,5107890
2025-01-29 16:05:00+00:00,122.76,122.8198,122.25,122.41,4806172
2025-01-29 16:10:00+00:00,122.4199,123.1099,122.2462,122.93,4610515
2025-01-29 16:15:00+00:00,122.934,123.07,122.5,122.68,3679668
2025-01-29 16:20:00+00:00,122.69,123.3799,122.5,123.2701,3750879
2025-01-29 16:25:00+00:00,123.27,123.4,122.91,122.9816,3949023
2025-01-29 16:30:00+00:00,122.98,123.0,122.5,122.87,3438473
2025-01-29 16:35:00+00:00,122.86,123.1,122.5,122.5472,3506454
2025-01-29 16:40:00+00:00,122.55,122.82,122.51,122.76,2080182
2025-01-29 16:45:00+00:00,122.76,123.0,122.51,122.725,2700528
2025-01-29 16:50:00+00:00,122.725,122.77,122.01,122.34,4359358
2025-01-29 16:55:00+00:00,122.3301,122.339,121.88,122.17,4020786
2025-01-29 17:00:00+00:00,122.17,122.87,122.09,122.82,2850484
2025-01-29 17:05:00+00:00,122.82,123.23,122.71,123.139,4318144
2025-01-29 17:10:00+00:00,123.13,123.19,122.71,122.8601,2015335
2025-01-29 17:15:00+00:00,122.8714,123.0199,122.52,122.83,2285398
2025-01-29 17:20:00+00:00,122.825,123.23,122.81,122.84,2908638
2025-01-29 17:25:00+00:00,122.84,123.15,122.7,122.9984,2856693
2025-01-29 17:30:00+00:00,122.998,123.4899,122.9,123.1699,3173869
2025-01-29 17:35:00+00:00,123.15,123.45,123.0,123.1,2517462
2025-01-29 17:40:00+00:00,123.1068,123.14,122.75,122.86,2441699
2025-01-29 17:45:00+00:00,122.84,123.15,122.74,123.0999,1758249
2025-01-29 17:50:00+00:00,123.1021,123.14,122.91,123.06,1596626
2025-01-29 17:55:00+00:00,123.0589,123.0999,122.78,122.965,1602591
2025-01-29 18:00:00+00:00,122.96,122.995,120.05,120.44,12618210
2025-01-29 18:05:00+00:00,120.43,122.18,120.31,121.89,8241856
2025-01-29 18:10:00+00:00,121.9,122.16,121.22,121.6299,5064079
2025-01-29 18:15:00+00:00,121.635,121.84,120.795,120.87,4455796
2025-01-29 18:20:00+00:00,120.91,121.0,120.3,120.93,5399351
2025-01-29 18:25:00+00:00,120.93,121.69,120.835,121.59,4179056
2025-01-29 18:30:00+00:00,121.59,122.08,121.46,121.76,4167125
2025-01-29 18:35:00+00:00,121.74,121.9,121.03,121.13,2718037
2025-01-29 18:40:00+00:00,121.12,121.44,121.02,121.345,2102812
2025-01-29 18:45:00+00:00,121.33,121.55,121.15,121.29,1901155
2025-01-29 18:50:00+00:00,121.3,121.34,121.01,121.2299,2140922
2025-01-29 18:55:00+00:00,121.23,121.34,120.89,120.95,2722024
2025-01-29 19:00:00+00:00,120.95,122.09,120.5,121.1501,5672967
2025-01-29 19:05:00+00:00,121.14,121.66,120.85,121.26,3466161
2025-01-29 19:10:00+00:00,121.26,121.32,120.61,120.9149,4082468
2025-01-29 19:15:00+00:00,120.92,121.0,120.3,120.93,3675620
2025-01-29 19:20:00+00:00,120.935,121.38,120.86,121.2311,2758567
2025-01-29 19:25:00+00:00,121.2399,121.33,120.81,120.92,2424389
2025-01-29 19:30:00+00:00,120.91,121.8,120.825,121.39,3501439
2025-01-29 19:35:00+00:00,121.38,122.0,120.55,121.89,4719637
2025-01-29 19:40:00+00:00,121.8816,122.72,121.57,122.435,5569341
2025-01-29 19:45:00+00:00,122.42,122.77,122.0,122.3499,3611667
2025-01-29 19:50:00+00:00,122.33,122.8,122.11,122.685,3269162
2025-01-29 19:55:00+00:00,122.6899,122.6899,121.9,122.09,3795084
2025-01-29 20:00:00+00:00,122.101,122.37,121.65,121.6798,3042307
2025-01-29 20:05:00+00:00,121.66,122.25,121.64,122.03,2631164
2025-01-29 20:10:00+00:00,122.03,122.37,121.67,122.05,3062558
2025-01-29 20:15:00+00:00,122.05,122.11,121.52,121.7099,3527461
2025-01-29 20:20:00+00:00,121.7,122.6496,121.67,122.63,3484476
2025-01-29 20:25:00+00:00,122.63,123.35,122.58,123.15,5007959
2025-01-29 20:30:00+00:00,123.17,123.32,122.78,122.895,4073825
2025-01-29 20:35:00+00:00,122.89,123.01,122.2,122.2704,4101770
2025-01-29 20:40:00+00:00,122.28,122.595,122.21,122.415,4813302
2025-01-29 20:45:00+00:00,122.4,122.4056,121.95,122.36,4162555
2025-01-29 20:50:00+00:00,122.36,122.98,121.61,122.935,7313271
2025-01-29 20:55:00+00:00,122.95,123.81,122.95,123.81,13270351
2025-01-29 21:00:00+00:00,123.8,123.93,122.62,123.15,48726263
2025-01-29 21:05:00+00:00,123.18,123.23,122.24,122.5,684015
2025-01-29 21:10:00+00:00,122.55,123.25,122.48,123.19,331934
2025-01-29 21:15:00+00:00,123.19,125.45,123.1,124.809,1879959
2025-01-29 21:20:00+00:00,124.77,125.7,124.7,125.12,1412785
2025-01-29 21:25:00+00:00,125.06,126.13,123.7,126.05,1442748
2025-01-29 21:30:00+00:00,126.03,126.08,123.7,125.7699,1578383
2025-01-29 21:35:00+00:00,125.75,126.15,123.7,125.7507,660087
2025-01-29 21:40:00+00:00,125.76,126.19,125.7,125.75,891855
2025-01-29 21:45:00+00:00,125.76,126.15,125.75,125.91,601667
2025-01-29 21:50:00+00:00,126.0,126.5,125.9,126.06,793745
2025-01-29 21:55:00+00:00,126.06,126.1,125.99,126.0,327195
2025-01-29 22:00:00+00:00,126.0003,126.05,125.74,125.8,1624225
2025-01-29 22:05:00+00:00,125.79,126.7,125.54,126.0303,916406
2025-01-29 22:10:00+00:00,126.16,127.3,126.05,127.21,1071735
2025-01-29 22:15:00+00:00,127.24,127.34,126.99,127.0,648974
2025-01-29 22:20:00+00:00,127.0,127.34,126.18,126.26,983904
2025-01-29 22:25:00+00:00,126.27,126.7,126.0,126.27,19666164
2025-01-29 22:30:00+00:00,126.3,126.7,126.03,126.3,440557
2025-01-29 22:35:00+00:00,126.3,126.3,124.92,125.0117,693357
2025-01-29 22:40:00+00:00,125.07,125.75,125.0,125.01,294047
2025-01-29 22:45:00+00:00,125.01,126.25,124.99,125.85,499789
2025-01-29 22:50:00+00:00,125.97,126.1,125.73,125.76,286623
2025-01-29 22:55:00+00:00,125.9,125.9497,125.07,125.07,205009
2025-01-29 23:00:00+00:00,125.11,125.2,122.24,122.24,1050371
2025-01-29 23:05:00+00:00,122.4399,123.45,121.71,122.4051,1135439
2025-01-29 23:10:00+00:00,122.51,122.7,122.0,122.37,806764
2025-01-29 23:15:00+00:00,122.41,123.2486,122.3117,122.899,587420
2025-01-29 23:20:00+00:00,122.9,122.9,122.2,122.39,390634
2025-01-29 23:25:00+00:00,122.4,122.8,122.29,122.45,271865
2025-01-29 23:30:00+00:00,122.45,122.8,122.4,122.54,198592
2025-01-29 23:35:00+00:00,122.69,122.78,122.43,122.5,211448
2025-01-29 23:40:00+00:00,122.5,122.63,122.18,122.21,289161
2025-01-29 23:45:00+00:00,122.2007,122.51,121.8,121.98,502043
2025-01-29 23:50:00+00:00,121.9899,122.1,121.6,121.89,406737
2025-01-29 23:55:00+00:00,121.89,122.09,121.55,121.8697,260280
2025-01-30 00:00:00+00:00,121.79,122.2883,121.79,122.15,171645
2025-01-30 00:05:00+00:00,122.15,122.16,121.94,122.04,147682
2025-01-30 00:10:00+00:00,122.05,122.25,121.88,122.25,137058
2025-01-30 00:15:00+00:00,122.2499,122.5,122.11,122.44,135164
2025-01-30 00:20:00+00:00,122.4394,122.66,122.25,122.6307,169278
2025-01-30 00:25:00+00:00,122.64,122.7899,122.25,122.25,181722
2025-01-30 00:30:00+00:00,122.45,122.65,122.45,122.5993,93475
2025-01-30 00:35:00+00:00,122.6,122.88,122.56,122.84,184508
2025-01-30 00:40:00+00:00,122.88,122.97,122.73,122.76,132281
2025-01-30 00:45:00+00:00,122.75,122.93,122.71,122.8805,131525
2025-01-30 00:50:00+00:00,122.9,123.13,122.8812,123.09,253776
2025-01-30 00:55:00+00:00,123.1,123.32,123.07,123.2601,266330
2025-01-30 09:00:00+00:00,123.3,124.5,123.3,123.99,307361
2025-01-30 09:05:00+00:00,123.95,124.5,123.81,124.47,147853
2025-01-30 09:10:00+00:00,124.47,124.68,124.16,124.19,159782
2025-01-30 09:15:00+00:00,124.19,124.4,124.16,124.38,41329
2025-01-30 09:20:00+00:00,124.34,124.37,123.83,123.83,97538
2025-01-30 09:25:00+00:00,123.83,124.24,123.66,124.05,83606
2025-01-30 09:30:00+00:00,124.04,124.1,123.8,124.03,72473
2025-01-30 09:35:00+00:00,124.03,124.13,123.83,124.03,43838
2025-01-30 09:40:00+00:00,124.06,124.2,123.92,124.2,46357
2025-01-30 09:45:00+00:00,124.21,124.22,123.88,124.04,43200
2025-01-30 09:50:00+00:00,124.02,124.08,123.33,123.44,94478
2025-01-30 09:55:00+00:00,123.44,123.73,123.3,123.51,69217
2025-01-30 10:00:00+00:00,123.45,123.72,123.44,123.72,32246
2025-01-30 10:05:00+00:00,123.72,123.72,123.12,123.15,97951
2025-01-30 10:10:00+00:00,123.16,123.35,123.14,123.14,36077
2025-01-30 10:15:00+00:00,123.11,123.22,122.5,122.55,121628
2025-01-30 10:20:00+00:00,122.54,122.7,122.25,122.67,147234
2025-01-30 10:25:00+00:00,122.65,122.75,122.4,122.52,68453
2025-01-30 10:30:00+00:00,122.54,122.76,122.54,122.64,52376
2025-01-30 10:35:00+00:00,122.68,122.85,122.62,122.66,55930
2025-01-30 10:40:00+00:00,122.66,122.9,122.66,122.79,44194
2025-01-30 10:45:00+00:00,122.8,122.8,122.52,122.61,67193
2025-01-30 10:50:00+00:00,122.6,122.6,122.0,122.1,178974
2025-01-30 10:55:00+00:00,122.06,122.38,122.01,122.33,55904
2025-01-30 11:00:00+00:00,122.34,122.39,122.12,122.22,81986
2025-01-30 11:05:00+00:00,122.19,122.3,122.01,122.2,76802
2025-01-30 11:10:00+00:00,122.2,122.7,122.2,122.57,73362
2025-01-30 11:15:00+00:00,122.58,122.82,122.51,122.82,48784
2025-01-30 11:20:00+00:00,122.83,122.84,122.66,122.7,63858
2025-01-30 11:25:00+00:00,122.71,122.76,122.61,122.68,27039
2025-01-30 11:30:00+00:00,122.69,122.77,122.5,122.75,71824
2025-01-30 11:35:00+00:00,122.75,123.28,122.72,123.1,130172
2025-01-30 11:40:00+00:00,123.07,123.25,122.91,122.94,55672
2025-01-30 11:45:00+00:00,122.91,122.92,122.52,122.75,71503
2025-01-30 11:50:00+00:00,122.8,122.8,122.6,122.71,50875
2025-01-30 11:55:00+00:00,122.7,122.91,122.7,122.88,43166
2025-01-30 12:00:00+00:00,122.89,123.43,122.83,123.32,274894
2025-01-30 12:05:00+00:00,123.34,123.5,123.15,123.24,112251
2025-01-30 12:10:00+00:00,123.24,123.38,123.23,123.36,57494
2025-01-30 12:15:00+00:00,123.34,123.35,122.78,122.8,130934
2025-01-30 12:20:00+00:00,122.8,122.97,122.78,122.89,109678
2025-01-30 12:25:00+00:00,122.87,122.9,122.63,122.74,114190
2025-01-30 12:30:00+00:00,122.74,123.0,122.71,123.0,60711
2025-01-30 12:35:00+00:00,122.99,123.25,122.95,123.2,85887
2025-01-30 12:40:00+00:00,123.2,123.23,123.05,123.05,65103
2025-01-30 12:45:00+00:00,123.06,123.17,123.01,123.15,58765
2025-01-30 12:50:00+00:00,123.17,123.17,123.03,123.11,87491
2025-01-30 12:55:00+00:00,123.12,123.12,122.85,123.0,110028
2025-01-30 13:00:00+00:00,123.08,124.6729,122.0104,123.16,1324046
2025-01-30 13:05:00+00:00,123.16,123.66,123.15,123.66,286743
2025-01-30 13:10:00+00:00,123.66,123.99,123.59,123.66,388282
2025-01-30 13:15:00+00:00,123.6899,123.81,123.24,123.41,309353
2025-01-30 13:20:00+00:00,123.42,123.47,123.03,123.1801,251435
2025-01-30 13:25:00+00:00,123.19,123.7,122.89,123.12,320873
2025-01-30 13:30:00+00:00,123.11,123.49,123.0,123.08,286433
2025-01-30 13:35:00+00:00,123.1,123.11,122.53,122.67,554479
2025-01-30 13:40:00+00:00,122.6799,122.69,122.28,122.57,455004
2025-01-30 13:45:00+00:00,122.57,122.86,122.45,122.7997,234302
2025-01-30 13:50:00+00:00,122.77,123.16,122.7501,123.1501,301305
2025-01-30 13:55:00+00:00,123.1599,123.39,123.0,123.3498,309354
2025-01-30 14:00:00+00:00,123.321,123.47,123.15,123.269,362345
2025-01-30 14:05:00+00:00,123.27,123.74,123.21,123.69,1113329
2025-01-30 14:10:00+00:00,123.6899,123.9,123.59,123.59,437303
2025-01-30 14:15:00+00:00,123.5801,123.68,123.28,123.52,247428
2025-01-30 14:20:00+00:00,123.57,123.58,123.36,123.4,202411
2025-01-30 14:25:00+00:00,123.36,123.56,123.0,123.04,439047
2025-01-30 14:30:00+00:00,123.1,124.15,121.92,122.215,10924191
2025-01-30 14:35:00+00:00,122.23,122.84,121.82,121.9896,6754753
2025-01-30 14:40:00+00:00,122.0,122.07,121.25,121.66,7079465
2025-01-30 14:45:00+00:00,121.6542,123.4,121.53,123.2201,6551336
2025-01-30 14:50:00+00:00,123.23,123.49,122.71,122.8765,4732722
2025-01-30 14:55:00+00:00,122.86,122.93,121.83,122.165,4575495
2025-01-30 15:00:00+00:00,122.18,122.3,121.28,121.7999,5298369
2025-01-30 15:05:00+00:00,121.79,121.87,121.09,121.2591,5597805
2025-01-30 15:10:00+00:00,121.26,122.1,121.1,121.285,4611083
2025-01-30 15:15:00+00:00,121.2802,121.38,120.45,120.73,6724198
2025-01-30 15:20:00+00:00,120.73,121.015,120.12,120.86,6687094
2025-01-30 15:25:00+00:00,120.8658,120.89,119.45,119.57,8941015
2025-01-30 15:30:00+00:00,119.5814,119.7706,118.75,119.195,8311721
2025-01-30 15:35:00+00:00,119.2,120.09,119.1936,120.08,5521689
2025-01-30 15:40:00+00:00,120.09,120.4,119.49,119.5199,4540937
2025-01-30 15:45:00+00:00,119.53,120.06,119.43,119.98,5618616
2025-01-30 15:50:00+00:00,119.985,120.005,118.62,118.6835,6596118
2025-01-30 15:55:00+00:00,118.69,119.15,118.51,118.56,5130837
2025-01-30 16:00:00+00:00,118.56,119.13,118.25,119.111,6256271
2025-01-30 16:05:00+00:00,119.115,119.12,118.27,118.295,4274064
2025-01-30 16:10:00+00:00,118.295,118.55,118.14,118.18,4200023
2025-01-30 16:15:00+00:00,118.185,118.73,118.1,118.56,4678930
2025-01-30 16:20:00+00:00,118.5671,119.0199,118.43,118.9999,4013248
2025-01-30 16:25:00+00:00,118.9983,119.3,118.66,119.0547,4031300
2025-01-30 16:30:00+00:00,119.0501,119.25,118.5,118.57,3807900
2025-01-30 16:35:00+00:00,118.565,118.97,118.435,118.96,3077556
2025-01-30 16:40:00+00:00,118.955,119.485,118.73,119.389,3546406
2025-01-30 16:45:00+00:00,119.39,119.57,119.17,119.49,2930213
2025-01-30 16:50:00+00:00,119.49,120.44,119.4,120.3715,3927150
2025-01-30 16:55:00+00:00,120.375,120.89,120.1838,120.585,4510702
2025-01-30 17:00:00+00:00,120.58,120.585,119.815,120.01,3669846
2025-01-30 17:05:00+00:00,120.02,120.04,119.65,119.9682,2701883
2025-01-30 17:10:00+00:00,119.97,120.23,119.73,119.9,4629053
2025-01-30 17:15:00+00:00,119.9,120.02,119.42,119.52,2330542
2025-01-30 17:20:00+00:00,119.52,119.77,119.47,119.675,2255391
2025-01-30 17:25:00+00:00,119.67,119.71,119.1,119.29,2311614
2025-01-30 17:30:00+00:00,119.285,119.77,119.11,119.66,2166592
2025-01-30 17:35:00+00:00,119.65,119.8052,119.56,119.57,2191162
2025-01-30 17:40:00+00:00,119.57,120.0158,119.51,119.6599,2105105
2025-01-30 17:45:00+00:00,119.66,119.935,119.55,119.81,2098856
2025-01-30 17:50:00+00:00,119.81,120.13,119.8,120.02,1943337
2025-01-30 17:55:00+00:00,120.0289,120.2,119.98,120.005,1974780
2025-01-30 18:00:00+00:00,120.005,120.11,119.33,119.795,2436770
2025-01-30 18:05:00+00:00,119.79,120.0777,119.63,120.02,1650802
2025-01-30 18:10:00+00:00,120.02,120.13,119.87,119.935,1462194
2025-01-30 18:15:00+00:00,119.94,120.01,119.67,119.7706,1548143
2025-01-30 18:20:00+00:00,119.76,119.87,119.55,119.7369,1878228
2025-01-30 18:25:00+00:00,119.7206,119.74,119.26,119.475,2323493
2025-01-30 18:30:00+00:00,119.48,119.8,119.38,119.665,1928795
2025-01-30 18:35:00+00:00,119.67,119.78,119.54,119.6127,1843879
2025-01-30 18:40:00+00:00,119.605,119.81,119.51,119.58,2460809
2025-01-30 18:45:00+00:00,119.5794,119.7584,119.5,119.6948,1636040
2025-01-30 18:50:00+00:00,119.695,119.87,119.55,119.6764,2114198
2025-01-30 18:55:00+00:00,119.67,120.23,119.59,120.13,2875747
2025-01-30 19:00:00+00:00,120.14,120.6699,120.0,120.502,3271889
2025-01-30 19:05:00+00:00,120.5,120.965,120.26,120.89,3423061
2025-01-30 19:10:00+00:00,120.895,121.3699,120.87,121.35,3861292
2025-01-30 19:15:00+00:00,121.355,121.365,120.99,121.22,3123182
2025-01-30 19:20:00+00:00,121.22,121.57,121.1901,121.34,2947726
2025-01-30 19:25:00+00:00,121.3484,121.54,121.0,121.455,3163688
2025-01-30 19:30:00+00:00,121.4543,121.52,121.0,121.2604,3167087
2025-01-30 19:35:00+00:00,121.257,121.6476,121.17,121.62,2792205
2025-01-30 19:40:00+00:00,121.6196,121.8,121.35,121.77,3209368
2025-01-30 19:45:00+00:00,121.76,122.36,121.65,122.25,4251166
2025-01-30 19:50:00+00:00,122.25,122.48,121.97,122.39,3849645
2025-01-30 19:55:00+00:00,122.385,122.42,122.13,122.2837,3206329
2025-01-30 20:00:00+00:00,122.27,122.7299,122.16,122.7014,3591067
2025-01-30 20:05:00+00:00,122.7,122.81,121.87,122.43,4345345
2025-01-30 20:10:00+00:00,122.4315,122.7,122.36,122.595,2907325
2025-01-30 20:15:00+00:00,122.59,123.09,122.47,122.95,4616799
2025-01-30 20:20:00+00:00,122.955,123.35,122.87,123.28,4218144
2025-01-30 20:25:00+00:00,123.2696,123.48,123.07,123.415,3771996
2025-01-30 20:30:00+00:00,123.41,123.415,122.7113,123.195,4591272
2025-01-30 20:35:00+00:00,123.2,123.6,122.23,122.27,6544347
2025-01-30 20:40:00+00:00,122.26,123.1897,121.93,122.59,6285925
2025-01-30 20:45:00+00:00,122.59,123.29,122.34,123.16,5707521
2025-01-30 20:50:00+00:00,123.18,124.0,122.72,123.96,8272479
2025-01-30 20:55:00+00:00,123.96,125.0,123.78,124.91,16246084
2025-01-30 21:00:00+00:00,124.925,125.06,124.25,124.89,30971089
2025-01-30 21:05:00+00:00,124.875,124.89,124.15,124.25,13640247
2025-01-30 21:10:00+00:00,124.25,124.26,123.83,123.8504,482337
2025-01-30 21:15:00+00:00,123.88,123.88,123.27,123.55,340476
2025-01-30 21:20:00+00:00,123.54,123.7289,123.3,123.42,277710
2025-01-30 21:25:00+00:00,123.43,123.79,123.42,123.54,170012
2025-01-30 21:30:00+00:00,123.52,124.0,123.34,123.41,389122
2025-01-30 21:35:00+00:00,123.4702,123.65,123.39,123.6,164471
2025-01-30 21:40:00+00:00,123.6087,124.65,123.06,123.14,265034
2025-01-30 21:45:00+00:00,123.15,123.29,122.71,122.79,333108
2025-01-30 21:50:00+00:00,122.77,124.65,122.73,122.8,361820
2025-01-30 21:55:00+00:00,122.8,124.65,122.6205,123.05,277483
2025-01-30 22:00:00+00:00,123.06,123.24,122.934,123.2,143763
2025-01-30 22:05:00+00:00,123.17,123.17,123.0208,123.14,92587
2025-01-30 22:10:00+00:00,123.1488,123.15,122.85,122.941,119855
2025-01-30 22:15:00+00:00,122.97,123.33,122.91,123.31,151744
2025-01-30 22:20:00+00:00,123.3,123.44,123.1515,123.4,170888
2025-01-30 22:25:00+00:00,123.43,123.68,123.31,123.66,229066
2025-01-30 22:30:00+00:00,123.6,123.7,123.5,123.56,99949
2025-01-30 22:35:00+00:00,123.57,123.59,123.3,123.3,100345
2025-01-30 22:40:00+00:00,123.3,123.3775,123.01,123.0642,118797
2025-01-30 22:45:00+00:00,123.09,123.2,122.85,123.11,171474
2025-01-30 22:50:00+00:00,123.1199,123.12,122.9604,123.0899,81195
2025-01-30 22:55:00+00:00,123.0508,123.3,122.99,123.2607,786027
2025-01-30 23:00:00+00:00,123.29,123.45,123.2204,123.3907,90488
2025-01-30 23:05:00+00:00,123.3901,123.568,123.35,123.48,103769
2025-01-30 23:10:00+00:00,123.45,123.45,123.15,123.2,87069
2025-01-30 23:15:00+00:00,123.2,123.26,123.08,123.16,70221
2025-01-30 23:20:00+00:00,123.15,123.4,123.1001,123.4,76546
2025-01-30 23:25:00+00:00,123.36,123.39,123.15,123.15,51886
2025-01-30 23:30:00+00:00,123.16,123.28,123.13,123.2296,62121
2025-01-30 23:35:00+00:00,123.21,123.4,123.12,123.29,101086
2025-01-30 23:40:00+00:00,123.255,123.36,123.25,123.3455,41373
2025-01-30 23:45:00+00:00,123.3103,123.37,123.28,123.3006,49332
2025-01-30 23:50:00+00:00,123.3,123.34,123.2,123.2,44470
2025-01-30 23:55:00+00:00,123.25,123.3798,123.21,123.37,59006
2025-01-31 00:00:00+00:00,123.3798,123.4,123.2,123.36,51289
2025-01-31 00:05:00+00:00,123.38,123.42,123.35,123.38,28233
2025-01-31 00:10:00+00:00,123.3705,123.55,123.35,123.54,66838
2025-01-31 00:15:00+00:00,123.53,123.55,123.4,123.4699,36934
2025-01-31 00:20:00+00:00,123.4701,123.54,123.46,123.54,43180
2025-01-31 00:25:00+00:00,123.5301,123.56,123.49,123.53,40548
2025-01-31 00:30:00+00:00,123.5299,123.56,123.3,123.3,78701
2025-01-31 00:35:00+00:00,123.3188,123.39,123.27,123.32,33781
2025-01-31 00:40:00+00:00,123.33,123.39,123.28,123.37,39337
2025-01-31 00:45:00+00:00,123.37,123.47,123.37,123.4697,56602
2025-01-31 00:50:00+00:00,123.47,123.48,123.38,123.38,93085
2025-01-31 00:55:00+00:00,123.38,123.3895,123.1806,123.2291,176434
2025-01-31 09:00:00+00:00,123.09,123.5,122.8,123.1,161465
2025-01-31 09:05:00+00:00,123.09,123.49,123.05,123.32,92949
2025-01-31 09:10:00+00:00,123.33,123.4,123.0,123.26,95432
2025-01-31 09:15:00+00:00,123.28,123.38,123.18,123.35,36914
2025-01-31 09:20:00+00:00,123.34,123.44,123.23,123.28,37347
2025-01-31 09:25:00+00:00,123.26,123.48,123.21,123.48,47372
2025-01-31 09:30:00+00:00,123.48,123.8,123.36,123.79,79824
2025-01-31 09:35:00+00:00,123.79,123.8,123.6,123.72,56938
2025-01-31 09:40:00+00:00,123.72,123.73,123.6,123.65,43767
2025-01-31 09:45:00+00:00,123.65,123.89,123.65,123.82,58360
2025-01-31 09:50:00+00:00,123.83,123.85,123.65,123.66,26630
2025-01-31 09:55:00+00:00,123.68,123.68,123.39,123.5,58088
2025-01-31 10:00:00+00:00,123.52,123.57,123.42,123.55,29963
2025-01-31 10:05:00+00:00,123.54,123.65,123.44,123.58,32945
2025-01-31 10:10:00+00:00,123.57,123.58,123.48,123.5,19831
2025-01-31 10:15:00+00:00,123.49,123.49,123.22,123.31,46976
2025-01-31 10:20:00+00:00,123.33,123.49,123.3,123.44,15504
2025-01-31 10:25:00+00:00,123.42,123.46,123.32,123.42,30046
2025-01-31 10:30:00+00:00,123.39,123.4,123.18,123.18,37373
2025-01-31 10:35:00+00:00,123.16,123.2,123.06,123.1,66725
2025-01-31 10:40:00+00:00,123.1,123.29,123.1,123.12,43991
2025-01-31 10:45:00+00:00,123.1,123.14,122.92,123.1,90135
2025-01-31 10:50:00+00:00,123.11,123.11,122.8,122.8,64656
2025-01-31 10:55:00+00:00,122.77,123.02,122.75,123.02,47898
2025-01-31 11:00:00+00:00,123.02,123.09,122.94,122.98,37350
2025-01-31 11:05:00+00:00,122.98,123.29,122.98,123.29,59721
2025-01-31 11:10:00+00:00,123.25,123.27,122.98,123.04,58368
2025-01-31 11:15:00+00:00,123.03,123.17,123.03,123.15,51371
2025-01-31 11:20:00+00:00,123.16,123.17,123.05,123.1,18102
2025-01-31 11:25:00+00:00,123.06,123.07,122.83,123.0,37136
2025-01-31 11:30:00+00:00,122.99,123.66,122.99,123.0,88770
2025-01-31 11:35:00+00:00,123.0,123.1,122.9,123.1,24813
2025-01-31 11:40:00+00:00,123.1,123.31,123.05,123.17,33548
2025-01-31 11:45:00+00:00,123.21,123.45,123.2,123.3,45682
2025-01-31 11:50:00+00:00,123.28,123.32,123.22,123.32,17304
2025-01-31 11:55:00+00:00,123.34,123.37,123.12,123.16,35274
2025-01-31 12:00:00+00:00,123.19,123.2,122.9,123.001,193068
2025-01-31 12:05:00+00:00,123.02,123.021,122.59,122.86,146680
2025-01-31 12:10:00+00:00,122.85,122.89,122.64,122.74,83643
2025-01-31 12:15:00+00:00,122.72,122.85,122.66,122.82,94362
2025-01-31 12:20:00+00:00,122.84,122.85,122.7,122.75,65459
2025-01-31 12:25:00+00:00,122.75,123.03,122.75,123.0,88135
2025-01-31 12:30:00+00:00,122.95,123.1,122.76,122.91,53587
2025-01-31 12:35:00+00:00,122.91,122.91,122.76,122.8,52527
2025-01-31 12:40:00+00:00,122.84,122.9,122.76,122.89,41562
2025-01-31 12:45:00+00:00,122.86,123.1,122.86,123.04,74007
2025-01-31 12:50:00+00:00,123.04,123.04,122.9,122.95,47556
2025-01-31 12:55:00+00:00,122.95,122.98,122.8,122.96,65037
2025-01-31 13:00:00+00:00,123.12,123.8796,122.59,122.95,2051490
2025-01-31 13:05:00+00:00,122.94,123.0,122.94,122.95,90669
2025-01-31 13:10:00+00:00,122.96,122.96,122.87,122.8901,95808
2025-01-31 13:15:00+00:00,122.9,123.0,122.88,122.95,95624
2025-01-31 13:20:00+00:00,122.93,122.93,122.84,122.8509,87838
2025-01-31 13:25:00+00:00,122.87,122.9,122.8,122.8709,119869
2025-01-31 13:30:00+00:00,122.88,122.9,122.83,122.9,142374
2025-01-31 13:35:00+00:00,122.9,123.03,122.61,122.76,437401
2025-01-31 13:40:00+00:00,122.81,123.47,122.35,123.36,1159188
2025-01-31 13:45:00+00:00,123.3699,124.59,123.3,124.49,1452510
2025-01-31 13:50:00+00:00,124.49,124.92,124.32,124.4,1410640
2025-01-31 13:55:00+00:00,124.4,124.7275,124.14,124.58,754244
2025-01-31 14:00:00+00:00,124.56,124.59,123.93,123.95,585558
2025-01-31 14:05:00+00:00,123.94,124.3,123.8,124.0,493375
2025-01-31 14:10:00+00:00,124.0,124.38,123.81,124.07,438546
2025-01-31 14:15:00+00:00,124.09,124.7,124.0,124.68,593934
2025-01-31 14:20:00+00:00,124.68,124.75,124.3,124.4,511082
2025-01-31 14:25:00+00:00,124.4,124.4,123.78,123.79,441343
2025-01-31 14:30:00+00:00,123.78,124.74,123.35,123.86,9807078
2025-01-31 14:35:00+00:00,123.88,124.02,123.21,123.8672,5409733
2025-01-31 14:40:00+00:00,123.855,124.95,123.76,124.1356,6924879
2025-01-31 14:45:00+00:00,124.12,124.54,123.55,123.72,4893194
2025-01-31 14:50:00+00:00,123.73,124.49,123.61,124.46,4333994
2025-01-31 14:55:00+00:00,124.46,125.15,124.21,124.994,5558885
2025-01-31 15:00:00+00:00,124.9999,126.13,124.9824,126.1,7861662
2025-01-31 15:05:00+00:00,126.1,126.64,125.26,125.37,7088452
2025-01-31 15:10:00+00:00,125.36,125.8414,125.04,125.48,5043936
2025-01-31 15:15:00+00:00,125.4799,126.16,125.32,125.6976,5473470
2025-01-31 15:20:00+00:00,125.69,125.91,125.47,125.8746,2918662
2025-01-31 15:25:00+00:00,125.87,126.25,125.58,126.186,5589144
2025-01-31 15:30:00+00:00,126.18,127.0,126.14,126.9598,6910989
2025-01-31 15:35:00+00:00,126.94,127.09,126.4,126.4599,5667959
2025-01-31 15:40:00+00:00,126.45,126.5,125.75,126.32,4410586
2025-01-31 15:45:00+00:00,126.32,126.46,125.99,126.256,6776239
2025-01-31 15:50:00+00:00,126.25,126.5963,125.82,126.5399,3374050
2025-01-31 15:55:00+00:00,126.5308,127.14,126.3,126.8,7934058
2025-01-31 16:00:00+00:00,126.79,127.42,126.77,127.3,5110814
2025-01-31 16:05:00+00:00,127.29,127.45,126.975,127.24,3643202
2025-01-31 16:10:00+00:00,127.2202,127.6,127.12,127.58,4096412
2025-01-31 16:15:00+00:00,127.59,127.85,127.47,127.67,4042581
2025-01-31 16:20:00+00:00,127.66,127.6745,126.96,127.29,3656963
2025-01-31 16:25:00+00:00,127.28,127.3187,126.6,126.75,3214387
2025-01-31 16:30:00+00:00,126.74,126.97,126.22,126.245,3469505
2025-01-31 16:35:00+00:00,126.245,126.43,125.62,125.67,4265797
2025-01-31 16:40:00+00:00,125.67,125.79,124.95,125.06,6438780
2025-01-31 16:45:00+00:00,125.05,125.67,124.83,125.56,4766849
2025-01-31 16:50:00+00:00,125.55,125.72,125.32,125.6398,3029603
2025-01-31 16:55:00+00:00,125.62,125.67,125.16,125.42,2522199
2025-01-31 17:00:00+00:00,125.43,125.55,125.02,125.05,2772004
2025-01-31 17:05:00+00:00,125.0499,125.05,124.4,125.04,4963044
2025-01-31 17:10:00+00:00,125.04,125.05,124.62,124.99,2914855
2025-01-31 17:15:00+00:00,124.99,124.99,124.06,124.085,3531344
2025-01-31 17:20:00+00:00,124.085,124.94,124.07,124.915,3149452
2025-01-31 17:25:00+00:00,124.91,125.37,124.81,125.31,3054870
2025-01-31 17:30:00+00:00,125.32,125.55,124.79,124.8501,3321175
2025-01-31 17:35:00+00:00,124.855,125.098,124.81,124.99,1778734
2025-01-31 17:40:00+00:00,124.985,125.14,124.9,124.98,1596831
2025-01-31 17:45:00+00:00,124.98,125.0665,124.895,124.955,1388123
2025-01-31 17:50:00+00:00,124.96,125.44,124.8901,125.4,2144709
2025-01-31 17:55:00+00:00,125.41,125.96,125.25,125.8701,2668341
2025-01-31 18:00:00+00:00,125.88,125.885,125.2403,125.4301,2378898
2025-01-31 18:05:00+00:00,125.46,125.5,124.9301,125.0166,2299523
2025-01-31 18:10:00+00:00,125.02,125.06,124.7823,124.9586,2031668
2025-01-31 18:15:00+00:00,124.96,125.05,124.32,124.3697,2169777
2025-01-31 18:20:00+00:00,124.35,124.85,124.11,124.475,3470574
2025-01-31 18:25:00+00:00,124.4891,124.58,124.12,124.17,2360000
2025-01-31 18:30:00+00:00,124.1511,124.4276,123.58,123.61,4579397
2025-01-31 18:35:00+00:00,123.62,124.16,123.57,124.104,3094622
2025-01-31 18:40:00+00:00,124.1,124.35,123.44,123.6301,2959041
2025-01-31 18:45:00+00:00,123.669,124.0751,123.62,123.73,2406939
2025-01-31 18:50:00+00:00,123.75,123.9,123.29,123.64,2382740
2025-01-31 18:55:00+00:00,123.63,124.02,123.53,123.79,2056370
2025-01-31 19:00:00+00:00,123.825,124.01,123.5131,123.67,2276415
2025-01-31 19:05:00+00:00,123.67,123.73,122.705,123.0502,4454812
2025-01-31 19:10:00+00:00,123.07,123.54,123.04,123.37,2562920
2025-01-31 19:15:00+00:00,123.36,123.49,122.57,122.7586,2957217
2025-01-31 19:20:00+00:00,122.755,123.12,122.65,123.09,2182806
2025-01-31 19:25:00+00:00,123.09,123.28,122.76,123.01,2428200
2025-01-31 19:30:00+00:00,123.025,123.135,122.54,122.9611,2455986
2025-01-31 19:35:00+00:00,122.965,123.0,122.05,122.06,3632386
2025-01-31 19:40:00+00:00,122.06,122.33,121.64,121.7596,4011292
2025-01-31 19:45:00+00:00,121.7501,122.015,121.25,121.9902,4478080
2025-01-31 19:50:00+00:00,122.0099,122.18,121.31,121.69,4678945
2025-01-31 19:55:00+00:00,121.6906,122.05,121.59,121.86,3032421
2025-01-31 20:00:00+00:00,121.87,121.87,121.0,121.1003,3839418
2025-01-31 20:05:00+00:00,121.14,121.39,120.83,120.98,3871178
2025-01-31 20:10:00+00:00,120.98,121.37,120.79,120.88,3214911
2025-01-31 20:15:00+00:00,120.88,121.14,120.6,120.71,3259015
2025-01-31 20:20:00+00:00,120.71,120.7899,120.1,120.37,4637015
2025-01-31 20:25:00+00:00,120.348,120.5886,119.88,120.1099,6892557
2025-01-31 20:30:00+00:00,120.105,120.25,120.0,120.0876,3596216
2025-01-31 20:35:00+00:00,120.08,120.22,119.51,119.64,5993765
2025-01-31 20:40:00+00:00,119.64,119.78,119.2,119.2001,6074965
2025-01-31 20:45:00+00:00,119.205,120.24,119.19,119.9799,7319050
2025-01-31 20:50:00+00:00,119.98,120.35,119.69,120.0798,7372601
2025-01-31 20:55:00+00:00,120.075,120.28,119.98,120.0,10448134
2025-01-31 21:00:00+00:00,120.0,120.23,119.9591,120.15,27055907
2025-01-31 21:05:00+00:00,120.12,120.2,120.04,120.1,956953
2025-01-31 21:10:00+00:00,120.1,120.3,120.1,120.2,868707
2025-01-31 21:15:00+00:00,120.19,120.23,120.15,120.21,1330532
2025-01-31 21:20:00+00:00,120.22,120.32,120.07,120.3196,227398
2025-01-31 21:25:00+00:00,120.3008,120.65,120.3,120.5382,14389444
2025-01-31 21:30:00+00:00,120.56,120.59,120.3,120.4296,171739
2025-01-31 21:35:00+00:00,120.44,120.49,120.07,120.32,166524
2025-01-31 21:40:00+00:00,120.3005,120.43,120.28,120.2999,135328
2025-01-31 21:45:00+00:00,120.28,120.31,120.07,120.11,242469
2025-01-31 21:50:00+00:00,120.12,120.2,120.06,120.06,114290
2025-01-31 21:55:00+00:00,120.0796,120.1084,119.91,120.07,367452
2025-01-31 22:00:00+00:00,120.0509,120.14,120.0221,120.1203,86285
2025-01-31 22:05:00+00:00,120.12,120.19,120.12,120.18,88757
2025-01-31 22:10:00+00:00,120.1896,120.19,119.95,119.95,147257
2025-01-31 22:15:00+00:00,119.94,120.07,119.9207,120.0,142433
2025-01-31 22:20:00+00:00,120.0,120.04,119.98,120.02,64766
2025-01-31 22:25:00+00:00,120.0,120.03,119.81,119.89,1487148
2025-01-31 22:30:00+00:00,119.88,119.9,119.61,119.69,215581
2025-01-31 22:35:00+00:00,119.6899,119.74,119.6,119.67,132654
2025-01-31 22:40:00+00:00,119.67,119.8,119.62,119.7,151783
2025-01-31 22:45:00+00:00,119.66,119.74,119.621,119.73,106632
2025-01-31 22:50:00+00:00,119.74,119.8,119.73,119.7995,74053
2025-01-31 22:55:00+00:00,119.79,119.8,119.75,119.8,60872
2025-01-31 23:00:00+00:00,119.8,119.85,119.77,119.78,75707
2025-01-31 23:05:00+00:00,119.7994,119.85,119.77,119.78,60775
2025-01-31 23:10:00+00:00,119.8,119.8,119.68,119.7756,91559
2025-01-31 23:15:00+00:00,119.8,119.95,119.7856,119.9,94654
2025-01-31 23:20:00+00:00,119.9095,119.93,119.88,119.9,62461
2025-01-31 23:25:00+00:00,119.9,120.04,119.88,120.01,127134
2025-01-31 23:30:00+00:00,120.0,120.08,119.94,119.9599,96881
2025-01-31 23:35:00+00:00,119.99,119.99,119.9,119.92,66560
2025-01-31 23:40:00+00:00,119.94,119.98,119.85,119.95,63785
2025-01-31 23:45:00+00:00,119.97,119.97,119.82,119.82,78107
2025-01-31 23:50:00+00:00,119.8101,119.84,119.62,119.64,151002
2025-01-31 23:55:00+00:00,119.64,119.7899,119.61,119.7196,130511
2025-02-01 00:00:00+00:00,119.7198,119.75,119.59,119.59,112353
2025-02-01 00:05:00+00:00,119.5999,119.75,119.55,119.66,93001
2025-02-01 00:10:00+00:00,119.66,119.71,119.62,119.68,52639
2025-02-01 00:15:00+00:00,119.65,119.7,119.6,119.6101,87611
2025-02-01 00:20:00+00:00,119.6107,119.65,119.53,119.5301,107147
2025-02-01 00:25:00+00:00,119.56,119.6,119.5,119.6,77577
2025-02-01 00:30:00+00:00,119.5898,119.6,119.53,119.56,63810
2025-02-01 00:35:00+00:00,119.5505,119.58,119.5,119.5108,116937
2025-02-01 00:40:00+00:00,119.5393,119.64,119.5,119.55,154107
2025-02-01 00:45:00+00:00,119.56,119.58,119.5,119.54,92274
2025-02-01 00:50:00+00:00,119.53,119.54,119.36,119.4,142028
2025-02-01 00:55:00+00:00,119.42,119.44,119.2,119.23,216233
2025-02-03 09:00:00+00:00,116.01,118.0,115.0,116.73,723792
2025-02-03 09:05:00+00:00,116.74,117.15,116.21,116.24,397885
2025-02-03 09:10:00+00:00,116.26,116.89,116.1,116.8,214072
2025-02-03 09:15:00+00:00,116.8,116.83,116.09,116.2,178828
2025-02-03 09:20:00+00:00,116.18,116.69,115.8,116.22,258335
2025-02-03 09:25:00+00:00,116.26,116.42,116.0,116.25,154442
2025-02-03 09:30:00+00:00,116.24,116.85,116.21,116.67,154563
2025-02-03 09:35:00+00:00,116.65,116.77,116.21,116.46,167083
2025-02-03 09:40:00+00:00,116.48,116.6,116.1,116.12,116579
2025-02-03 09:45:00+00:00,116.13,116.4,116.0,116.3,106079
2025-02-03 09:50:00+00:00,116.3,116.77,116.1,116.4,179971
2025-02-03 09:55:00+00:00,116.32,116.64,116.3,116.51,102858
2025-02-03 10:00:00+00:00,116.51,116.7,116.25,116.25,101237
2025-02-03 10:05:00+00:00,116.3,116.66,116.3,116.65,86938
2025-02-03 10:10:00+00:00,116.68,116.74,116.47,116.56,92851
2025-02-03 10:15:00+00:00,116.56,116.62,116.41,116.43,50580
2025-02-03 10:20:00+00:00,116.44,116.55,116.39,116.55,77476
2025-02-03 10:25:00+00:00,116.51,116.96,116.51,116.79,97677
2025-02-03 10:30:00+00:00,116.8,117.71,116.79,117.67,216833
2025-02-03 10:35:00+00:00,117.67,117.99,117.54,117.6,199546
2025-02-03 10:40:00+00:00,117.62,117.71,117.34,117.7,95290
2025-02-03 10:45:00+00:00,117.7,117.74,117.18,117.43,95935
2025-02-03 10:50:00+00:00,117.45,117.58,117.11,117.36,87850
2025-02-03 10:55:00+00:00,117.34,117.37,117.11,117.25,77237
2025-02-03 11:00:00+00:00,117.25,117.68,117.24,117.45,137254
2025-02-03 11:05:00+00:00,117.42,117.55,117.29,117.34,64363
2025-02-03 11:10:00+00:00,117.39,117.6,117.37,117.44,87019
2025-02-03 11:15:00+00:00,117.46,117.48,117.05,117.16,106480
2025-02-03 11:20:00+00:00,117.16,117.5,117.13,117.27,88160
2025-02-03 11:25:00+00:00,117.23,117.45,117.22,117.45,54657
2025-02-03 11:30:00+00:00,117.45,117.53,117.27,117.32,47595
2025-02-03 11:35:00+00:00,117.31,117.43,116.8,116.87,165572
2025-02-03 11:40:00+00:00,116.87,117.08,116.72,116.75,97403
2025-02-03 11:45:00+00:00,116.75,117.2,116.73,116.95,66122
2025-02-03 11:50:00+00:00,117.0,117.03,116.38,116.55,115428
2025-02-03 11:55:00+00:00,116.58,116.95,116.56,116.87,88340
2025-02-03 12:00:00+00:00,116.88,117.38,116.18,116.18,566974
2025-02-03 12:05:00+00:00,116.18,116.21,115.75,115.77,496267
2025-02-03 12:10:00+00:00,115.77,115.86,115.51,115.821,317040
2025-02-03 12:15:00+00:00,115.85,115.93,115.221,115.24,278899
2025-02-03 12:20:00+00:00,115.24,115.67,115.15,115.46,250995
2025-02-03 12:25:00+00:00,115.47,115.88,115.22,115.51,301727
2025-02-03 12:30:00+00:00,115.5,115.76,115.32,115.52,222030
2025-02-03 12:35:00+00:00,115.52,115.57,115.29,115.35,172847
2025-02-03 12:40:00+00:00,115.35,115.36,115.11,115.13,229527
2025-02-03 12:45:00+00:00,115.12,115.28,115.01,115.06,351226
2025-02-03 12:50:00+00:00,115.05,115.2,114.78,115.1,648689
2025-02-03 12:55:00+00:00,115.1,115.35,114.99,114.99,237104
2025-02-03 13:00:00+00:00,114.99,117.91,113.27,115.18,4851664
2025-02-03 13:05:00+00:00,115.15,119.77,115.1,115.23,681031
2025-02-03 13:10:00+00:00,115.229,115.47,115.09,115.46,398457
2025-02-03 13:15:00+00:00,115.44,115.8,115.33,115.741,472401
2025-02-03 13:20:00+00:00,115.78,115.79,115.41,115.5195,296754
2025-02-03 13:25:00+00:00,115.5097,115.7,115.49,115.65,240414
2025-02-03 13:30:00+00:00,115.63,115.7,115.52,115.54,298215
2025-02-03 13:35:00+00:00,115.54,115.58,115.15,115.38,488462
2025-02-03 13:40:00+00:00,115.3799,115.63,115.36,115.59,294741
2025-02-03 13:45:00+00:00,115.58,115.6,115.5,115.54,259416
2025-02-03 13:50:00+00:00,115.56,115.59,115.31,115.56,281320
2025-02-03 13:55:00+00:00,115.55,115.6,115.5,115.55,237494
2025-02-03 14:00:00+00:00,115.541,115.93,115.53,115.91,513316
2025-02-03 14:05:00+00:00,115.9299,116.1,115.7,115.77,541650
2025-02-03 14:10:00+00:00,115.7699,116.01,115.61,115.8109,433153
2025-02-03 14:15:00+00:00,115.81,115.83,115.34,115.39,447500
2025-02-03 14:20:00+00:00,115.3899,115.45,115.01,115.04,542196
2025-02-03 14:25:00+00:00,115.03,115.04,114.01,114.76,1766978
2025-02-03 14:30:00+00:00,114.76,114.99,113.01,114.41,25471068
2025-02-03 14:35:00+00:00,114.38,114.4767,113.35,114.08,12209978
2025-02-03 14:40:00+00:00,114.08,114.99,113.62,114.47,9125746
2025-02-03 14:45:00+00:00,114.45,114.67,113.51,113.565,8411799
2025-02-03 14:50:00+00:00,113.5644,114.28,113.275,113.78,7229626
2025-02-03 14:55:00+00:00,113.7808,114.99,113.7,114.7376,7088481
2025-02-03 15:00:00+00:00,114.68,115.25,113.76,114.01,7993997
2025-02-03 15:05:00+00:00,114.0,114.97,113.88,114.87,5428603
2025-02-03 15:10:00+00:00,114.86,114.885,113.7,113.865,5496460
2025-02-03 15:15:00+00:00,113.87,114.246,113.61,113.775,5028161
2025-02-03 15:20:00+00:00,113.78,115.925,113.78,115.74,9862699
2025-02-03 15:25:00+00:00,115.745,116.39,115.1,115.76,7982948
2025-02-03 15:30:00+00:00,115.75,116.84,115.42,116.74,6806648
2025-02-03 15:35:00+00:00,116.75,117.06,115.81,116.21,6588069
2025-02-03 15:40:00+00:00,116.2,117.64,116.0391,117.5956,6213677
2025-02-03 15:45:00+00:00,117.59,117.73,116.76,117.0898,5569549
2025-02-03 15:50:00+00:00,117.09,117.56,116.99,117.09,4001793
2025-02-03 15:55:00+00:00,117.08,117.99,116.7001,117.85,4675067
2025-02-03 16:00:00+00:00,117.85,117.98,117.18,117.34,4165303
2025-02-03 16:05:00+00:00,117.34,117.84,116.76,117.67,3840200
2025-02-03 16:10:00+00:00,117.675,117.95,117.52,117.62,2748951
2025-02-03 16:15:00+00:00,117.63,117.87,117.25,117.42,3045209
2025-02-03 16:20:00+00:00,117.415,117.5404,116.83,116.9,2936436
2025-02-03 16:25:00+00:00,116.89,117.1,116.29,116.537,4324328
2025-02-03 16:30:00+00:00,116.54,117.4,116.4,117.21,2955764
2025-02-03 16:35:00+00:00,117.2,117.21,116.69,117.07,2522991
2025-02-03 16:40:00+00:00,117.0691,117.185,116.73,116.8982,2069056
2025-02-03 16:45:00+00:00,116.9,117.33,116.55,116.5601,2793420
2025-02-03 16:50:00+00:00,116.56,117.15,116.52,116.8375,2011084
2025-02-03 16:55:00+00:00,116.82,116.8548,115.92,115.949,3769192
2025-02-03 17:00:00+00:00,115.94,116.38,115.9,116.37,2481360
2025-02-03 17:05:00+00:00,116.38,116.6686,116.085,116.62,2206707
2025-02-03 17:10:00+00:00,116.625,116.779,116.37,116.675,1920160
2025-02-03 17:15:00+00:00,116.675,116.71,116.33,116.4744,1824975
2025-02-03 17:20:00+00:00,116.485,116.5,116.07,116.46,2108129
2025-02-03 17:25:00+00:00,116.425,116.5,115.85,115.885,2074180
2025-02-03 17:30:00+00:00,115.88,116.0399,115.72,115.78,2269626
2025-02-03 17:35:00+00:00,115.755,116.12,115.63,115.6648,2392139
2025-02-03 17:40:00+00:00,115.665,115.8,115.51,115.67,2576992
2025-02-03 17:45:00+00:00,115.675,116.11,115.57,115.96,1992484
2025-02-03 17:50:00+00:00,115.96,116.5,115.9301,116.39,2294461
2025-02-03 17:55:00+00:00,116.3999,116.45,115.66,116.3049,2988068
2025-02-03 18:00:00+00:00,116.29,116.3699,115.75,115.9931,2459477
2025-02-03 18:05:00+00:00,115.98,116.185,115.58,115.74,2300879
2025-02-03 18:10:00+00:00,115.725,116.05,115.59,115.885,1980423
2025-02-03 18:15:00+00:00,115.89,116.1201,115.74,115.9,2284542
2025-02-03 18:20:00+00:00,115.9,116.09,115.54,115.745,2186533
2025-02-03 18:25:00+00:00,115.75,116.26,115.7,115.9399,2496397
2025-02-03 18:30:00+00:00,115.94,116.2,115.89,116.035,2106919
2025-02-03 18:35:00+00:00,116.03,116.3,115.97,116.099,1778492
2025-02-03 18:40:00+00:00,116.095,116.22,115.93,116.154,2141793
2025-02-03 18:45:00+00:00,116.16,116.83,116.1,116.7699,2916121
2025-02-03 18:50:00+00:00,116.77,117.1,116.66,116.7129,2868310
2025-02-03 18:55:00+00:00,116.7296,117.0099,116.7,116.9548,1814275
2025-02-03 19:00:00+00:00,116.95,117.29,116.9201,117.239,2596932
2025-02-03 19:05:00+00:00,117.23,117.82,117.05,117.805,2948667
2025-02-03 19:10:00+00:00,117.805,118.2599,117.65,118.245,6176588
2025-02-03 19:15:00+00:00,118.249,118.57,118.19,118.285,4200689
2025-02-03 19:20:00+00:00,118.285,118.36,117.75,117.98,4101864
2025-02-03 19:25:00+00:00,117.98,118.11,117.62,117.645,2353313
2025-02-03 19:30:00+00:00,117.645,117.9,117.39,117.825,2853611
2025-02-03 19:35:00+00:00,117.83,117.87,117.46,117.67,1985800
2025-02-03 19:40:00+00:00,117.675,117.87,117.51,117.67,2044726
2025-02-03 19:45:00+00:00,117.6615,118.13,117.58,117.97,2341844
2025-02-03 19:50:00+00:00,117.965,118.0,117.7,117.805,2106814
2025-02-03 19:55:00+00:00,117.8,117.96,117.56,117.8099,1883283
2025-02-03 20:00:00+00:00,117.805,117.96,117.63,117.8701,1791468
2025-02-03 20:05:00+00:00,117.87,117.87,117.15,117.39,3108530
2025-02-03 20:10:00+00:00,117.3868,117.67,117.3102,117.64,1897543
2025-02-03 20:15:00+00:00,117.64,117.945,117.5,117.9386,1931094
2025-02-03 20:20:00+00:00,117.93,118.1314,117.7801,118.04,2539837
2025-02-03 20:25:00+00:00,118.035,118.05,117.41,117.4699,2597681
2025-02-03 20:30:00+00:00,117.47,117.84,117.42,117.6717,2313944
2025-02-03 20:35:00+00:00,117.665,117.93,117.5,117.66,2093605
2025-02-03 20:40:00+00:00,117.67,117.69,116.98,117.19,3341521
2025-02-03 20:45:00+00:00,117.195,117.24,116.6,116.82,4694145
2025-02-03 20:50:00+00:00,116.83,116.93,116.01,116.515,6344089
2025-02-03 20:55:00+00:00,116.515,116.85,116.25,116.66,6802955
2025-02-03 21:00:00+00:00,116.64,116.66,116.24,116.55,28663670
2025-02-03 21:05:00+00:00,116.55,116.8,116.55,116.75,252557
2025-02-03 21:10:00+00:00,116.75,116.89,116.6016,116.7501,242997
2025-02-03 21:15:00+00:00,116.7698,117.23,116.66,117.23,1184538
2025-02-03 21:20:00+00:00,117.1919,117.7,116.66,117.59,468314
2025-02-03 21:25:00+00:00,117.61,117.7195,117.06,117.38,246219
2025-02-03 21:30:00+00:00,117.4,117.58,117.25,117.5481,134213
2025-02-03 21:35:00+00:00,117.5499,118.55,117.35,118.3,608342
2025-02-03 21:40:00+00:00,118.3,118.57,118.14,118.35,622623
2025-02-03 21:45:00+00:00,118.3488,118.45,118.27,118.4,237856
2025-02-03 21:50:00+00:00,118.39,118.4,117.8,117.8,266625
2025-02-03 21:55:00+00:00,117.79,118.2,117.75,118.18,203599
2025-02-03 22:00:00+00:00,118.1997,118.37,118.16,118.2511,228532
2025-02-03 22:05:00+00:00,118.26,118.36,118.21,118.24,151052
2025-02-03 22:10:00+00:00,118.21,118.35,118.21,118.34,113503
2025-02-03 22:15:00+00:00,118.32,118.35,118.2,118.25,122744
2025-02-03 22:20:00+00:00,118.2695,118.27,118.0,118.0101,172604
2025-02-03 22:25:00+00:00,118.01,118.14,118.0,118.04,98981
2025-02-03 22:30:00+00:00,118.0398,118.2,118.0,118.1709,84622
2025-02-03 22:35:00+00:00,118.1588,118.25,118.1101,118.2497,52681
2025-02-03 22:40:00+00:00,118.25,118.27,118.21,118.24,70885
2025-02-03 22:45:00+00:00,118.26,118.3,118.2,118.22,90985
2025-02-03 22:50:00+00:00,118.21,118.31,118.21,118.27,52292
2025-02-03 22:55:00+00:00,118.251,118.3,118.2,118.2195,64598
2025-02-03 23:00:00+00:00,118.22,118.2607,118.0,118.2392,122242
2025-02-03 23:05:00+00:00,118.22,118.29,118.1697,118.251,58642
2025-02-03 23:10:00+00:00,118.26,118.28,118.15,118.2294,66508
2025-02-03 23:15:00+00:00,118.2005,118.439,118.2005,118.439,124124
2025-02-03 23:20:00+00:00,118.42,118.49,118.29,118.32,136069
2025-02-03 23:25:00+00:00,118.35,118.4227,118.24,118.27,73968
2025-02-03 23:30:00+00:00,118.26,118.48,118.23,118.47,77971
2025-02-03 23:35:00+00:00,118.48,118.5498,118.4,118.48,109594
2025-02-03 23:40:00+00:00,118.45,118.74,118.45,118.74,106528
2025-02-03 23:45:00+00:00,118.74,118.92,118.67,118.8,173520
2025-02-03 23:50:00+00:00,118.8297,118.8297,118.6,118.72,95836
2025-02-03 23:55:00+00:00,118.74,118.88,118.72,118.87,78333
2025-02-04 00:00:00+00:00,118.8799,119.0,118.86,118.88,175968
2025-02-04 00:05:00+00:00,118.88,118.97,118.76,118.87,103698
2025-02-04 00:10:00+00:00,118.86,118.91,118.74,118.7597,97616
2025-02-04 00:15:00+00:00,118.755,118.81,118.37,118.37,184927
2025-02-04 00:20:00+00:00,118.39,118.6,118.37,118.59,82806
2025-02-04 00:25:00+00:00,118.6,118.6,118.46,118.58,45850
2025-02-04 00:30:00+00:00,118.57,118.77,118.57,118.74,64853
2025-02-04 00:35:00+00:00,118.7397,118.84,118.7,118.82,66801
2025-02-04 00:40:00+00:00,118.82,118.89,118.8,118.86,79602
2025-02-04 00:45:00+00:00,118.87,118.91,118.76,118.79,76351
2025-02-04 00:50:00+00:00,118.7707,118.82,118.701,118.8095,122832
2025-02-04 00:55:00+00:00,118.8,118.84,118.71,118.8,122352
2025-02-04 09:00:00+00:00,117.36,118.05,117.08,117.42,131399
2025-02-04 09:05:00+00:00,117.38,117.43,117.07,117.36,72615
2025-02-04 09:10:00+00:00,117.41,117.75,117.33,117.7,80203
2025-02-04 09:15:00+00:00,117.67,117.7,117.43,117.57,63487
2025-02-04 09:20:00+00:00,117.58,117.7,117.21,117.48,73720
2025-02-04 09:25:00+00:00,117.46,117.65,117.26,117.65,41096
2025-02-04 09:30:00+00:00,117.64,117.64,117.44,117.44,26736
2025-02-04 09:35:00+00:00,117.4,117.76,117.38,117.59,57352
2025-02-04 09:40:00+00:00,117.57,117.6,117.36,117.6,30167
2025-02-04 09:45:00+00:00,117.56,117.66,117.5,117.61,27594
2025-02-04 09:50:00+00:00,117.57,117.77,117.55,117.71,27350
2025-02-04 09:55:00+00:00,117.7,117.7,117.55,117.59,20453
2025-02-04 10:00:00+00:00,117.57,117.58,117.34,117.56,34619
2025-02-04 10:05:00+00:00,117.57,117.66,117.38,117.4,23464
2025-02-04 10:10:00+00:00,117.4,117.65,117.25,117.58,30499
2025-02-04 10:15:00+00:00,117.55,117.72,117.52,117.65,29672
2025-02-04 10:20:00+00:00,117.67,117.72,117.56,117.59,20052
2025-02-04 10:25:00+00:00,117.59,117.61,117.44,117.45,23724
2025-02-04 10:30:00+00:00,117.44,117.54,117.35,117.37,29730
2025-02-04 10:35:00+00:00,117.38,117.44,117.3,117.35,42735
2025-02-04 10:40:00+00:00,117.35,117.49,117.27,117.45,40604
2025-02-04 10:45:00+00:00,117.44,117.5,117.43,117.46,21124
2025-02-04 10:50:00+00:00,117.45,117.5,117.41,117.47,15838
2025-02-04 10:55:00+00:00,117.49,117.66,117.48,117.52,42863
2025-02-04 11:00:00+00:00,117.52,117.57,117.49,117.49,16273
2025-02-04 11:05:00+00:00,117.5,117.65,117.42,117.65,35241
2025-02-04 11:10:00+00:00,117.61,117.61,117.3,117.3,41697
2025-02-04 11:15:00+00:00,117.34,117.41,117.28,117.31,34612
2025-02-04 11:20:00+00:00,117.33,117.36,117.16,117.27,53461
2025-02-04 11:25:00+00:00,117.27,117.48,117.27,117.39,38882
2025-02-04 11:30:00+00:00,117.41,117.43,117.15,117.35,33421
2025-02-04 11:35:00+00:00,117.36,117.48,117.36,117.41,25394
2025-02-04 11:40:00+00:00,117.42,117.46,117.35,117.45,25390
2025-02-04 11:45:00+00:00,117.45,117.48,117.36,117.36,32273
2025-02-04 11:50:00+00:00,117.38,117.4,117.09,117.11,67804
2025-02-04 11:55:00+00:00,117.08,117.24,116.96,116.97,82112
2025-02-04 12:00:00+00:00,117.03,117.45,117.03,117.35,150043
2025-02-04 12:05:00+00:00,117.33,117.33,117.18,117.23,57313
2025-02-04 12:10:00+00:00,117.24,117.48,117.23,117.3,71548
2025-02-04 12:15:00+00:00,117.29,117.4,117.23,117.35,32344
2025-02-04 12:20:00+00:00,117.34,117.36,116.89,117.06,185685
2025-02-04 12:25:00+00:00,117.06,117.3,117.06,117.29,44023
2025-02-04 12:30:00+00:00,117.3,117.36,117.14,117.22,75016
2025-02-04 12:35:00+00:00,117.24,117.34,117.16,117.24,52788
2025-02-04 12:40:00+00:00,117.25,117.45,117.12,117.19,131298
2025-02-04 12:45:00+00:00,117.2,117.22,116.94,117.03,139196
2025-02-04 12:50:00+00:00,117.01,117.15,117.0,117.12,29394
2025-02-04 12:55:00+00:00,117.13,117.25,117.05,117.12,66465
2025-02-04 13:00:00+00:00,117.4,118.0,115.33,117.02,1991983
2025-02-04 13:05:00+00:00,117.02,117.09,116.95,117.0312,120024
2025-02-04 13:10:00+00:00,117.04,117.26,117.0126,117.26,143141
2025-02-04 13:15:00+00:00,117.25,117.2992,117.21,117.2101,136207
2025-02-04 13:20:00+00:00,117.24,117.3,116.87,117.19,332763
2025-02-04 13:25:00+00:00,117.19,117.21,117.01,117.02,175473
2025-02-04 13:30:00+00:00,117.011,117.05,116.7,117.02,279379
2025-02-04 13:35:00+00:00,117.04,117.1,116.8693,116.91,164728
2025-02-04 13:40:00+00:00,116.92,116.9799,116.7,116.8209,214537
2025-02-04 13:45:00+00:00,116.82,116.87,116.52,116.63,269397
2025-02-04 13:50:00+00:00,116.63,116.74,116.59,116.63,193054
2025-02-04 13:55:00+00:00,116.63,116.65,116.49,116.58,204910
2025-02-04 14:00:00+00:00,116.57,116.75,116.5,116.74,168207
2025-02-04 14:05:00+00:00,116.72,116.86,116.69,116.8398,180220
2025-02-04 14:10:00+00:00,116.8398,116.85,116.48,116.49,204925
2025-02-04 14:15:00+00:00,116.4994,116.57,116.2707,116.33,289329
2025-02-04 14:20:00+00:00,116.3699,116.4,116.17,116.3293,230683
2025-02-04 14:25:00+00:00,116.33,117.34,116.33,116.97,561509
2025-02-04 14:30:00+00:00,116.96,118.09,116.7,117.82,9556968
2025-02-04 14:35:00+00:00,117.82,118.95,117.8,118.44,6614428
2025-02-04 14:40:00+00:00,118.43,118.88,117.896,118.5,5540493
2025-02-04 14:45:00+00:00,118.49,118.66,118.1126,118.5701,3570869
2025-02-04 14:50:00+00:00,118.59,119.19,118.15,119.135,5240058
2025-02-04 14:55:00+00:00,119.139,119.88,119.1199,119.355,5733774
2025-02-04 15:00:00+00:00,119.355,120.42,119.355,120.3548,6944722
2025-02-04 15:05:00+00:00,120.36,121.2,120.275,120.92,7443723
2025-02-04 15:10:00+00:00,120.92,120.99,120.1,120.1299,5896584
2025-02-04 15:15:00+00:00,120.12,120.54,119.71,120.5,5650991
2025-02-04 15:20:00+00:00,120.5,120.52,119.875,120.075,3499215
2025-02-04 15:25:00+00:00,120.075,120.33,119.8601,119.93,3198491
2025-02-04 15:30:00+00:00,119.94,120.24,119.6,120.1391,3480847
2025-02-04 15:35:00+00:00,120.13,120.27,119.87,120.0256,4347651
2025-02-04 15:40:00+00:00,120.03,120.36,119.61,119.76,3114976
2025-02-04 15:45:00+00:00,119.7652,119.95,119.38,119.52,2964713
2025-02-04 15:50:00+00:00,119.5281,119.77,119.28,119.7089,2408384
2025-02-04 15:55:00+00:00,119.7052,119.7299,119.38,119.535,1980182
2025-02-04 16:00:00+00:00,119.535,120.09,119.5332,120.0454,3518970
2025-02-04 16:05:00+00:00,120.0475,120.24,119.67,119.769,2289569
2025-02-04 16:10:00+00:00,119.7688,119.9503,119.54,119.575,3423675
2025-02-04 16:15:00+00:00,119.58,119.74,119.35,119.7385,1769594
2025-02-04 16:20:00+00:00,119.7385,120.05,119.7,119.875,1806118
2025-02-04 16:25:00+00:00,119.87,120.15,119.76,120.11,2395054
2025-02-04 16:30:00+00:00,120.11,120.17,119.65,119.7,1980674
2025-02-04 16:35:00+00:00,119.7,119.98,119.7,119.94,1317251
2025-02-04 16:40:00+00:00,119.94,120.09,119.83,119.93,1466704
2025-02-04 16:45:00+00:00,119.9299,120.09,119.64,119.66,2158530
2025-02-04 16:50:00+00:00,119.67,119.72,119.45,119.641,2053754
2025-02-04 16:55:00+00:00,119.64,119.6477,119.05,119.0601,2319831
2025-02-04 17:00:00+00:00,119.065,119.125,118.73,118.7599,3355541
2025-02-04 17:05:00+00:00,118.76,118.78,118.27,118.2756,3075849
2025-02-04 17:10:00+00:00,118.28,118.8,118.255,118.7623,3128151
2025-02-04 17:15:00+00:00,118.765,118.85,117.95,118.035,3466288
2025-02-04 17:20:00+00:00,118.04,118.47,118.0,118.39,2819208
2025-02-04 17:25:00+00:00,118.4,118.44,117.86,117.89,2190551
2025-02-04 17:30:00+00:00,117.89,118.19,117.8501,118.1648,1783558
2025-02-04 17:35:00+00:00,118.16,118.69,118.16,118.545,2283530
2025-02-04 17:40:00+00:00,118.54,118.7199,118.36,118.65,1385407
2025-02-04 17:45:00+00:00,118.65,118.6699,118.255,118.31,1646655
2025-02-04 17:50:00+00:00,118.305,118.58,118.22,118.5201,1262339
2025-02-04 17:55:00+00:00,118.53,118.86,118.35,118.8338,1923992
2025-02-04 18:00:00+00:00,118.845,118.88,118.32,118.36,1578421
2025-02-04 18:05:00+00:00,118.36,118.5,118.18,118.4899,1765445
2025-02-04 18:10:00+00:00,118.4899,118.74,118.46,118.6491,1308427
2025-02-04 18:15:00+00:00,118.645,118.76,118.58,118.695,1425741
2025-02-04 18:20:00+00:00,118.6999,119.1863,118.56,119.177,1874264
2025-02-04 18:25:00+00:00,119.175,119.33,119.09,119.09,1863130
2025-02-04 18:30:00+00:00,119.09,119.34,119.0,119.27,1642242
2025-02-04 18:35:00+00:00,119.28,119.73,119.25,119.6699,2170036
2025-02-04 18:40:00+00:00,119.67,119.82,119.28,119.3718,1881917
2025-02-04 18:45:00+00:00,119.3752,119.65,119.33,119.4886,1358274
2025-02-04 18:50:00+00:00,119.49,119.68,119.33,119.385,1366716
2025-02-04 18:55:00+00:00,119.3882,119.44,119.21,119.3699,1271412
2025-02-04 19:00:00+00:00,119.365,119.4499,119.25,119.435,1315418
2025-02-04 19:05:00+00:00,119.44,119.47,119.16,119.2709,1322672
2025-02-04 19:10:00+00:00,119.27,119.38,119.0802,119.19,1168360
2025-02-04 19:15:00+00:00,119.19,119.4,119.14,119.395,1054168
2025-02-04 19:20:00+00:00,119.4,119.53,119.1,119.135,1610935
2025-02-04 19:25:00+00:00,119.1364,119.355,119.04,119.31,1596952
2025-02-04 19:30:00+00:00,119.31,119.43,119.24,119.32,1128392
2025-02-04 19:35:00+00:00,119.33,119.59,119.31,119.4456,1589024
2025-02-04 19:40:00+00:00,119.445,119.6,119.02,119.1418,1848374
2025-02-04 19:45:00+00:00,119.1421,119.27,118.73,118.77,2193106
2025-02-04 19:50:00+00:00,118.77,118.87,118.57,118.7348,2269034
2025-02-04 19:55:00+00:00,118.735,118.84,118.35,118.635,1398959
2025-02-04 20:00:00+00:00,118.64,118.79,118.53,118.655,1983408
2025-02-04 20:05:00+00:00,118.6572,118.94,118.6,118.84,2183513
2025-02-04 20:10:00+00:00,118.85,118.8799,118.67,118.7864,1459095
2025-02-04 20:15:00+00:00,118.78,118.91,118.64,118.69,1295364
2025-02-04 20:20:00+00:00,118.685,118.78,118.47,118.73,1978134
2025-02-04 20:25:00+00:00,118.73,118.7652,118.37,118.465,1896167
2025-02-04 20:30:00+00:00,118.4661,118.58,118.33,118.5489,1879600
2025-02-04 20:35:00+00:00,118.55,118.7552,118.5,118.7,1923402
2025-02-04 20:40:00+00:00,118.69,118.955,118.6618,118.8499,2114398
2025-02-04 20:45:00+00:00,118.8417,118.85,118.36,118.41,2473792
2025-02-04 20:50:00+00:00,118.42,118.57,118.08,118.49,3721549
2025-02-04 20:55:00+00:00,118.495,118.74,118.47,118.69,5611432
2025-02-04 21:00:00+00:00,118.7,120.12,118.2,119.11,24964546
2025-02-04 21:05:00+00:00,119.14,120.27,118.65,120.04,5053867
2025-02-04 21:10:00+00:00,120.02,120.3,119.83,119.92,732135
2025-02-04 21:15:00+00:00,119.9965,120.59,119.2201,119.4299,1038338
2025-02-04 21:20:00+00:00,119.43,119.66,118.36,119.44,557099
2025-02-04 21:25:00+00:00,119.34,120.03,119.34,119.55,520959
2025-02-04 21:30:00+00:00,119.59,119.74,118.65,119.34,208131
2025-02-04 21:35:00+00:00,119.29,119.33,118.65,119.15,292590
2025-02-04 21:40:00+00:00,119.18,119.18,118.7437,119.0,264749
2025-02-04 21:45:00+00:00,119.05,119.49,119.0,119.46,155831
2025-02-04 21:50:00+00:00,119.47,119.6378,119.18,119.3001,2536247
2025-02-04 21:55:00+00:00,119.3009,119.35,118.92,119.21,112865
2025-02-04 22:00:00+00:00,119.21,119.3,118.9,118.9,111058
2025-02-04 22:05:00+00:00,118.91,119.15,118.9,118.9,73684
2025-02-04 22:10:00+00:00,118.9,118.97,118.75,118.758,146109
2025-02-04 22:15:00+00:00,118.84,119.19,118.77,119.14,110382
2025-02-04 22:20:00+00:00,119.0627,119.17,118.87,119.0,109760
2025-02-04 22:25:00+00:00,119.0,119.16,119.0,119.14,74700
2025-02-04 22:30:00+00:00,119.14,119.1968,119.0,119.04,114937
2025-02-04 22:35:00+00:00,119.02,119.2,118.9,119.0,114903
2025-02-04 22:40:00+00:00,118.98,118.98,118.75,118.9485,94801
2025-02-04 22:45:00+00:00,118.95,119.1,118.85,119.0,103130
2025-02-04 22:50:00+00:00,119.0,119.0,118.8,118.93,41258
2025-02-04 22:55:00+00:00,118.9016,118.99,118.89,118.96,73765
2025-02-04 23:00:00+00:00,118.95,119.15,118.93,119.04,68728
2025-02-04 23:05:00+00:00,119.05,119.05,118.62,118.62,92688
2025-02-04 23:10:00+00:00,118.63,118.92,118.49,118.91,107738
2025-02-04 23:15:00+00:00,118.9,118.92,118.71,118.74,39737
2025-02-04 23:20:00+00:00,118.8,118.84,118.73,118.8,44088
2025-02-04 23:25:00+00:00,118.7996,118.8,118.75,118.7897,45456
2025-02-04 23:30:00+00:00,118.75,118.79,118.73,118.78,157456
2025-02-04 23:35:00+00:00,118.77,118.78,118.62,118.62,32331
2025-02-04 23:40:00+00:00,118.62,118.7298,118.55,118.7298,63637
2025-02-04 23:45:00+00:00,118.6201,118.651,118.56,118.5601,33229
2025-02-04 23:50:00+00:00,118.56,118.6399,118.3,118.44,97488
2025-02-04 23:55:00+00:00,118.4,118.4,118.28,118.31,49873
2025-02-05 00:00:00+00:00,118.3,118.3696,118.26,118.3197,51309
2025-02-05 00:05:00+00:00,118.3193,118.65,118.2824,118.65,67515
2025-02-05 00:10:00+00:00,118.65,118.73,118.58,118.6387,42089
2025-02-05 00:15:00+00:00,118.68,118.75,118.6,118.62,23357
2025-02-05 00:20:00+00:00,118.67,118.75,118.6201,118.6688,33500
2025-02-05 00:25:00+00:00,118.67,118.69,118.65,118.67,26141
2025-02-05 00:30:00+00:00,118.67,118.85,118.67,118.8307,30425
2025-02-05 00:35:00+00:00,118.8599,119.0,118.8301,118.9608,59219
2025-02-05 00:40:00+00:00,118.999,118.999,118.845,118.8794,44238
2025-02-05 00:45:00+00:00,118.8403,118.9299,118.83,118.88,34056
2025-02-05 00:50:00+00:00,118.88,118.93,118.69,118.8999,49031
2025-02-05 00:55:00+00:00,118.9,118.9,118.7099,118.75,59008
2025-02-05 09:00:00+00:00,118.75,119.16,118.35,119.07,133830
2025-02-05 09:05:00+00:00,119.06,119.06,118.64,118.75,67677
2025-02-05 09:10:00+00:00,118.75,119.07,118.69,119.0,47170
2025-02-05 09:15:00+00:00,119.01,119.07,118.75,118.89,37444
2025-02-05 09:20:00+00:00,118.9,119.1,118.86,118.9,78301
2025-02-05 09:25:00+00:00,118.9,119.04,118.82,119.04,31015
2025-02-05 09:30:00+00:00,119.02,119.03,118.8,118.89,34301
2025-02-05 09:35:00+00:00,118.94,119.03,118.88,118.98,21519
2025-02-05 09:40:00+00:00,118.98,119.06,118.84,118.92,23395
2025-02-05 09:45:00+00:00,118.92,119.0,118.88,118.97,18865
2025-02-05 09:50:00+00:00,118.92,119.02,118.91,119.0,15824
2025-02-05 09:55:00+00:00,118.99,119.07,118.9,118.9,40852
2025-02-05 10:00:00+00:00,118.89,118.99,118.83,118.91,26369
2025-02-05 10:05:00+00:00,118.92,119.03,118.88,119.0,12479
2025-02-05 10:10:00+00:00,119.03,119.04,118.96,118.98,10258
2025-02-05 10:15:00+00:00,118.97,118.97,118.87,118.91,16160
2025-02-05 10:20:00+00:00,118.93,118.95,118.89,118.89,17924
2025-02-05 10:25:00+00:00,118.89,118.98,118.84,118.95,22814
2025-02-05 10:30:00+00:00,118.97,118.97,118.9,118.93,18938
2025-02-05 10:35:00+00:00,118.95,118.97,118.81,118.88,37461
2025-02-05 10:40:00+00:00,118.87,118.87,118.65,118.68,42617
2025-02-05 10:45:00+00:00,118.74,118.74,118.58,118.66,36499
2025-02-05 10:50:00+00:00,118.66,118.66,118.42,118.5,36887
2025-02-05 10:55:00+00:00,118.53,118.74,118.51,118.72,22663
2025-02-05 11:00:00+00:00,118.72,118.78,118.68,118.77,15116
2025-02-05 11:05:00+00:00,118.78,118.93,118.76,118.93,26984
2025-02-05 11:10:00+00:00,118.93,119.0,118.85,118.99,41681
2025-02-05 11:15:00+00:00,118.98,118.98,118.87,118.92,18415
2025-02-05 11:20:00+00:00,118.93,118.94,118.78,118.9,32049
2025-02-05 11:25:00+00:00,118.89,119.03,118.87,118.96,49663
2025-02-05 11:30:00+00:00,118.98,119.02,118.92,118.96,25366
2025-02-05 11:35:00+00:00,118.94,119.05,118.93,119.0,54085
2025-02-05 11:40:00+00:00,119.0,119.29,118.97,119.25,57819
2025-02-05 11:45:00+00:00,119.26,119.27,119.11,119.15,32449
2025-02-05 11:50:00+00:00,119.15,119.2,119.05,119.11,28437
2025-02-05 11:55:00+00:00,119.09,119.17,119.07,119.07,32596
2025-02-05 12:00:00+00:00,119.07,119.18,118.931,118.931,161104
2025-02-05 12:05:00+00:00,118.93,119.0,118.72,119.0,104160
2025-02-05 12:10:00+00:00,118.989,119.0,118.87,118.97,41795
2025-02-05 12:15:00+00:00,118.99,119.18,118.99,119.18,55056
2025-02-05 12:20:00+00:00,119.18,119.23,119.1,119.22,53743
2025-02-05 12:25:00+00:00,119.22,119.4,119.171,119.4,83205
2025-02-05 12:30:00+00:00,119.4,119.51,119.34,119.44,95620
2025-02-05 12:35:00+00:00,119.43,119.57,119.39,119.54,95822
2025-02-05 12:40:00+00:00,119.52,119.63,119.44,119.61,114700
2025-02-05 12:45:00+00:00,119.62,119.8,119.58,119.68,158550
2025-02-05 12:50:00+00:00,119.68,119.89,119.65,119.87,120350
2025-02-05 12:55:00+00:00,119.88,120.15,119.84,119.91,263284
2025-02-05 13:00:00+00:00,119.18,120.14,118.42,119.73,1934603
2025-02-05 13:05:00+00:00,119.72,119.94,119.57,119.94,176298
2025-02-05 13:10:00+00:00,119.9393,119.94,119.49,119.8494,189249
2025-02-05 13:15:00+00:00,119.8492,119.88,119.49,119.66,194140
2025-02-05 13:20:00+00:00,119.68,119.88,119.6501,119.88,126062
2025-02-05 13:25:00+00:00,119.88,120.35,119.87,120.23,337802
2025-02-05 13:30:00+00:00,120.23,120.51,120.23,120.34,534919
2025-02-05 13:35:00+00:00,120.35,120.57,120.3,120.5,377491
2025-02-05 13:40:00+00:00,120.5095,120.6,120.3501,120.5021,281581
2025-02-05 13:45:00+00:00,120.52,120.57,120.37,120.5,251284
2025-02-05 13:50:00+00:00,120.49,120.63,120.4603,120.56,6771384
2025-02-05 13:55:00+00:00,120.55,120.59,120.41,120.47,236693
2025-02-05 14:00:00+00:00,120.49,120.79,120.43,120.7599,433920
2025-02-05 14:05:00+00:00,120.74,120.94,120.72,120.9299,537713
2025-02-05 14:10:00+00:00,120.92,121.27,120.91,121.1701,741637
2025-02-05 14:15:00+00:00,121.1702,121.6,121.1,121.51,954339
2025-02-05 14:20:00+00:00,121.5001,121.5499,118.65,121.54,575342
2025-02-05 14:25:00+00:00,121.52,121.85,121.5,121.74,576661
2025-02-05 14:30:00+00:00,121.75,122.67,121.27,122.1392,14076315
2025-02-05 14:35:00+00:00,122.14,122.33,121.31,121.315,6250006
2025-02-05 14:40:00+00:00,121.315,122.36,120.76,122.0601,7379419
2025-02-05 14:45:00+00:00,122.1,122.33,121.51,121.82,4285202
2025-02-05 14:50:00+00:00,121.8132,122.3,121.65,121.7802,4487397
2025-02-05 14:55:00+00:00,121.79,122.6,121.6,122.6,5759834
2025-02-05 15:00:00+00:00,122.55,123.1,122.24,122.7099,8425683
2025-02-05 15:05:00+00:00,122.7,123.39,122.32,122.48,6696394
2025-02-05 15:10:00+00:00,122.48,122.7399,121.94,122.6205,4942220
2025-02-05 15:15:00+00:00,122.61,122.7382,121.97,122.2119,3113995
2025-02-05 15:20:00+00:00,122.2199,122.46,121.7744,122.04,3157217
2025-02-05 15:25:00+00:00,122.053,122.35,121.89,122.3154,2462473
2025-02-05 15:30:00+00:00,122.32,122.54,122.03,122.505,2605486
2025-02-05 15:35:00+00:00,122.5,123.1,122.38,122.8,3623143
2025-02-05 15:40:00+00:00,122.79,123.09,122.652,122.9252,2740620
2025-02-05 15:45:00+00:00,122.935,123.0,122.2,122.2579,2692275
2025-02-05 15:50:00+00:00,122.2599,122.74,122.2599,122.67,2256235
2025-02-05 15:55:00+00:00,122.675,122.89,122.44,122.73,1959020
2025-02-05 16:00:00+00:00,122.72,123.46,122.5785,123.0488,3855407
2025-02-05 16:05:00+00:00,123.04,123.5,123.04,123.3,2782726
2025-02-05 16:10:00+00:00,123.32,123.45,123.17,123.43,2205084
2025-02-05 16:15:00+00:00,123.42,123.49,122.76,122.94,3621408
2025-02-05 16:20:00+00:00,122.92,123.08,122.69,122.8292,1814333
2025-02-05 16:25:00+00:00,122.82,123.24,122.7,123.226,2419950
2025-02-05 16:30:00+00:00,123.22,123.48,123.05,123.48,1948394
2025-02-05 16:35:00+00:00,123.48,123.91,123.385,123.8631,3685613
2025-02-05 16:40:00+00:00,123.86,124.34,123.75,124.23,4376721
2025-02-05 16:45:00+00:00,124.23,124.34,123.93,124.05,2841029
2025-02-05 16:50:00+00:00,124.05,124.3,124.01,124.1096,2459601
2025-02-05 16:55:00+00:00,124.11,124.26,123.95,124.05,2105140
2025-02-05 17:00:00+00:00,124.05,124.43,124.01,124.3,2371979
2025-02-05 17:05:00+00:00,124.305,124.615,124.23,124.58,2765953
2025-02-05 17:10:00+00:00,124.5881,124.64,124.21,124.2501,2114330
2025-02-05 17:15:00+00:00,124.2504,124.26,123.72,123.8611,2503332
2025-02-05 17:20:00+00:00,123.865,124.1704,123.61,124.0702,2264090
2025-02-05 17:25:00+00:00,124.07,124.15,123.88,124.035,1532141
2025-02-05 17:30:00+00:00,124.04,124.045,123.7,123.88,1611105
2025-02-05 17:35:00+00:00,123.887,124.0,123.79,123.825,1233718
2025-02-05 17:40:00+00:00,123.825,124.01,123.79,123.96,1400617
2025-02-05 17:45:00+00:00,123.96,124.21,123.87,124.02,1595504
2025-02-05 17:50:00+00:00,124.02,124.12,123.4731,123.8916,2279890
2025-02-05 17:55:00+00:00,123.9,124.0,123.82,123.865,1702890
2025-02-05 18:00:00+00:00,123.87,123.99,123.81,123.96,1074251
2025-02-05 18:05:00+00:00,123.96,124.23,123.67,123.8348,1770703
2025-02-05 18:10:00+00:00,123.8389,123.8389,123.56,123.77,1239665
2025-02-05 18:15:00+00:00,123.7699,123.8299,123.49,123.72,1357390
2025-02-05 18:20:00+00:00,123.735,123.74,123.37,123.4,1614587
2025-02-05 18:25:00+00:00,123.3948,123.4,122.9,123.2399,2872024
2025-02-05 18:30:00+00:00,123.23,123.37,122.855,123.064,1828449
2025-02-05 18:35:00+00:00,123.06,123.21,123.0,123.085,1412948
2025-02-05 18:40:00+00:00,123.0772,123.18,122.66,122.7452,1884767
2025-02-05 18:45:00+00:00,122.745,122.8186,122.6,122.7063,1644491
2025-02-05 18:50:00+00:00,122.7005,122.71,122.33,122.6499,2374413
2025-02-05 18:55:00+00:00,122.645,123.12,122.59,123.11,2282703
2025-02-05 19:00:00+00:00,123.11,123.39,123.1,123.227,2119141
2025-02-05 19:05:00+00:00,123.225,123.493,123.06,123.38,1797366
2025-02-05 19:10:00+00:00,123.38,123.55,123.36,123.3784,1689382
2025-02-05 19:15:00+00:00,123.3775,123.45,123.215,123.35,1258077
2025-02-05 19:20:00+00:00,123.355,123.54,123.24,123.35,1089484
2025-02-05 19:25:00+00:00,123.3482,123.38,123.2,123.325,992076
2025-02-05 19:30:00+00:00,123.33,123.56,123.2,123.44,1476397
2025-02-05 19:35:00+00:00,123.44,123.73,123.4201,123.7047,1386761
2025-02-05 19:40:00+00:00,123.7082,123.89,123.6501,123.6736,1512696
2025-02-05 19:45:00+00:00,123.67,123.865,123.59,123.81,1412131
2025-02-05 19:50:00+00:00,123.82,123.85,123.61,123.82,1559077
2025-02-05 19:55:00+00:00,123.83,124.0945,123.79,124.09,2138272
2025-02-05 20:00:00+00:00,124.09,124.175,123.83,123.9899,2116903
2025-02-05 20:05:00+00:00,123.9811,124.1983,123.89,124.1819,1711024
2025-02-05 20:10:00+00:00,124.18,124.245,123.96,124.0413,1765009
2025-02-05 20:15:00+00:00,124.045,124.34,124.04,124.3219,1848474
2025-02-05 20:20:00+00:00,124.325,124.4758,124.26,124.34,1931513
2025-02-05 20:25:00+00:00,124.35,124.5,124.2301,124.44,2106764
2025-02-05 20:30:00+00:00,124.43,124.44,123.91,124.0082,2447804
2025-02-05 20:35:00+00:00,124.0,124.015,123.66,123.6717,2288042
2025-02-05 20:40:00+00:00,123.673,123.82,123.545,123.74,2418355
2025-02-05 20:45:00+00:00,123.73,123.96,123.6156,123.8919,2500193
2025-02-05 20:50:00+00:00,123.89,124.23,123.81,124.13,3193681
2025-02-05 20:55:00+00:00,124.135,125.0,123.9,124.96,12119173
2025-02-05 21:00:00+00:00,124.96,125.0,124.26,124.7,18956044
2025-02-05 21:05:00+00:00,124.7,124.94,124.58,124.85,935939
2025-02-05 21:10:00+00:00,124.85,125.0,124.8,124.9703,368688
2025-02-05 21:15:00+00:00,124.98,125.25,124.75,124.84,760119
2025-02-05 21:20:00+00:00,124.8007,125.0,124.65,124.75,286331
2025-02-05 21:25:00+00:00,124.7799,124.83,124.51,124.68,438484
2025-02-05 21:30:00+00:00,124.67,124.68,124.55,124.57,118042
2025-02-05 21:35:00+00:00,124.5799,124.6,124.3,124.4499,204517
2025-02-05 21:40:00+00:00,124.45,124.83,124.32,124.4,155753
2025-02-05 21:45:00+00:00,124.39,124.45,124.29,124.29,133791
2025-02-05 21:50:00+00:00,124.33,124.33,124.04,124.18,266307
2025-02-05 21:55:00+00:00,124.18,124.3,124.1419,124.18,94991
2025-02-05 22:00:00+00:00,124.2,124.6,124.18,124.5017,221975
2025-02-05 22:05:00+00:00,124.5008,124.5008,124.36,124.43,57370
2025-02-05 22:10:00+00:00,124.43,124.9,124.4,124.75,135118
2025-02-05 22:15:00+00:00,124.75,124.78,124.53,124.74,97737
2025-02-05 22:20:00+00:00,124.73,124.84,124.52,124.53,58759
2025-02-05 22:25:00+00:00,124.5,124.6,124.45,124.4893,63246
2025-02-05 22:30:00+00:00,124.48,124.6,124.4626,124.54,69643
2025-02-05 22:35:00+00:00,124.52,124.52,124.42,124.46,38863
2025-02-05 22:40:00+00:00,124.44,124.4498,124.25,124.35,77831
2025-02-05 22:45:00+00:00,124.35,124.3898,124.1,124.31,57850
2025-02-05 22:50:00+00:00,124.33,124.36,124.2545,124.34,29929
2025-02-05 22:55:00+00:00,124.31,124.3294,124.26,124.3,22978
2025-02-05 23:00:00+00:00,124.3,124.46,124.3,124.3705,57685
2025-02-05 23:05:00+00:00,124.3709,124.42,124.35,124.35,21063
2025-02-05 23:10:00+00:00,124.35,124.4,124.35,124.35,23539
2025-02-05 23:15:00+00:00,124.3799,124.3999,124.32,124.3201,35579
2025-02-05 23:20:00+00:00,124.3201,124.5,124.3201,124.48,57915
2025-02-05 23:25:00+00:00,124.45,124.57,124.4,124.55,43783
2025-02-05 23:30:00+00:00,124.53,124.5502,124.3101,124.35,57656
2025-02-05 23:35:00+00:00,124.3201,124.42,124.3201,124.4,28766
2025-02-05 23:40:00+00:00,124.4,124.4,124.35,124.3993,17599
2025-02-05 23:45:00+00:00,124.38,124.49,124.3745,124.48,26072
2025-02-05 23:50:00+00:00,124.4599,124.49,124.4301,124.49,23311
2025-02-05 23:55:00+00:00,124.49,124.5,124.4303,124.48,21630
2025-02-06 00:00:00+00:00,124.49,124.75,124.4707,124.75,63716
2025-02-06 00:05:00+00:00,124.69,124.75,124.55,124.64,46747
2025-02-06 00:10:00+00:00,124.64,124.66,124.5602,124.6,32630
2025-02-06 00:15:00+00:00,124.64,124.64,124.51,124.52,42003
2025-02-06 00:20:00+00:00,124.52,124.55,124.5,124.5,22312
2025-02-06 00:25:00+00:00,124.51,124.6399,124.5,124.6,47442
2025-02-06 00:30:00+00:00,124.5901,124.7,124.58,124.7,27517
2025-02-06 00:35:00+00:00,124.7,124.74,124.63,124.6895,50795
2025-02-06 00:40:00+00:00,124.6803,124.73,124.63,124.6693,38463
2025-02-06 00:45:00+00:00,124.67,124.67,124.53,124.6,56882
2025-02-06 00:50:00+00:00,124.6,124.62,124.55,124.5898,40362
2025-02-06 00:55:00+00:00,124.59,124.6583,124.55,124.6583,93601
2025-02-06 09:00:00+00:00,125.35,125.69,125.05,125.59,144476
2025-02-06 09:05:00+00:00,125.62,126.09,125.62,125.82,174039
2025-02-06 09:10:00+00:00,125.83,126.14,125.83,126.14,134572
2025-02-06 09:15:00+00:00,126.14,126.38,126.02,126.2,145851
2025-02-06 09:20:00+00:00,126.2,126.26,126.1,126.17,72181
2025-02-06 09:25:00+00:00,126.15,126.15,125.94,126.12,93033
2025-02-06 09:30:00+00:00,126.11,126.12,125.91,126.03,95232
2025-02-06 09:35:00+00:00,126.04,126.13,125.98,126.06,36766
2025-02-06 09:40:00+00:00,126.06,126.12,125.92,126.0,63059
2025-02-06 09:45:00+00:00,126.0,126.03,125.75,125.8,66432
2025-02-06 09:50:00+00:00,125.81,125.94,125.75,125.94,43185
2025-02-06 09:55:00+00:00,125.91,126.02,125.77,125.81,53817
2025-02-06 10:00:00+00:00,125.8,125.89,125.77,125.87,35289
2025-02-06 10:05:00+00:00,125.84,126.0,125.79,125.89,38538
2025-02-06 10:10:00+00:00,125.93,125.94,125.83,125.88,40245
2025-02-06 10:15:00+00:00,125.88,125.88,125.38,125.42,126585
2025-02-06 10:20:00+00:00,125.42,125.69,125.3,125.53,63737
2025-02-06 10:25:00+00:00,125.54,125.58,125.32,125.39,36066
2025-02-06 10:30:00+00:00,125.4,125.52,125.27,125.46,69056
2025-02-06 10:35:00+00:00,125.48,125.63,125.48,125.61,37207
2025-02-06 10:40:00+00:00,125.6,125.92,125.57,125.89,101424
2025-02-06 10:45:00+00:00,125.89,125.93,125.79,125.85,52228
2025-02-06 10:50:00+00:00,125.84,125.91,125.79,125.81,65217
2025-02-06 10:55:00+00:00,125.78,125.9,125.69,125.88,37820
2025-02-06 11:00:00+00:00,125.86,125.86,125.63,125.75,50623
2025-02-06 11:05:00+00:00,125.74,125.92,125.74,125.89,45822
2025-02-06 11:10:00+00:00,125.89,126.0,125.81,125.92,73193
2025-02-06 11:15:00+00:00,125.9,126.2,125.89,126.05,89598
2025-02-06 11:20:00+00:00,126.06,126.13,125.91,126.01,75981
2025-02-06 11:25:00+00:00,126.04,126.05,125.77,125.87,68111
2025-02-06 11:30:00+00:00,125.88,125.89,125.59,125.69,48792
2025-02-06 11:35:00+00:00,125.72,125.85,125.65,125.85,36339
2025-02-06 11:40:00+00:00,125.83,125.92,125.56,125.59,39426
2025-02-06 11:45:00+00:00,125.6,125.83,125.6,125.68,38204
2025-02-06 11:50:00+00:00,125.7,125.76,125.66,125.71,26327
2025-02-06 11:55:00+00:00,125.72,125.74,125.58,125.63,44057
2025-02-06 12:00:00+00:00,125.64,125.8,125.31,125.78,250365
2025-02-06 12:05:00+00:00,125.8,125.99,125.53,125.76,156578
2025-02-06 12:10:00+00:00,125.76,125.82,125.63,125.7,48332
2025-02-06 12:15:00+00:00,125.67,125.92,125.62,125.88,55562
2025-02-06 12:20:00+00:00,125.87,125.87,125.75,125.82,32672
2025-02-06 12:25:00+00:00,125.84,125.84,125.73,125.75,33172
2025-02-06 12:30:00+00:00,125.75,125.98,125.74,125.91,58929
2025-02-06 12:35:00+00:00,125.92,126.2,125.9,126.18,122892
2025-02-06 12:40:00+00:00,126.19,126.31,126.01,126.06,173732
2025-02-06 12:45:00+00:00,126.05,126.25,125.93,126.24,97691
2025-02-06 12:50:00+00:00,126.25,126.319,126.12,126.31,88482
2025-02-06 12:55:00+00:00,126.319,126.33,126.16,126.26,87238
2025-02-06 13:00:00+00:00,125.6,126.34,124.66,126.2,1659656
2025-02-06 13:05:00+00:00,126.18,126.3,126.0101,126.2494,189181
2025-02-06 13:10:00+00:00,126.23,126.5,126.22,126.49,220418
2025-02-06 13:15:00+00:00,126.4803,126.77,126.4802,126.5901,482947
2025-02-06 13:20:00+00:00,126.61,126.8,126.59,126.72,209058
2025-02-06 13:25:00+00:00,126.71,126.95,126.68,126.9,468269
2025-02-06 13:30:00+00:00,126.9,126.93,126.68,126.88,340128
2025-02-06 13:35:00+00:00,126.89,127.23,126.89,127.1,744595
2025-02-06 13:40:00+00:00,127.11,127.11,126.62,126.71,478362
2025-02-06 13:45:00+00:00,126.73,126.94,126.66,126.85,278924
2025-02-06 13:50:00+00:00,126.83,127.16,126.76,127.05,312762
2025-02-06 13:55:00+00:00,127.0502,127.16,127.0,127.1,280546
2025-02-06 14:00:00+00:00,127.11,127.15,126.88,127.03,318665
2025-02-06 14:05:00+00:00,127.04,127.11,126.87,126.92,1245060
2025-02-06 14:10:00+00:00,126.92,127.0,126.65,126.76,347250
2025-02-06 14:15:00+00:00,126.761,127.0,126.68,126.9994,344987
2025-02-06 14:20:00+00:00,127.0,127.07,126.82,126.88,299385
2025-02-06 14:25:00+00:00,126.9,127.59,126.87,127.43,834781
2025-02-06 14:30:00+00:00,127.43,127.5,126.23,126.2562,11778830
2025-02-06 14:35:00+00:00,126.25,126.48,125.21,125.855,7779283
2025-02-06 14:40:00+00:00,125.86,126.0,125.23,125.665,4680470
2025-02-06 14:45:00+00:00,125.67,126.5,125.67,126.275,6096423
2025-02-06 14:50:00+00:00,126.28,127.02,125.96,126.7499,4846589
2025-02-06 14:55:00+00:00,126.75,126.755,125.76,125.9827,3776206
2025-02-06 15:00:00+00:00,125.995,126.37,125.55,126.12,3729814
2025-02-06 15:05:00+00:00,126.1299,126.73,125.9701,126.685,3405102
2025-02-06 15:10:00+00:00,126.685,126.96,126.5301,126.785,3450788
2025-02-06 15:15:00+00:00,126.79,127.1,126.66,126.9347,4354626
2025-02-06 15:20:00+00:00,126.935,126.991,126.2,126.2934,3395799
2025-02-06 15:25:00+00:00,126.3028,126.49,126.01,126.2216,2688350
2025-02-06 15:30:00+00:00,126.23,126.79,126.08,126.71,3082545
2025-02-06 15:35:00+00:00,126.71,126.9401,126.28,126.29,2740191
2025-02-06 15:40:00+00:00,126.3005,126.9,126.28,126.4,2541895
2025-02-06 15:45:00+00:00,126.405,126.485,125.93,126.17,2836575
2025-02-06 15:50:00+00:00,126.17,126.4906,126.02,126.465,1958282
2025-02-06 15:55:00+00:00,126.47,126.65,126.37,126.51,1601336
2025-02-06 16:00:00+00:00,126.51,126.71,126.36,126.405,1912168
2025-02-06 16:05:00+00:00,126.405,126.76,126.255,126.725,1778090
2025-02-06 16:10:00+00:00,126.7248,127.0,126.69,126.945,2838403
2025-02-06 16:15:00+00:00,126.943,126.96,126.69,126.74,1701647
2025-02-06 16:20:00+00:00,126.735,126.94,126.5,126.8,1928019
2025-02-06 16:25:00+00:00,126.795,126.865,126.68,126.86,1149521
2025-02-06 16:30:00+00:00,126.86,126.9,126.6,126.7997,1569230
2025-02-06 16:35:00+00:00,126.8,127.18,126.76,127.18,3398540
2025-02-06 16:40:00+00:00,127.175,127.35,126.95,127.1163,2887156
2025-02-06 16:45:00+00:00,127.115,127.47,126.87,127.4648,2755004
2025-02-06 16:50:00+00:00,127.46,128.04,127.41,127.9476,6345593
2025-02-06 16:55:00+00:00,127.945,128.24,127.67,127.805,4724399
2025-02-06 17:00:00+00:00,127.81,127.88,127.22,127.55,3953466
2025-02-06 17:05:00+00:00,127.53,127.73,127.33,127.46,2244407
2025-02-06 17:10:00+00:00,127.45,127.4701,127.26,127.3489,1594898
2025-02-06 17:15:00+00:00,127.345,127.81,127.3,127.6599,2126564
2025-02-06 17:20:00+00:00,127.66,128.09,127.66,128.085,2539350
2025-02-06 17:25:00+00:00,128.09,128.09,127.7,127.7353,2542433
2025-02-06 17:30:00+00:00,127.75,127.87,127.5,127.84,2085923
2025-02-06 17:35:00+00:00,127.835,127.93,127.515,127.5901,1760245
2025-02-06 17:40:00+00:00,127.6,127.78,127.48,127.5356,1646192
2025-02-06 17:45:00+00:00,127.53,127.81,127.4,127.7952,1637310
2025-02-06 17:50:00+00:00,127.79,127.88,127.76,127.795,1393651
2025-02-06 17:55:00+00:00,127.795,127.99,127.64,127.785,1898935
2025-02-06 18:00:00+00:00,127.785,127.99,127.74,127.95,1195722
2025-02-06 18:05:00+00:00,127.95,127.99,127.81,127.88,1520954
2025-02-06 18:10:00+00:00,127.8891,127.92,127.68,127.8401,1494576
2025-02-06 18:15:00+00:00,127.85,128.01,127.8201,127.9399,1970129
2025-02-06 18:20:00+00:00,127.9388,128.32,127.8589,128.285,2466866
2025-02-06 18:25:00+00:00,128.29,128.32,127.925,128.11,2239267
2025-02-06 18:30:00+00:00,128.105,128.298,128.08,128.1901,1567244
2025-02-06 18:35:00+00:00,128.195,128.23,127.935,128.087,1530152
2025-02-06 18:40:00+00:00,128.085,128.28,127.87,128.22,1678003
2025-02-06 18:45:00+00:00,128.215,128.33,128.05,128.3,1554219
2025-02-06 18:50:00+00:00,128.29,128.4,128.22,128.365,1931191
2025-02-06 18:55:00+00:00,128.365,128.4,128.26,128.28,1674059
2025-02-06 19:00:00+00:00,128.275,128.335,128.13,128.196,1328298
2025-02-06 19:05:00+00:00,128.19,128.37,128.17,128.3184,1322195
2025-02-06 19:10:00+00:00,128.315,128.44,128.2101,128.235,1515448
2025-02-06 19:15:00+00:00,128.2319,128.265,128.0,128.105,1876478
2025-02-06 19:20:00+00:00,128.1017,128.14,127.895,128.0756,1631223
2025-02-06 19:25:00+00:00,128.075,128.08,127.48,127.6948,2496184
2025-02-06 19:30:00+00:00,127.7,127.72,126.67,126.9799,4443763
2025-02-06 19:35:00+00:00,126.97,127.49,126.89,127.41,2858378
2025-02-06 19:40:00+00:00,127.4071,127.43,126.97,127.135,2673122
2025-02-06 19:45:00+00:00,127.135,127.5,127.0,127.4499,1967486
2025-02-06 19:50:00+00:00,127.4448,127.59,127.37,127.509,1809397
2025-02-06 19:55:00+00:00,127.51,127.68,127.43,127.6309,1843944
2025-02-06 20:00:00+00:00,127.63,127.77,127.4,127.4613,1800955
2025-02-06 20:05:00+00:00,127.465,127.73,127.36,127.72,1403854
2025-02-06 20:10:00+00:00,127.715,127.9,127.635,127.8456,1506176
2025-02-06 20:15:00+00:00,127.84,128.2,127.81,128.18,2095014
2025-02-06 20:20:00+00:00,128.175,128.25,128.0301,128.035,2033005
2025-02-06 20:25:00+00:00,128.03,128.21,128.0,128.125,1489924
2025-02-06 20:30:00+00:00,128.13,128.365,128.125,128.33,2085748
2025-02-06 20:35:00+00:00,128.325,128.345,128.14,128.255,1640334
2025-02-06 20:40:00+00:00,128.255,128.295,127.925,128.195,2106629
2025-02-06 20:45:00+00:00,128.19,128.29,128.05,128.2299,2179238
2025-02-06 20:50:00+00:00,128.23,128.66,128.04,128.63,4528765
2025-02-06 20:55:00+00:00,128.63,128.77,128.48,128.685,6790213
2025-02-06 21:00:00+00:00,128.69,128.71,128.12,128.44,20273594
2025-02-06 21:05:00+00:00,128.4493,128.68,128.4,128.56,537804
2025-02-06 21:10:00+00:00,128.61,128.68,128.44,128.4598,206127
2025-02-06 21:15:00+00:00,128.4502,128.57,128.4,128.57,297184
2025-02-06 21:20:00+00:00,128.57,128.71,128.51,128.71,410829
2025-02-06 21:25:00+00:00,128.71,128.93,128.7,128.86,433022
2025-02-06 21:30:00+00:00,128.88,129.24,128.87,129.22,746678
2025-02-06 21:35:00+00:00,129.22,129.39,128.68,129.13,456268
2025-02-06 21:40:00+00:00,129.13,129.18,128.84,128.89,243102
2025-02-06 21:45:00+00:00,128.9,128.97,128.56,128.5814,227308
2025-02-06 21:50:00+00:00,128.6,128.6993,128.41,128.53,173182
2025-02-06 21:55:00+00:00,128.53,128.67,128.32,128.61,265971
2025-02-06 22:00:00+00:00,128.61,128.64,128.4,128.47,93321
2025-02-06 22:05:00+00:00,128.45,128.47,127.8,127.8005,369570
2025-02-06 22:10:00+00:00,127.8,128.04,126.24,126.9872,980985
2025-02-06 22:15:00+00:00,126.99,127.6,126.9,127.05,488890
2025-02-06 22:20:00+00:00,127.4488,129.0,126.9,128.5803,729056
2025-02-06 22:25:00+00:00,128.58,128.58,127.2,128.12,378735
2025-02-06 22:30:00+00:00,128.0958,128.63,127.9,128.44,270277
2025-02-06 22:35:00+00:00,128.3998,128.67,128.1,128.38,140520
2025-02-06 22:40:00+00:00,128.3,128.36,127.98,128.05,143217
2025-02-06 22:45:00+00:00,128.06,128.29,127.5,127.8706,231050
2025-02-06 22:50:00+00:00,127.94,128.09,127.7,128.0301,96423
2025-02-06 22:55:00+00:00,128.0593,128.1,127.92,128.01,63300
2025-02-06 23:00:00+00:00,128.03,128.25,128.01,128.15,78273
2025-02-06 23:05:00+00:00,128.15,128.25,128.1207,128.15,32880
2025-02-06 23:10:00+00:00,128.15,128.3398,128.14,128.26,63248
2025-02-06 23:15:00+00:00,128.3283,128.33,128.05,128.08,50194
2025-02-06 23:20:00+00:00,128.0709,128.0999,128.0,128.0,54743
2025-02-06 23:25:00+00:00,128.0,128.06,127.95,128.01,63920
2025-02-06 23:30:00+00:00,128.0102,128.05,127.9,127.92,44930
2025-02-06 23:35:00+00:00,127.9196,127.95,127.6822,127.86,85154
2025-02-06 23:40:00+00:00,127.86,128.05,127.8,128.0,51174
2025-02-06 23:45:00+00:00,128.0,128.1,127.82,127.8207,47371
2025-02-06 23:50:00+00:00,127.81,127.9,127.73,127.83,31787
2025-02-06 23:55:00+00:00,127.85,128.0,127.8499,128.0,24919
2025-02-07 00:00:00+00:00,127.99,128.0985,127.95,127.95,32368
2025-02-07 00:05:00+00:00,127.9408,128.0,127.91,127.94,23700
2025-02-07 00:10:00+00:00,127.93,127.96,127.86,127.9498,26658
2025-02-07 00:15:00+00:00,127.9,127.937,127.84,127.9,30935
2025-02-07 00:20:00+00:00,127.9,128.0,127.9,127.9892,20556
2025-02-07 00:25:00+00:00,127.97,128.0,127.92,127.99,30996
2025-02-07 00:30:00+00:00,127.99,128.0,127.95,127.9802,26486
2025-02-07 00:35:00+00:00,127.99,128.05,127.95,128.02,57925
2025-02-07 00:40:00+00:00,128.0302,128.1,127.97,128.09,28460
2025-02-07 00:45:00+00:00,128.1,128.12,128.0,128.12,46365
2025-02-07 00:50:00+00:00,128.12,128.19,128.1,128.18,47020
2025-02-07 00:55:00+00:00,128.17,128.2,128.1,128.12,101551
2025-02-07 09:00:00+00:00,128.59,129.17,128.5,128.93,140864
2025-02-07 09:05:00+00:00,128.92,129.03,128.83,128.84,97220
2025-02-07 09:10:00+00:00,128.85,128.89,128.7,128.74,51195
2025-02-07 09:15:00+00:00,128.73,128.76,128.48,128.48,63281
2025-02-07 09:20:00+00:00,128.48,128.5,128.25,128.29,54532
2025-02-07 09:25:00+00:00,128.27,128.3,128.1,128.2,55541
2025-02-07 09:30:00+00:00,128.21,128.42,128.16,128.3,61723
2025-02-07 09:35:00+00:00,128.28,128.29,128.13,128.2,39869
2025-02-07 09:40:00+00:00,128.21,128.33,128.16,128.22,30293
2025-02-07 09:45:00+00:00,128.2,128.21,127.78,127.82,88856
2025-02-07 09:50:00+00:00,127.85,128.03,127.53,127.56,92716
2025-02-07 09:55:00+00:00,127.58,127.58,127.2,127.28,126966
2025-02-07 10:00:00+00:00,127.29,127.3,127.01,127.3,113851
2025-02-07 10:05:00+00:00,127.3,127.78,127.3,127.53,95744
2025-02-07 10:10:00+00:00,127.57,127.6,127.41,127.48,31578
2025-02-07 10:15:00+00:00,127.48,127.54,127.43,127.5,22488
2025-02-07 10:20:00+00:00,127.48,127.6,127.41,127.46,24306
2025-02-07 10:25:00+00:00,127.48,127.51,127.4,127.43,27708
2025-02-07 10:30:00+00:00,127.43,127.5,127.32,127.39,39257
2025-02-07 10:35:00+00:00,127.39,127.64,127.39,127.45,57661
2025-02-07 10:40:00+00:00,127.43,127.56,127.37,127.53,26941
2025-02-07 10:45:00+00:00,127.55,127.8,127.55,127.74,47644
2025-02-07 10:50:00+00:00,127.77,127.86,127.72,127.74,25408
2025-02-07 10:55:00+00:00,127.76,127.84,127.76,127.78,11693
2025-02-07 11:00:00+00:00,127.75,127.89,127.72,127.75,26304
2025-02-07 11:05:00+00:00,127.72,127.73,127.63,127.71,24277
2025-02-07 11:10:00+00:00,127.72,127.74,127.52,127.57,28143
2025-02-07 11:15:00+00:00,127.55,127.65,127.5,127.62,21845
2025-02-07 11:20:00+00:00,127.66,127.73,127.61,127.66,23324
2025-02-07 11:25:00+00:00,127.68,127.82,127.65,127.82,32644
2025-02-07 11:30:00+00:00,127.82,127.98,127.81,127.94,31256
2025-02-07 11:35:00+00:00,127.98,127.98,127.87,127.88,20257
2025-02-07 11:40:00+00:00,127.89,127.97,127.76,127.96,40577
2025-02-07 11:45:00+00:00,127.97,128.13,127.9,128.1,42304
2025-02-07 11:50:00+00:00,128.07,128.2,128.05,128.12,37309
2025-02-07 11:55:00+00:00,128.12,128.34,128.11,128.31,69475
2025-02-07 12:00:00+00:00,128.3,128.57,128.131,128.54,149472
2025-02-07 12:05:00+00:00,128.56,128.85,128.52,128.75,147353
2025-02-07 12:10:00+00:00,128.75,128.85,128.7,128.7,54424
2025-02-07 12:15:00+00:00,128.69,128.8,128.62,128.73,71854
2025-02-07 12:20:00+00:00,128.75,128.78,128.62,128.65,34871
2025-02-07 12:25:00+00:00,128.65,128.82,128.61,128.71,64922
2025-02-07 12:30:00+00:00,128.72,128.78,128.58,128.77,58666
2025-02-07 12:35:00+00:00,128.75,128.76,128.51,128.52,47862
2025-02-07 12:40:00+00:00,128.53,128.73,128.501,128.73,29941
2025-02-07 12:45:00+00:00,128.73,129.0,128.73,128.83,153668
2025-02-07 12:50:00+00:00,128.81,128.85,128.7,128.74,80316
2025-02-07 12:55:00+00:00,128.74,128.88,128.7,128.84,65344
2025-02-07 13:00:00+00:00,128.13,129.13,127.1024,128.79,1433567
2025-02-07 13:05:00+00:00,128.78,128.85,128.49,128.49,277142
2025-02-07 13:10:00+00:00,128.5,128.59,128.41,128.45,167930
2025-02-07 13:15:00+00:00,128.48,128.6778,128.48,128.6008,92720
2025-02-07 13:20:00+00:00,128.6,128.61,128.36,128.41,118704
2025-02-07 13:25:00+00:00,128.39,128.46,128.25,128.4,147471
2025-02-07 13:30:00+00:00,128.47,128.95,127.82,128.2,1824940
2025-02-07 13:35:00+00:00,128.21,128.55,128.0,128.5101,268364
2025-02-07 13:40:00+00:00,128.55,129.09,128.5201,128.87,645438
2025-02-07 13:45:00+00:00,128.85,128.85,128.4405,128.48,227731
2025-02-07 13:50:00+00:00,128.46,128.7799,128.46,128.7001,177427
2025-02-07 13:55:00+00:00,128.715,128.99,128.7007,128.98,212461
2025-02-07 14:00:00+00:00,128.96,129.03,128.7,128.95,196935
2025-02-07 14:05:00+00:00,128.9405,129.3699,128.88,129.22,440777
2025-02-07 14:10:00+00:00,129.22,129.35,129.09,129.3492,268843
2025-02-07 14:15:00+00:00,129.3207,129.35,129.1,129.1001,281029
2025-02-07 14:20:00+00:00,129.1,129.2,128.93,129.1991,278216
2025-02-07 14:25:00+00:00,129.2,129.35,128.91,129.23,418492
2025-02-07 14:30:00+00:00,129.22,130.22,128.8,129.8504,13584437
2025-02-07 14:35:00+00:00,129.8466,130.3364,129.42,129.94,6856504
2025-02-07 14:40:00+00:00,129.92,130.21,129.62,129.86,5066885
2025-02-07 14:45:00+00:00,129.86,130.12,129.51,130.03,4274575
2025-02-07 14:50:00+00:00,130.039,130.37,129.88,130.095,4366565
2025-02-07 14:55:00+00:00,130.095,130.12,129.52,129.65,4223728
2025-02-07 15:00:00+00:00,129.61,129.7,128.91,129.26,6188638
2025-02-07 15:05:00+00:00,129.28,129.82,129.06,129.22,4753394
2025-02-07 15:10:00+00:00,129.22,129.39,127.84,128.28,7163712
2025-02-07 15:15:00+00:00,128.29,128.86,127.8,128.71,4462948
2025-02-07 15:20:00+00:00,128.71,129.13,128.43,129.0675,3539341
2025-02-07 15:25:00+00:00,129.08,129.4499,128.9199,129.11,2856975
2025-02-07 15:30:00+00:00,129.1,129.4797,128.921,129.26,2863597
2025-02-07 15:35:00+00:00,129.255,129.8,129.0723,129.54,3335483
2025-02-07 15:40:00+00:00,129.55,129.74,129.22,129.395,2394479
2025-02-07 15:45:00+00:00,129.395,129.69,129.12,129.615,2253707
2025-02-07 15:50:00+00:00,129.62,129.9,125.0,128.62,3898742
2025-02-07 15:55:00+00:00,128.6144,129.42,128.45,129.38,3369505
2025-02-07 16:00:00+00:00,129.38,129.43,128.46,128.72,2593942
2025-02-07 16:05:00+00:00,128.71,129.184,128.23,129.16,2759691
2025-02-07 16:10:00+00:00,129.16,129.165,128.6,128.685,1872411
2025-02-07 16:15:00+00:00,128.69,129.5,128.53,129.18,2620317
2025-02-07 16:20:00+00:00,129.195,129.49,128.85,129.1129,2325924
2025-02-07 16:25:00+00:00,129.11,129.259,128.6694,128.7,1941954
2025-02-07 16:30:00+00:00,128.7,129.0596,128.59,128.95,2140601
2025-02-07 16:35:00+00:00,128.95,128.99,128.4202,128.525,1977892
2025-02-07 16:40:00+00:00,128.52,128.92,128.43,128.69,1726419
2025-02-07 16:45:00+00:00,128.69,128.71,127.99,128.08,3169892
2025-02-07 16:50:00+00:00,128.06,128.22,127.6,128.14,3568444
2025-02-07 16:55:00+00:00,128.15,128.63,128.0,128.25,2640293
2025-02-07 17:00:00+00:00,128.24,128.24,127.95,127.963,1678259
2025-02-07 17:05:00+00:00,127.965,128.64,127.63,128.5,3077075
2025-02-07 17:10:00+00:00,128.5,128.8399,128.22,128.785,1687786
2025-02-07 17:15:00+00:00,128.78,128.785,127.71,128.0101,2527833
2025-02-07 17:20:00+00:00,128.01,128.44,127.81,127.985,2176257
2025-02-07 17:25:00+00:00,127.98,128.35,127.8996,128.235,1386514
2025-02-07 17:30:00+00:00,128.23,128.44,128.06,128.1404,1294352
2025-02-07 17:35:00+00:00,128.14,128.65,128.02,128.617,1361403
2025-02-07 17:40:00+00:00,128.61,128.67,128.41,128.59,1362684
2025-02-07 17:45:00+00:00,128.5848,128.95,128.5201,128.8501,1503925
2025-02-07 17:50:00+00:00,128.855,128.91,128.475,128.8392,1460246
2025-02-07 17:55:00+00:00,128.84,128.99,128.75,128.905,1373699
2025-02-07 18:00:00+00:00,128.905,129.4,128.7,129.3209,2303665
2025-02-07 18:05:00+00:00,129.33,129.65,129.32,129.5175,2023626
2025-02-07 18:10:00+00:00,129.51,129.5599,129.165,129.3782,1724533
2025-02-07 18:15:00+00:00,129.3748,129.4899,129.2,129.4099,1235299
2025-02-07 18:20:00+00:00,129.4,129.45,129.2,129.32,1165293
2025-02-07 18:25:00+00:00,129.335,129.355,129.16,129.255,846099
2025-02-07 18:30:00+00:00,129.2599,129.43,129.17,129.2301,1204072
2025-02-07 18:35:00+00:00,129.2348,129.28,129.07,129.2099,942647
2025-02-07 18:40:00+00:00,129.2048,129.23,128.58,128.78,1886579
2025-02-07 18:45:00+00:00,128.78,128.81,128.3,128.35,1910932
2025-02-07 18:50:00+00:00,128.355,128.53,128.3067,128.51,1369356
2025-02-07 18:55:00+00:00,128.52,128.59,128.33,128.39,1347869
2025-02-07 19:00:00+00:00,128.3893,128.55,128.25,128.445,1199966
2025-02-07 19:05:00+00:00,128.44,128.49,128.235,128.35,1090658
2025-02-07 19:10:00+00:00,128.34,128.395,127.905,128.0401,1826361
2025-02-07 19:15:00+00:00,128.0515,128.28,128.02,128.1899,1492793
2025-02-07 19:20:00+00:00,128.18,128.42,128.05,128.3967,1414737
2025-02-07 19:25:00+00:00,128.4,128.49,128.12,128.13,988717
2025-02-07 19:30:00+00:00,128.14,128.33,127.97,128.3201,1376903
2025-02-07 19:35:00+00:00,128.3201,128.54,128.15,128.5074,1188020
2025-02-07 19:40:00+00:00,128.505,128.5948,128.28,128.51,1357941
2025-02-07 19:45:00+00:00,128.52,128.64,128.33,128.6052,1169922
2025-02-07 19:50:00+00:00,128.605,128.74,128.55,128.63,1205810
2025-02-07 19:55:00+00:00,128.63,128.72,128.53,128.6399,980979
2025-02-07 20:00:00+00:00,128.635,128.635,128.19,128.4,1534085
2025-02-07 20:05:00+00:00,128.4,128.66,128.36,128.435,1323562
2025-02-07 20:10:00+00:00,128.44,128.5,128.29,128.445,1237588
2025-02-07 20:15:00+00:00,128.445,128.77,128.34,128.7148,1636644
2025-02-07 20:20:00+00:00,128.7198,128.9,128.67,128.82,1450837
2025-02-07 20:25:00+00:00,128.8211,129.0899,128.67,128.9485,1994045
2025-02-07 20:30:00+00:00,128.945,129.13,128.82,129.0684,1958445
2025-02-07 20:35:00+00:00,129.065,129.2,128.92,129.0853,2037066
2025-02-07 20:40:00+00:00,129.07,129.5093,129.0416,129.415,3116319
2025-02-07 20:45:00+00:00,129.42,129.49,129.28,129.38,2190011
2025-02-07 20:50:00+00:00,129.38,129.85,129.38,129.695,4757139
2025-02-07 20:55:00+00:00,129.695,130.0,129.6,129.87,7940299
2025-02-07 21:00:00+00:00,129.8693,129.87,129.6,129.66,13288685
2025-02-07 21:05:00+00:00,129.63,129.73,129.63,129.7,145715
2025-02-07 21:10:00+00:00,129.7,129.72,129.6,129.611,552656
2025-02-07 21:15:00+00:00,129.6294,129.84,129.61,129.6402,1001151
2025-02-07 21:20:00+00:00,129.65,129.65,129.41,129.45,118714
2025-02-07 21:25:00+00:00,129.45,129.49,129.35,129.4,106018
2025-02-07 21:30:00+00:00,129.41,129.44,129.32,129.3993,93461
2025-02-07 21:35:00+00:00,129.37,129.84,129.37,129.4993,107380
2025-02-07 21:40:00+00:00,129.499,129.5,129.42,129.42,41976
2025-02-07 21:45:00+00:00,129.421,129.45,129.31,129.3491,102051
2025-02-07 21:50:00+00:00,129.33,129.35,129.17,129.3,129856
2025-02-07 21:55:00+00:00,129.3,129.3,129.19,129.2,54722
2025-02-07 22:00:00+00:00,129.2,129.2599,129.1806,129.22,58975
2025-02-07 22:05:00+00:00,129.22,129.29,129.2,129.23,65972
2025-02-07 22:10:00+00:00,129.2399,129.3,129.1801,129.26,35369
2025-02-07 22:15:00+00:00,129.2897,129.38,129.26,129.35,39716
2025-02-07 22:20:00+00:00,129.3788,129.38,129.33,129.38,24157
2025-02-07 22:25:00+00:00,129.39,129.4,129.26,129.2796,49137
2025-02-07 22:30:00+00:00,129.27,129.28,129.05,129.06,64038
2025-02-07 22:35:00+00:00,129.08,129.08,129.01,129.02,41146
2025-02-07 22:40:00+00:00,129.0202,129.1499,129.01,129.0768,40402
2025-02-07 22:45:00+00:00,129.1,129.12,129.05,129.0606,22349
2025-02-07 22:50:00+00:00,129.06,129.14,129.06,129.07,33014
2025-02-07 22:55:00+00:00,129.119,129.14,129.07,129.1,18131
2025-02-07 23:00:00+00:00,129.1005,129.13,129.07,129.07,23238
2025-02-07 23:05:00+00:00,129.0703,129.09,129.0506,129.06,17799
2025-02-07 23:10:00+00:00,129.06,129.1,129.05,129.05,35742
2025-02-07 23:15:00+00:00,129.05,129.06,128.99,129.02,98976
2025-02-07 23:20:00+00:00,129.01,129.04,128.9102,128.95,46938
2025-02-07 23:25:00+00:00,128.99,128.99,128.91,128.97,41323
2025-02-07 23:30:00+00:00,128.98,129.0,128.92,128.92,18260
2025-02-07 23:35:00+00:00,128.93,128.95,128.92,128.9497,12765
2025-02-07 23:40:00+00:00,128.95,128.95,128.88,128.8999,33659
2025-02-07 23:45:00+00:00,128.8902,128.9,128.85,128.85,21739
2025-02-07 23:50:00+00:00,128.87,128.99,128.8501,128.9793,39512
2025-02-07 23:55:00+00:00,128.97,129.05,128.95,128.99,31362
2025-02-08 00:00:00+00:00,128.99,129.02,128.9601,128.97,20200
2025-02-08 00:05:00+00:00,128.9601,128.99,128.95,128.96,10727
2025-02-08 00:10:00+00:00,128.97,129.0,128.95,128.98,25145
2025-02-08 00:15:00+00:00,128.9701,129.0,128.93,128.93,16064
2025-02-08 00:20:00+00:00,128.93,128.93,128.89,128.89,21929
2025-02-08 00:25:00+00:00,128.8998,128.97,128.84,128.88,68594
2025-02-08 00:30:00+00:00,128.8704,128.8901,128.85,128.89,21075
2025-02-08 00:35:00+00:00,128.8703,128.949,128.85,128.9399,27841
2025-02-08 00:40:00+00:00,128.91,128.93,128.83,128.85,43171
2025-02-08 00:45:00+00:00,128.8207,128.85,128.75,128.76,41897
2025-02-08 00:50:00+00:00,128.76,128.82,128.69,128.7,72807
2025-02-08 00:55:00+00:00,128.7,128.74,128.6902,128.7292,83443
2025-02-10 09:00:00+00:00,130.3,130.75,129.67,130.3,205254
2025-02-10 09:05:00+00:00,130.31,130.31,129.76,129.9,151710
2025-02-10 09:10:00+00:00,129.88,130.17,129.88,130.03,49226
2025-02-10 09:15:00+00:00,130.03,130.07,129.86,130.07,57118
2025-02-10 09:20:00+00:00,130.07,130.28,130.02,130.19,42783
2025-02-10 09:25:00+00:00,130.19,130.21,130.12,130.14,29589
2025-02-10 09:30:00+00:00,130.13,130.14,129.93,130.11,38050
2025-02-10 09:35:00+00:00,130.11,130.11,129.95,130.04,28980
2025-02-10 09:40:00+00:00,130.03,130.11,130.01,130.06,30834
2025-02-10 09:45:00+00:00,130.05,130.05,129.84,129.9,42305
2025-02-10 09:50:00+00:00,129.9,130.01,129.9,129.93,21029
2025-02-10 09:55:00+00:00,129.93,129.93,129.82,129.89,20600
2025-02-10 10:00:00+00:00,129.89,129.96,129.86,129.92,24821
2025-02-10 10:05:00+00:00,129.92,129.99,129.92,129.99,16420
2025-02-10 10:10:00+00:00,129.96,130.04,129.95,130.03,21825
2025-02-10 10:15:00+00:00,130.02,130.18,130.02,130.07,39854
2025-02-10 10:20:00+00:00,130.07,130.18,130.02,130.13,23720
2025-02-10 10:25:00+00:00,130.13,130.24,130.13,130.19,26956
2025-02-10 10:30:00+00:00,130.15,130.15,130.04,130.04,19065
2025-02-10 10:35:00+00:00,130.04,130.17,130.02,130.16,18426
2025-02-10 10:40:00+00:00,130.17,130.21,130.15,130.19,36731
2025-02-10 10:45:00+00:00,130.2,130.2,130.11,130.12,16069
2025-02-10 10:50:00+00:00,130.13,130.13,130.1,130.12,16726
2025-02-10 10:55:00+00:00,130.13,130.18,130.1,130.15,15941
2025-02-10 11:00:00+00:00,130.15,130.15,128.36,129.17,657595
2025-02-10 11:05:00+00:00,129.2,129.32,128.73,129.11,179712
2025-02-10 11:10:00+00:00,129.14,129.2,128.55,128.9,214318
2025-02-10 11:15:00+00:00,128.91,129.5,128.91,129.42,162121
2025-02-10 11:20:00+00:00,129.4,129.4,129.19,129.35,58371
2025-02-10 11:25:00+00:00,129.35,129.49,129.09,129.2,79534
2025-02-10 11:30:00+00:00,129.21,129.26,129.0,129.15,82058
2025-02-10 11:35:00+00:00,129.17,130.5,129.17,129.6,248297
2025-02-10 11:40:00+00:00,129.57,129.57,129.37,129.47,47118
2025-02-10 11:45:00+00:00,129.47,129.51,129.4,129.49,27380
2025-02-10 11:50:00+00:00,129.48,129.48,129.4,129.42,24496
2025-02-10 11:55:00+00:00,129.4,129.53,129.4,129.51,48921
2025-02-10 12:00:00+00:00,129.51,129.76,129.26,129.57,239687
2025-02-10 12:05:00+00:00,129.58,129.67,129.5,129.5,60579
2025-02-10 12:10:00+00:00,129.51,129.56,129.31,129.56,72094
2025-02-10 12:15:00+00:00,129.58,129.88,129.57,129.86,133335
2025-02-10 12:20:00+00:00,129.865,130.0,129.83,129.91,145264
2025-02-10 12:25:00+00:00,129.91,129.98,129.84,129.93,75020
2025-02-10 12:30:00+00:00,129.92,129.95,129.75,129.82,83210
2025-02-10 12:35:00+00:00,129.81,129.88,129.68,129.86,85881
2025-02-10 12:40:00+00:00,129.87,129.9,129.7,129.75,35377
2025-02-10 12:45:00+00:00,129.76,129.78,129.62,129.75,54323
2025-02-10 12:50:00+00:00,129.75,129.82,129.68,129.72,36942
2025-02-10 12:55:00+00:00,129.71,129.76,129.6,129.7,55961
2025-02-10 13:00:00+00:00,129.52,130.41,128.67,129.96,1619644
2025-02-10 13:05:00+00:00,129.9698,130.05,129.93,129.93,311356
2025-02-10 13:10:00+00:00,129.92,130.09,129.7403,129.97,201334
2025-02-10 13:15:00+00:00,129.9892,130.19,129.97,130.04,230881
2025-02-10 13:20:00+00:00,130.0401,130.05,129.9601,130.0013,112314
2025-02-10 13:25:00+00:00,130.0,130.17,129.97,130.11,165290
2025-02-10 13:30:00+00:00,130.0805,130.24,130.06,130.22,141156
2025-02-10 13:35:00+00:00,130.23,130.25,130.12,130.24,158955
2025-02-10 13:40:00+00:00,130.24,130.25,129.98,130.02,185035
2025-02-10 13:45:00+00:00,130.03,130.23,130.03,130.2,130744
2025-02-10 13:50:00+00:00,130.2004,130.25,130.12,130.19,105101
2025-02-10 13:55:00+00:00,130.1801,130.56,130.1116,130.51,330136
2025-02-10 14:00:00+00:00,130.51,131.06,130.5,131.03,721439
2025-02-10 14:05:00+00:00,131.03,131.05,130.75,130.82,290635
2025-02-10 14:10:00+00:00,130.8199,130.9,130.71,130.78,175621
2025-02-10 14:15:00+00:00,130.77,130.96,130.7,130.9397,230130
2025-02-10 14:20:00+00:00,130.94,130.95,130.85,130.8707,170363
2025-02-10 14:25:00+00:00,130.88,130.88,129.94,130.01,723975
2025-02-10 14:30:00+00:00,130.05,131.91,129.96,131.84,10932997
2025-02-10 14:35:00+00:00,131.83,134.0,131.83,133.74,12102169
2025-02-10 14:40:00+00:00,133.745,133.8099,132.68,133.45,7444139
2025-02-10 14:45:00+00:00,133.4301,134.49,133.16,134.025,8172184
2025-02-10 14:50:00+00:00,134.03,134.37,133.57,134.095,5670761
2025-02-10 14:55:00+00:00,134.1147,134.29,133.55,133.92,3521274
2025-02-10 15:00:00+00:00,133.95,134.265,133.51,133.7389,3672194
2025-02-10 15:05:00+00:00,133.74,134.29,133.62,134.16,3329271
2025-02-10 15:10:00+00:00,134.18,134.49,133.9511,134.324,3518749
2025-02-10 15:15:00+00:00,134.3299,134.58,133.9201,134.55,3151588
2025-02-10 15:20:00+00:00,134.55,134.785,134.32,134.5001,3398489
2025-02-10 15:25:00+00:00,134.5,134.695,134.24,134.405,2942421
2025-02-10 15:30:00+00:00,134.42,134.79,134.31,134.58,2779114
2025-02-10 15:35:00+00:00,134.5895,134.79,134.245,134.67,2817096
2025-02-10 15:40:00+00:00,134.67,134.84,134.31,134.4,2719072
2025-02-10 15:45:00+00:00,134.4,134.63,134.14,134.5441,2742623
2025-02-10 15:50:00+00:00,134.54,134.55,133.84,133.885,2674428
2025-02-10 15:55:00+00:00,133.88,134.26,133.8278,133.975,2276669
2025-02-10 16:00:00+00:00,133.97,134.2,133.9,134.1085,1774179
2025-02-10 16:05:00+00:00,134.1088,134.1088,133.83,134.01,1865614
2025-02-10 16:10:00+00:00,134.01,134.23,133.97,134.1,1697354
2025-02-10 16:15:00+00:00,134.09,134.15,133.79,133.8583,1974044
2025-02-10 16:20:00+00:00,133.86,133.94,133.65,133.8998,1939005
2025-02-10 16:25:00+00:00,133.895,133.92,133.45,133.475,2225563
2025-02-10 16:30:00+00:00,133.5003,133.92,133.49,133.75,2095287
2025-02-10 16:35:00+00:00,133.76,133.835,133.5515,133.69,1217416
2025-02-10 16:40:00+00:00,133.7,133.7,133.27,133.39,1781649
2025-02-10 16:45:00+00:00,133.39,133.49,132.99,133.19,2620685
2025-02-10 16:50:00+00:00,133.1812,133.1899,132.99,133.03,1797752
2025-02-10 16:55:00+00:00,133.025,133.56,133.01,133.4999,1988808
2025-02-10 17:00:00+00:00,133.5,133.72,133.46,133.4901,1630454
2025-02-10 17:05:00+00:00,133.4956,133.5799,133.34,133.51,1051025
2025-02-10 17:10:00+00:00,133.51,133.5554,133.27,133.43,1454029
2025-02-10 17:15:00+00:00,133.43,133.61,133.37,133.545,1029901
2025-02-10 17:20:00+00:00,133.5446,133.98,133.51,133.955,1440979
2025-02-10 17:25:00+00:00,133.9501,134.2,133.9144,134.029,2222640
2025-02-10 17:30:00+00:00,134.026,134.24,133.99,134.2119,1309646
2025-02-10 17:35:00+00:00,134.2111,134.29,134.11,134.14,1317393
2025-02-10 17:40:00+00:00,134.1446,134.32,134.1001,134.3,1261092
2025-02-10 17:45:00+00:00,134.3,134.34,134.1208,134.3309,1239762
2025-02-10 17:50:00+00:00,134.34,134.4884,134.31,134.4812,1154599
2025-02-10 17:55:00+00:00,134.4899,134.49,134.3,134.325,1058020
2025-02-10 18:00:00+00:00,134.32,134.39,134.25,134.265,1006047
2025-02-10 18:05:00+00:00,134.265,134.3285,134.12,134.25,1163954
2025-02-10 18:10:00+00:00,134.2507,134.34,134.175,134.3195,824710
2025-02-10 18:15:00+00:00,134.315,134.46,134.14,134.313,1286566
2025-02-10 18:20:00+00:00,134.315,134.45,134.28,134.355,796917
2025-02-10 18:25:00+00:00,134.3588,134.43,134.235,134.33,806401
2025-02-10 18:30:00+00:00,134.33,134.67,134.28,134.5154,2196101
2025-02-10 18:35:00+00:00,134.51,134.69,134.34,134.3856,1501494
2025-02-10 18:40:00+00:00,134.385,134.44,134.251,134.4164,1062587
2025-02-10 18:45:00+00:00,134.4121,134.44,134.1701,134.2344,1140722
2025-02-10 18:50:00+00:00,134.2303,134.42,134.11,134.3784,1163361
2025-02-10 18:55:00+00:00,134.374,134.3799,134.225,134.355,777159
2025-02-10 19:00:00+00:00,134.355,134.45,134.13,134.43,1158158
2025-02-10 19:05:00+00:00,134.435,134.54,134.34,134.345,1384971
2025-02-10 19:10:00+00:00,134.345,134.6499,134.25,134.515,1482620
2025-02-10 19:15:00+00:00,134.5144,134.6,134.37,134.385,1032315
2025-02-10 19:20:00+00:00,134.385,134.65,134.38,134.5246,1299196
2025-02-10 19:25:00+00:00,134.53,134.56,134.35,134.515,973093
2025-02-10 19:30:00+00:00,134.5121,134.535,134.42,134.4814,797132
2025-02-10 19:35:00+00:00,134.485,134.59,134.47,134.4984,871275
2025-02-10 19:40:00+00:00,134.4919,134.5,134.3311,134.4046,880682
2025-02-10 19:45:00+00:00,134.405,134.405,134.22,134.31,1350894
2025-02-10 19:50:00+00:00,134.3181,134.51,134.2601,134.505,1065094
2025-02-10 19:55:00+00:00,134.505,134.6,134.37,134.4116,1380570
2025-02-10 20:00:00+00:00,134.41,134.5,134.28,134.484,1204401
2025-02-10 20:05:00+00:00,134.4845,134.76,134.465,134.7599,1572264
2025-02-10 20:10:00+00:00,134.7509,135.0,134.7,134.975,3227388
2025-02-10 20:15:00+00:00,134.98,134.99,134.68,134.745,2206593
2025-02-10 20:20:00+00:00,134.745,134.84,134.53,134.69,2828675
2025-02-10 20:25:00+00:00,134.69,134.705,134.4,134.5193,2398322
2025-02-10 20:30:00+00:00,134.51,134.68,134.28,134.585,2101371
2025-02-10 20:35:00+00:00,134.5899,134.59,134.15,134.2095,1801984
2025-02-10 20:40:00+00:00,134.2,134.41,134.11,134.2399,2012046
2025-02-10 20:45:00+00:00,134.235,134.245,133.8,133.9599,2732557
2025-02-10 20:50:00+00:00,133.95,134.3,133.74,134.1944,3054693
2025-02-10 20:55:00+00:00,134.195,134.2,133.39,133.51,5736702
2025-02-10 21:00:00+00:00,133.51,133.69,133.34,133.4,22888722
2025-02-10 21:05:00+00:00,133.4,133.57,133.22,133.3,556528
2025-02-10 21:10:00+00:00,133.301,133.3698,133.09,133.14,235240
2025-02-10 21:15:00+00:00,133.13,133.57,133.11,133.38,91677
2025-02-10 21:20:00+00:00,133.3896,133.5,133.33,133.44,168406
2025-02-10 21:25:00+00:00,133.4101,133.5,133.41,133.46,74868
2025-02-10 21:30:00+00:00,133.49,133.63,133.44,133.55,116772
2025-02-10 21:35:00+00:00,133.54,133.65,133.45,133.49,90613
2025-02-10 21:40:00+00:00,133.5,133.5898,133.47,133.56,81816
2025-02-10 21:45:00+00:00,133.56,133.6,133.45,133.45,59030
2025-02-10 21:50:00+00:00,133.4504,133.4791,133.4,133.46,71389
2025-02-10 21:55:00+00:00,133.45,133.57,133.4405,133.51,41447
2025-02-10 22:00:00+00:00,133.515,133.53,133.49,133.51,43519
2025-02-10 22:05:00+00:00,133.5001,133.57,133.46,133.52,42693
2025-02-10 22:10:00+00:00,133.51,133.59,133.51,133.55,28936
2025-02-10 22:15:00+00:00,133.55,133.59,133.52,133.57,40384
2025-02-10 22:20:00+00:00,133.56,133.57,133.52,133.52,20653
2025-02-10 22:25:00+00:00,133.54,133.57,133.51,133.55,31472
2025-02-10 22:30:00+00:00,133.57,133.57,133.53,133.5495,11825
2025-02-10 22:35:00+00:00,133.54,133.56,133.53,133.55,10478
2025-02-10 22:40:00+00:00,133.56,133.57,133.55,133.57,19595
2025-02-10 22:45:00+00:00,133.53,133.54,133.35,133.49,61748
2025-02-10 22:50:00+00:00,133.49,133.5,133.4207,133.48,12860
2025-02-10 22:55:00+00:00,133.48,133.55,133.48,133.51,23575
2025-02-10 23:00:00+00:00,133.5,133.5362,133.41,133.47,33601
2025-02-10 23:05:00+00:00,133.47,133.51,133.33,133.34,44298
2025-02-10 23:10:00+00:00,133.35,133.39,133.26,133.31,42547
2025-02-10 23:15:00+00:00,133.32,133.3629,133.25,133.26,36557
2025-02-10 23:20:00+00:00,133.26,133.29,133.25,133.29,28293
2025-02-10 23:25:00+00:00,133.28,133.29,133.19,133.27,50457
2025-02-10 23:30:00+00:00,133.2797,133.36,133.2797,133.29,26825
2025-02-10 23:35:00+00:00,133.29,133.35,133.25,133.25,52823
2025-02-10 23:40:00+00:00,133.25,133.26,133.18,133.19,45365
2025-02-10 23:45:00+00:00,133.18,133.18,133.07,133.07,39203
2025-02-10 23:50:00+00:00,133.0704,133.2,133.07,133.14,28763
2025-02-10 23:55:00+00:00,133.14,133.19,133.1,133.1899,26175
2025-02-11 00:00:00+00:00,133.1607,133.25,133.1607,133.2,29362
2025-02-11 00:05:00+00:00,133.22,133.23,133.16,133.2,22842
2025-02-11 00:10:00+00:00,133.1805,133.1901,133.14,133.1497,16936
2025-02-11 00:15:00+00:00,133.15,133.18,133.13,133.14,21005
2025-02-11 00:20:00+00:00,133.13,133.15,133.11,133.14,18912
2025-02-11 00:25:00+00:00,133.1301,133.3,133.13,133.27,30271
2025-02-11 00:30:00+00:00,133.3,133.31,133.24,133.26,26113
2025-02-11 00:35:00+00:00,133.27,133.2992,133.2,133.221,21407
2025-02-11 00:40:00+00:00,133.2201,133.29,133.2201,133.29,38670
2025-02-11 00:45:00+00:00,133.27,133.29,133.24,133.2601,43795
2025-02-11 00:50:00+00:00,133.27,133.34,133.26,133.34,32445
2025-02-11 00:55:00+00:00,133.35,133.52,133.33,133.45,98094
2025-02-11 09:00:00+00:00,133.04,133.24,132.54,132.82,100456
2025-02-11 09:05:00+00:00,132.82,132.92,132.65,132.8,56649
2025-02-11 09:10:00+00:00,132.85,132.92,132.8,132.86,36420
2025-02-11 09:15:00+00:00,132.9,133.18,132.82,132.85,42039
2025-02-11 09:20:00+00:00,132.86,132.88,132.46,132.54,65631
2025-02-11 09:25:00+00:00,132.52,132.69,132.52,132.63,30947
2025-02-11 09:30:00+00:00,132.64,132.68,132.42,132.45,27200
2025-02-11 09:35:00+00:00,132.43,132.45,132.25,132.29,51488
2025-02-11 09:40:00+00:00,132.26,132.54,132.23,132.48,36439
2025-02-11 09:45:00+00:00,132.47,132.47,132.33,132.44,32139
2025-02-11 09:50:00+00:00,132.42,132.42,132.27,132.34,28000
2025-02-11 09:55:00+00:00,132.34,132.4,132.28,132.33,19600
2025-02-11 10:00:00+00:00,132.31,132.35,132.25,132.25,23699
2025-02-11 10:05:00+00:00,132.23,132.23,131.88,131.89,97191
2025-02-11 10:10:00+00:00,131.89,132.12,131.84,132.08,82823
2025-02-11 10:15:00+00:00,132.09,132.21,132.07,132.21,43458
2025-02-11 10:20:00+00:00,132.2,132.2,132.03,132.06,31117
2025-02-11 10:25:00+00:00,132.06,132.09,131.85,131.86,59518
2025-02-11 10:30:00+00:00,131.87,131.98,131.84,131.92,36207
2025-02-11 10:35:00+00:00,131.95,131.96,131.51,131.53,76399
2025-02-11 10:40:00+00:00,131.52,131.78,131.46,131.78,76924
2025-02-11 10:45:00+00:00,131.78,131.84,131.74,131.77,30710
2025-02-11 10:50:00+00:00,131.79,131.83,131.62,131.64,46865
2025-02-11 10:55:00+00:00,131.62,131.82,131.55,131.79,56179
2025-02-11 11:00:00+00:00,131.78,132.09,131.76,131.96,71781
2025-02-11 11:05:00+00:00,131.98,132.04,131.94,131.96,37294
2025-02-11 11:10:00+00:00,131.93,132.14,131.92,132.12,38223
2025-02-11 11:15:00+00:00,132.13,132.23,132.05,132.06,42585
2025-02-11 11:20:00+00:00,132.07,132.4,132.07,132.37,49352
2025-02-11 11:25:00+00:00,132.36,132.4,132.3,132.38,52281
2025-02-11 11:30:00+00:00,132.38,132.38,132.21,132.26,24678
2025-02-11 11:35:00+00:00,132.27,132.44,132.23,132.25,28559
2025-02-11 11:40:00+00:00,132.29,132.3,132.14,132.23,34830
2025-02-11 11:45:00+00:00,132.22,132.34,132.2,132.3,18760
2025-02-11 11:50:00+00:00,132.3,132.35,132.29,132.32,14449
2025-02-11 11:55:00+00:00,132.34,132.5,132.34,132.46,52776
2025-02-11 12:00:00+00:00,132.46,132.78,132.42,132.67,204948
2025-02-11 12:05:00+00:00,132.66,132.84,132.58,132.7,82119
2025-02-11 12:10:00+00:00,132.7,132.93,132.67,132.87,81577
2025-02-11 12:15:00+00:00,132.86,133.04,132.74,133.01,93699
2025-02-11 12:20:00+00:00,132.99,133.07,132.8,133.06,78494
2025-02-11 12:25:00+00:00,133.04,133.12,132.78,132.79,97986
2025-02-11 12:30:00+00:00,132.78,132.97,132.75,132.95,44355
2025-02-11 12:35:00+00:00,132.96,132.98,132.88,132.92,36239
2025-02-11 12:40:00+00:00,132.93,132.94,132.82,132.83,39205
2025-02-11 12:45:00+00:00,132.84,133.14,132.84,133.11,46764
2025-02-11 12:50:00+00:00,133.09,133.2,132.88,132.92,100147
2025-02-11 12:55:00+00:00,132.93,133.06,132.87,133.0,48622
2025-02-11 13:00:00+00:00,132.67,133.7,131.7529,133.05,994406
2025-02-11 13:05:00+00:00,133.06,133.17,132.92,132.92,84987
2025-02-11 13:10:00+00:00,132.9399,132.99,132.8702,132.98,61583
2025-02-11 13:15:00+00:00,132.97,132.98,132.6861,132.76,180675
2025-02-11 13:20:00+00:00,132.7694,132.7697,132.3615,132.54,237764
2025-02-11 13:25:00+00:00,132.54,132.63,132.4,132.499,172581
2025-02-11 13:30:00+00:00,132.5,132.67,132.4999,132.52,119747
2025-02-11 13:35:00+00:00,132.53,132.567,132.34,132.4,153094
2025-02-11 13:40:00+00:00,132.4,132.5,132.27,132.37,144592
2025-02-11 13:45:00+00:00,132.3703,132.42,132.15,132.21,161302
2025-02-11 13:50:00+00:00,132.22,132.249,132.1,132.1001,156552
2025-02-11 13:55:00+00:00,132.11,132.11,131.8,131.94,857129
2025-02-11 14:00:00+00:00,131.94,132.39,131.88,132.12,315527
2025-02-11 14:05:00+00:00,132.11,132.36,132.09,132.09,142741
2025-02-11 14:10:00+00:00,132.07,132.32,132.0,132.28,166668
2025-02-11 14:15:00+00:00,132.28,132.29,132.05,132.2397,152411
2025-02-11 14:20:00+00:00,132.24,132.36,131.91,131.9107,164472
2025-02-11 14:25:00+00:00,131.94,132.6,131.94,132.59,380850
2025-02-11 14:30:00+00:00,132.58,133.26,132.01,133.12,7736978
2025-02-11 14:35:00+00:00,133.11,134.13,132.7603,133.995,6227383
2025-02-11 14:40:00+00:00,133.9984,134.29,133.58,133.93,4035575
2025-02-11 14:45:00+00:00,133.94,134.27,133.81,133.83,3003032
2025-02-11 14:50:00+00:00,133.83,134.24,133.685,133.995,2884656
2025-02-11 14:55:00+00:00,133.99,134.48,133.27,133.445,4180572
2025-02-11 15:00:00+00:00,133.44,133.85,133.12,133.19,4107392
2025-02-11 15:05:00+00:00,133.18,133.53,132.9,133.525,3644400
2025-02-11 15:10:00+00:00,133.52,133.85,133.31,133.79,2397909
2025-02-11 15:15:00+00:00,133.77,133.9,133.32,133.33,2270881
2025-02-11 15:20:00+00:00,133.3317,133.63,133.15,133.4912,2135073
2025-02-11 15:25:00+00:00,133.495,134.03,133.445,133.945,2798525
2025-02-11 15:30:00+00:00,133.945,134.03,133.75,133.96,1906027
2025-02-11 15:35:00+00:00,133.95,134.03,133.7,133.925,1559465
2025-02-11 15:40:00+00:00,133.921,134.0,133.68,133.97,1386686
2025-02-11 15:45:00+00:00,133.975,134.07,133.735,133.985,1725531
2025-02-11 15:50:00+00:00,133.98,134.22,133.82,134.095,1685517
2025-02-11 15:55:00+00:00,134.095,134.19,133.72,133.83,1812169
2025-02-11 16:00:00+00:00,133.84,134.05,133.73,133.805,1263469
2025-02-11 16:05:00+00:00,133.8,134.0899,133.72,133.91,1350992
2025-02-11 16:10:00+00:00,133.92,134.04,133.82,133.861,885062
2025-02-11 16:15:00+00:00,133.865,134.0,133.65,133.9844,1586788
2025-02-11 16:20:00+00:00,133.9889,134.38,133.97,134.2499,2101592
2025-02-11 16:25:00+00:00,134.24,134.3,133.92,133.9699,1396670
2025-02-11 16:30:00+00:00,133.97,134.05,133.79,133.888,1642071
2025-02-11 16:35:00+00:00,133.9,134.09,133.815,133.885,1254916
2025-02-11 16:40:00+00:00,133.89,133.95,133.72,133.8489,1121716
2025-02-11 16:45:00+00:00,133.86,133.99,133.675,133.7045,1132414
2025-02-11 16:50:00+00:00,133.7023,133.72,133.4299,133.4801,1617042
2025-02-11 16:55:00+00:00,133.48,133.485,132.7702,132.85,3089839
2025-02-11 17:00:00+00:00,132.855,132.86,131.6,131.9664,4938088
2025-02-11 17:05:00+00:00,131.965,132.05,131.02,131.4046,4429102
2025-02-11 17:10:00+00:00,131.405,132.05,131.4,131.8946,3153067
2025-02-11 17:15:00+00:00,131.89,132.48,131.56,132.415,3155309
2025-02-11 17:20:00+00:00,132.415,132.72,132.23,132.64,2517161
2025-02-11 17:25:00+00:00,132.635,132.8,132.55,132.71,2046325
2025-02-11 17:30:00+00:00,132.72,132.74,132.35,132.5454,1720605
2025-02-11 17:35:00+00:00,132.54,132.54,132.33,132.4946,1421808
2025-02-11 17:40:00+00:00,132.4924,132.5,132.05,132.055,1407417
2025-02-11 17:45:00+00:00,132.06,132.35,131.91,132.325,1831916
2025-02-11 17:50:00+00:00,132.3392,132.39,132.13,132.235,980592
2025-02-11 17:55:00+00:00,132.2346,132.48,132.19,132.41,949652
2025-02-11 18:00:00+00:00,132.41,132.45,132.18,132.38,1007149
2025-02-11 18:05:00+00:00,132.38,132.41,132.09,132.2911,922102
2025-02-11 18:10:00+00:00,132.3,132.34,132.01,132.175,896255
2025-02-11 18:15:00+00:00,132.175,132.51,132.14,132.5081,1342061
2025-02-11 18:20:00+00:00,132.51,132.62,132.442,132.515,902307
2025-02-11 18:25:00+00:00,132.52,132.87,132.515,132.8323,1197665
2025-02-11 18:30:00+00:00,132.84,133.37,132.805,133.345,2028209
2025-02-11 18:35:00+00:00,133.35,133.85,133.295,133.709,2588375
2025-02-11 18:40:00+00:00,133.7,133.88,133.55,133.8699,1929603
2025-02-11 18:45:00+00:00,133.86,133.9,133.43,133.555,1761848
2025-02-11 18:50:00+00:00,133.5586,133.61,133.37,133.47,1273436
2025-02-11 18:55:00+00:00,133.465,133.4999,133.2802,133.3189,927318
2025-02-11 19:00:00+00:00,133.3186,133.57,133.24,133.5499,1128895
2025-02-11 19:05:00+00:00,133.545,133.66,133.42,133.505,1303439
2025-02-11 19:10:00+00:00,133.5084,133.5087,133.18,133.2113,1250218
2025-02-11 19:15:00+00:00,133.21,133.4,133.17,133.345,1068141
2025-02-11 19:20:00+00:00,133.345,133.41,133.13,133.191,921191
2025-02-11 19:25:00+00:00,133.19,133.22,132.9101,133.035,1111970
2025-02-11 19:30:00+00:00,133.03,133.22,132.98,133.095,1121301
2025-02-11 19:35:00+00:00,133.1,133.38,132.99,133.3665,1229127
2025-02-11 19:40:00+00:00,133.365,133.61,133.36,133.5,1561674
2025-02-11 19:45:00+00:00,133.5,133.61,133.49,133.52,983113
2025-02-11 19:50:00+00:00,133.515,133.69,133.49,133.615,1093930
2025-02-11 19:55:00+00:00,133.6198,133.67,133.51,133.59,926915
2025-02-11 20:00:00+00:00,133.59,133.74,133.53,133.5916,1219935
2025-02-11 20:05:00+00:00,133.595,133.68,133.55,133.585,894056
2025-02-11 20:10:00+00:00,133.5812,133.63,133.44,133.59,982221
2025-02-11 20:15:00+00:00,133.5901,133.6,133.32,133.405,1109779
2025-02-11 20:20:00+00:00,133.41,133.4199,133.26,133.3254,928436
2025-02-11 20:25:00+00:00,133.3281,133.58,133.27,133.455,1105539
2025-02-11 20:30:00+00:00,133.455,133.5099,133.07,133.0746,1236628
2025-02-11 20:35:00+00:00,133.075,133.12,132.59,132.665,2444971
2025-02-11 20:40:00+00:00,132.665,132.93,132.4,132.846,1839981
2025-02-11 20:45:00+00:00,132.84,132.9,132.6399,132.82,1406050
2025-02-11 20:50:00+00:00,132.84,133.13,132.6913,132.835,2391633
2025-02-11 20:55:00+00:00,132.84,132.93,132.58,132.87,4175227
2025-02-11 21:00:00+00:00,132.87,132.88,132.32,132.78,14308859
2025-02-11 21:05:00+00:00,132.77,132.8,132.17,132.5273,1099802
2025-02-11 21:10:00+00:00,132.5,132.6,132.41,132.41,112104
2025-02-11 21:15:00+00:00,132.42,132.55,132.35,132.54,132126
2025-02-11 21:20:00+00:00,132.55,132.55,132.37,132.3823,75220
2025-02-11 21:25:00+00:00,132.39,132.8,132.35,132.3805,502578
2025-02-11 21:30:00+00:00,132.38,132.42,132.19,132.208,141956
2025-02-11 21:35:00+00:00,132.19,132.8,132.1,132.28,314741
2025-02-11 21:40:00+00:00,132.29,132.4402,132.29,132.39,80751
2025-02-11 21:45:00+00:00,132.39,132.49,132.3768,132.47,352302
2025-02-11 21:50:00+00:00,132.46,132.51,132.4,132.51,53609
2025-02-11 21:55:00+00:00,132.51,132.78,132.5,132.75,100850
2025-02-11 22:00:00+00:00,132.75,132.92,132.75,132.88,104138
2025-02-11 22:05:00+00:00,132.8802,132.9,132.73,132.7786,53019
2025-02-11 22:10:00+00:00,132.7799,133.21,132.73,133.16,167859
2025-02-11 22:15:00+00:00,133.189,133.23,133.031,133.18,113591
2025-02-11 22:20:00+00:00,133.19,133.35,133.18,133.31,82790
2025-02-11 22:25:00+00:00,133.31,133.48,133.31,133.3312,121525
2025-02-11 22:30:00+00:00,133.35,133.6,133.33,133.41,151832
2025-02-11 22:35:00+00:00,133.35,133.4,133.25,133.29,35974
2025-02-11 22:40:00+00:00,133.29,133.48,133.22,133.24,44311
2025-02-11 22:45:00+00:00,133.24,133.26,133.01,133.01,40942
2025-02-11 22:50:00+00:00,133.01,133.15,132.99,133.07,53429
2025-02-11 22:55:00+00:00,133.0801,133.1483,133.05,133.0993,33311
2025-02-11 23:00:00+00:00,133.1,133.25,133.09,133.23,45860
2025-02-11 23:05:00+00:00,133.22,133.2257,133.06,133.0892,27877
2025-02-11 23:10:00+00:00,133.06,133.08,132.8305,132.97,58355
2025-02-11 23:15:00+00:00,132.98,133.06,132.91,132.98,33468
2025-02-11 23:20:00+00:00,133.0099,133.06,132.98,133.0,12799
2025-02-11 23:25:00+00:00,132.99,133.1,132.98,133.08,25135
2025-02-11 23:30:00+00:00,133.0705,133.3,133.0705,133.2799,31630
2025-02-11 23:35:00+00:00,133.27,133.3,133.1407,133.22,32554
2025-02-11 23:40:00+00:00,133.1609,133.28,133.1609,133.2002,12920
2025-02-11 23:45:00+00:00,133.2,133.26,133.1,133.234,14600
2025-02-11 23:50:00+00:00,133.25,133.29,133.1,133.1929,27256
2025-02-11 23:55:00+00:00,133.1801,133.2,133.02,133.08,22953
2025-02-12 00:00:00+00:00,133.0961,133.0961,133.0207,133.03,10272
2025-02-12 00:05:00+00:00,133.0205,133.05,133.02,133.03,10333
2025-02-12 00:10:00+00:00,133.02,133.0385,133.0,133.0,25694
2025-02-12 00:15:00+00:00,133.0,133.08,133.0,133.05,35204
2025-02-12 00:20:00+00:00,133.0501,133.1294,133.02,133.1294,14738
2025-02-12 00:25:00+00:00,133.08,133.13,133.03,133.06,11458
2025-02-12 00:30:00+00:00,133.05,133.16,133.02,133.0496,19922
2025-02-12 00:35:00+00:00,133.0499,133.06,133.0,133.02,21665
2025-02-12 00:40:00+00:00,133.02,133.02,132.91,132.9495,41475
2025-02-12 00:45:00+00:00,132.93,133.0458,132.93,132.9917,37964
2025-02-12 00:50:00+00:00,133.02,133.04,132.9707,133.0,30901
2025-02-12 00:55:00+00:00,132.97,133.0,132.91,132.96,62743
2025-02-12 09:00:00+00:00,133.3,133.38,133.04,133.23,85421
2025-02-12 09:05:00+00:00,133.27,133.27,132.81,133.11,61500
2025-02-12 09:10:00+00:00,133.1,133.24,132.91,133.17,43607
2025-02-12 09:15:00+00:00,133.17,133.24,133.05,133.07,28648
2025-02-12 09:20:00+00:00,133.07,133.07,132.8,133.03,41504
2025-02-12 09:25:00+00:00,133.03,133.03,132.94,132.98,11737
2025-02-12 09:30:00+00:00,132.96,133.05,132.9,132.93,16827
2025-02-12 09:35:00+00:00,132.92,133.04,132.88,133.04,21245
2025-02-12 09:40:00+00:00,133.02,133.05,132.95,133.05,25898
2025-02-12 09:45:00+00:00,133.04,133.04,132.98,132.98,9387
2025-02-12 09:50:00+00:00,132.98,133.11,132.98,133.07,16841
2025-02-12 09:55:00+00:00,133.09,133.11,133.01,133.03,13306
2025-02-12 10:00:00+00:00,133.02,133.06,132.99,133.02,13490
2025-02-12 10:05:00+00:00,133.01,133.07,132.96,133.05,16075
2025-02-12 10:10:00+00:00,133.06,133.11,133.02,133.1,16846
2025-02-12 10:15:00+00:00,133.1,133.12,133.06,133.08,12033
2025-02-12 10:20:00+00:00,133.07,133.2,133.06,133.19,12569
2025-02-12 10:25:00+00:00,133.19,133.35,133.12,133.31,34053
2025-02-12 10:30:00+00:00,133.31,133.34,133.26,133.3,18333
2025-02-12 10:35:00+00:00,133.3,133.33,133.27,133.33,15358
2025-02-12 10:40:00+00:00,133.32,133.39,133.29,133.38,16922
2025-02-12 10:45:00+00:00,133.38,133.55,133.35,133.42,35836
2025-02-12 10:50:00+00:00,133.41,133.48,133.35,133.42,20074
2025-02-12 10:55:00+00:00,133.41,133.57,133.41,133.53,26776
2025-02-12 11:00:00+00:00,133.54,133.57,133.41,133.45,24023
2025-02-12 11:05:00+00:00,133.42,133.42,133.04,133.04,59168
2025-02-12 11:10:00+00:00,133.04,133.3,133.04,133.3,21657
2025-02-12 11:15:00+00:00,133.27,133.34,133.25,133.34,33825
2025-02-12 11:20:00+00:00,133.35,133.38,133.27,133.33,12892
2025-02-12 11:25:00+00:00,133.33,133.45,133.33,133.45,15832
2025-02-12 11:30:00+00:00,133.45,133.47,133.25,133.26,29419
2025-02-12 11:35:00+00:00,133.26,133.35,133.26,133.29,13817
2025-02-12 11:40:00+00:00,133.33,133.33,133.21,133.21,8877
2025-02-12 11:45:00+00:00,133.2,133.29,133.11,133.24,14488
2025-02-12 11:50:00+00:00,133.24,133.26,133.19,133.23,11150
2025-02-12 11:55:00+00:00,133.23,133.25,133.18,133.25,11871
2025-02-12 12:00:00+00:00,133.29,133.3,133.01,133.2,69892
2025-02-12 12:05:00+00:00,133.18,133.22,133.03,133.09,22277
2025-02-12 12:10:00+00:00,133.1,133.27,133.03,133.26,31323
2025-02-12 12:15:00+00:00,133.22,133.28,133.2,133.2,32418
2025-02-12 12:20:00+00:00,133.17,133.26,133.14,133.16,39679
2025-02-12 12:25:00+00:00,133.15,133.25,133.12,133.25,24628
2025-02-12 12:30:00+00:00,133.25,133.4,133.22,133.28,59638
2025-02-12 12:35:00+00:00,133.3,133.31,133.28,133.29,20715
2025-02-12 12:40:00+00:00,133.3,133.31,133.25,133.27,35573
2025-02-12 12:45:00+00:00,133.27,133.39,133.27,133.3,24910
2025-02-12 12:50:00+00:00,133.3,133.36,133.3,133.34,19489
2025-02-12 12:55:00+00:00,133.34,133.43,133.34,133.36,26606
2025-02-12 13:00:00+00:00,133.38,133.5352,132.5,133.34,700463
2025-02-12 13:05:00+00:00,133.3498,133.43,133.33,133.41,59397
2025-02-12 13:10:00+00:00,133.4199,133.5,133.39,133.4795,102682
2025-02-12 13:15:00+00:00,133.48,133.63,133.47,133.51,149044
2025-02-12 13:20:00+00:00,133.5005,133.6,133.44,133.57,86558
2025-02-12 13:25:00+00:00,133.57,133.6899,133.48,133.67,133587
2025-02-12 13:30:00+00:00,133.67,133.79,131.29,131.89,1330997
2025-02-12 13:35:00+00:00,131.86,131.89,130.5,130.84,1038564
2025-02-12 13:40:00+00:00,130.84,131.58,130.8,131.4,666595
2025-02-12 13:45:00+00:00,131.37,131.74,131.27,131.3,468031
2025-02-12 13:50:00+00:00,131.3,131.35,130.83,130.9999,394351
2025-02-12 13:55:00+00:00,130.96,131.2294,130.83,130.88,276889
2025-02-12 14:00:00+00:00,130.87,130.91,130.57,130.739,446388
2025-02-12 14:05:00+00:00,130.73,130.75,130.12,130.12,471353
2025-02-12 14:10:00+00:00,130.13,130.18,129.61,130.0801,879937
2025-02-12 14:15:00+00:00,130.09,130.4,129.92,130.1785,405425
2025-02-12 14:20:00+00:00,130.13,130.4,129.87,130.3105,287133
2025-02-12 14:25:00+00:00,130.32,130.5,130.0,130.03,299586
2025-02-12 14:30:00+00:00,130.01,130.89,129.08,130.8608,8725380
2025-02-12 14:35:00+00:00,130.86,131.56,130.53,131.4589,5009638
2025-02-12 14:40:00+00:00,131.46,131.93,131.22,131.91,3785488
2025-02-12 14:45:00+00:00,131.9101,132.24,131.825,131.93,4214817
2025-02-12 14:50:00+00:00,131.925,132.19,131.6,131.93,2691141
2025-02-12 14:55:00+00:00,131.92,131.9781,131.5,131.9478,2325210
2025-02-12 15:00:00+00:00,131.9486,131.97,130.92,130.975,3350743
2025-02-12 15:05:00+00:00,130.98,131.33,130.64,130.915,3160379
2025-02-12 15:10:00+00:00,130.94,131.0,130.36,130.6502,2800475
2025-02-12 15:15:00+00:00,130.655,131.2316,130.515,131.225,2735934
2025-02-12 15:20:00+00:00,131.2299,131.9899,131.0,131.8498,2679209
2025-02-12 15:25:00+00:00,131.83,131.935,131.2302,131.3202,2174464
2025-02-12 15:30:00+00:00,131.33,131.6095,131.3,131.355,1539322
2025-02-12 15:35:00+00:00,131.35,132.0,131.3,131.74,2352591
2025-02-12 15:40:00+00:00,131.73,131.775,131.3927,131.56,1569416
2025-02-12 15:45:00+00:00,131.58,131.67,130.98,131.115,1943834
2025-02-12 15:50:00+00:00,131.12,131.55,130.93,131.47,1693374
2025-02-12 15:55:00+00:00,131.46,131.61,131.33,131.3999,1144894
2025-02-12 16:00:00+00:00,131.395,131.405,131.12,131.175,1144724
2025-02-12 16:05:00+00:00,131.175,131.41,131.01,131.18,1301793
2025-02-12 16:10:00+00:00,131.18,131.24,130.6616,130.88,1966441
2025-02-12 16:15:00+00:00,130.87,131.0195,130.75,130.78,1169093
2025-02-12 16:20:00+00:00,130.79,130.93,130.4,130.625,1816642
2025-02-12 16:25:00+00:00,130.63,130.74,130.35,130.6105,1585766
2025-02-12 16:30:00+00:00,130.61,131.0486,130.61,130.95,1574152
2025-02-12 16:35:00+00:00,130.95,131.23,130.9,130.99,1516952
2025-02-12 16:40:00+00:00,130.98,131.305,130.865,131.27,1305101
2025-02-12 16:45:00+00:00,131.2698,131.36,131.12,131.27,1061335
2025-02-12 16:50:00+00:00,131.2699,131.38,131.09,131.2546,1596118
2025-02-12 16:55:00+00:00,131.2599,131.71,131.18,131.6656,1606210
2025-02-12 17:00:00+00:00,131.66,131.8,131.53,131.595,1645479
2025-02-12 17:05:00+00:00,131.6,131.97,131.51,131.96,1680913
2025-02-12 17:10:00+00:00,131.96,132.0,131.77,131.8691,1433238
2025-02-12 17:15:00+00:00,131.865,132.0,131.6,131.6001,1308651
2025-02-12 17:20:00+00:00,131.6036,131.8299,131.5185,131.6354,1312433
2025-02-12 17:25:00+00:00,131.64,131.73,131.48,131.575,979412
2025-02-12 17:30:00+00:00,131.575,131.62,131.35,131.5854,1096705
2025-02-12 17:35:00+00:00,131.5813,131.6098,131.25,131.3656,1113153
2025-02-12 17:40:00+00:00,131.355,131.36,130.9,131.005,1763475
2025-02-12 17:45:00+00:00,131.01,131.27,130.9351,131.035,1460691
2025-02-12 17:50:00+00:00,131.06,131.41,130.96,131.41,1435069
2025-02-12 17:55:00+00:00,131.41,131.5075,131.31,131.385,1168535
2025-02-12 18:00:00+00:00,131.38,131.4354,131.1,131.14,1062846
2025-02-12 18:05:00+00:00,131.135,131.2797,131.07,131.235,817701
2025-02-12 18:10:00+00:00,131.235,131.24,131.04,131.169,944201
2025-02-12 18:15:00+00:00,131.16,131.19,130.97,131.035,959482
2025-02-12 18:20:00+00:00,131.035,131.2,130.8549,131.17,1112803
2025-02-12 18:25:00+00:00,131.1651,131.205,130.82,130.975,1309748
2025-02-12 18:30:00+00:00,130.98,131.1156,130.88,131.065,1023293
2025-02-12 18:35:00+00:00,131.065,131.07,130.87,130.9451,679233
2025-02-12 18:40:00+00:00,130.95,130.96,130.62,130.6899,1070746
2025-02-12 18:45:00+00:00,130.6856,130.98,130.68,130.9,961017
2025-02-12 18:50:00+00:00,130.9,131.045,130.83,130.83,959663
2025-02-12 18:55:00+00:00,130.83,130.9,130.755,130.8201,780643
2025-02-12 19:00:00+00:00,130.835,130.935,130.5,130.52,1303730
2025-02-12 19:05:00+00:00,130.5251,130.5899,130.24,130.4986,1973162
2025-02-12 19:10:00+00:00,130.495,130.5,130.19,130.335,1212241
2025-02-12 19:15:00+00:00,130.335,130.7154,130.285,130.6617,1408297
2025-02-12 19:20:00+00:00,130.665,130.78,130.59,130.71,1038569
2025-02-12 19:25:00+00:00,130.7114,130.81,130.5247,130.6899,1195619
2025-02-12 19:30:00+00:00,130.685,130.94,130.59,130.93,993696
2025-02-12 19:35:00+00:00,130.92,131.0,130.86,130.925,962235
2025-02-12 19:40:00+00:00,130.925,131.0,130.89,130.97,859554
2025-02-12 19:45:00+00:00,130.97,131.19,130.91,131.19,1123476
2025-02-12 19:50:00+00:00,131.19,131.19,130.89,130.995,1093888
2025-02-12 19:55:00+00:00,130.99,131.145,130.93,130.995,1022689
2025-02-12 20:00:00+00:00,130.99,131.0901,130.9101,130.9803,844080
2025-02-12 20:05:00+00:00,130.98,131.03,130.89,130.9758,862839
2025-02-12 20:10:00+00:00,130.975,131.27,130.97,131.15,1128660
2025-02-12 20:15:00+00:00,131.155,131.42,131.125,131.3844,1111511
2025-02-12 20:20:00+00:00,131.385,131.49,131.33,131.47,1017331
2025-02-12 20:25:00+00:00,131.4752,131.705,131.4446,131.525,1786391
2025-02-12 20:30:00+00:00,131.52,131.61,131.33,131.575,1432360
2025-02-12 20:35:00+00:00,131.575,131.6,131.34,131.3593,1064880
2025-02-12 20:40:00+00:00,131.3501,131.425,131.06,131.1049,1371011
2025-02-12 20:45:00+00:00,131.105,131.4699,131.065,131.4001,1586518
2025-02-12 20:50:00+00:00,131.41,131.44,130.97,131.07,2014601
2025-02-12 20:55:00+00:00,131.09,131.36,131.05,131.0799,3314710
2025-02-12 21:00:00+00:00,131.07,131.2,130.82,131.14,17444524
2025-02-12 21:05:00+00:00,131.14,131.24,131.0604,131.11,201035
2025-02-12 21:10:00+00:00,131.1499,131.1499,130.83,130.8885,170797
2025-02-12 21:15:00+00:00,130.86,131.0,130.82,130.97,89526
2025-02-12 21:20:00+00:00,130.97,131.14,130.82,130.8697,55734
2025-02-12 21:25:00+00:00,130.83,131.14,130.78,130.9,78435
2025-02-12 21:30:00+00:00,130.85,131.0,130.85,130.86,48900
2025-02-12 21:35:00+00:00,130.86,131.02,130.85,130.9794,97124
2025-02-12 21:40:00+00:00,130.97,131.14,130.88,130.98,70908
2025-02-12 21:45:00+00:00,130.98,131.09,130.89,130.9989,73857
2025-02-12 21:50:00+00:00,130.97,131.03,130.91,130.97,42491
2025-02-12 21:55:00+00:00,130.95,130.97,130.9,130.93,28834
2025-02-12 22:00:00+00:00,130.93,131.0,130.9202,130.9999,22152
2025-02-12 22:05:00+00:00,130.9903,131.03,130.93,130.969,29542
2025-02-12 22:10:00+00:00,130.9305,130.95,130.85,130.94,26095
2025-02-12 22:15:00+00:00,130.93,130.95,130.84,130.87,45511
2025-02-12 22:20:00+00:00,130.88,130.95,130.88,130.89,29107
2025-02-12 22:25:00+00:00,130.89,130.94,130.83,130.9,30026
2025-02-12 22:30:00+00:00,130.92,130.92,130.78,130.78,40552
2025-02-12 22:35:00+00:00,130.8,130.82,130.62,130.6395,61612
2025-02-12 22:40:00+00:00,130.64,130.75,130.64,130.6799,42822
2025-02-12 22:45:00+00:00,130.6799,130.7,130.54,130.5797,53909
2025-02-12 22:50:00+00:00,130.5603,130.69,130.52,130.59,44532
2025-02-12 22:55:00+00:00,130.63,130.69,130.6,130.64,34384
2025-02-12 23:00:00+00:00,130.63,130.67,130.55,130.55,33406
2025-02-12 23:05:00+00:00,130.59,130.64,130.56,130.5992,27865
2025-02-12 23:10:00+00:00,130.6,130.69,130.6,130.68,17298
2025-02-12 23:15:00+00:00,130.65,130.65,130.58,130.6,14724
2025-02-12 23:20:00+00:00,130.61,130.68,130.58,130.66,12363
2025-02-12 23:25:00+00:00,130.66,130.679,130.63,130.6698,11791
2025-02-12 23:30:00+00:00,130.6505,130.7,130.65,130.6995,16629
2025-02-12 23:35:00+00:00,130.7,130.79,130.7,130.79,25284
2025-02-12 23:40:00+00:00,130.79,130.95,130.78,130.95,36345
2025-02-12 23:45:00+00:00,130.9487,130.9487,130.85,130.9,45656
2025-02-12 23:50:00+00:00,130.92,131.03,130.92,130.9786,49029
2025-02-12 23:55:00+00:00,130.97,130.98,130.88,130.88,28838
2025-02-13 00:00:00+00:00,130.8794,130.9396,130.8501,130.93,10491
2025-02-13 00:05:00+00:00,130.93,130.9393,130.85,130.86,18988
2025-02-13 00:10:00+00:00,130.8597,130.88,130.79,130.81,27060
2025-02-13 00:15:00+00:00,130.8001,130.8488,130.8,130.8,13499
2025-02-13 00:20:00+00:00,130.8001,130.86,130.8001,130.8502,13850
2025-02-13 00:25:00+00:00,130.85,131.0,130.85,130.95,27705
2025-02-13 00:30:00+00:00,130.99,131.0,130.86,130.99,12641
2025-02-13 00:35:00+00:00,130.97,130.9888,130.8,130.95,28046
2025-02-13 00:40:00+00:00,130.9498,131.04,130.9298,130.9599,16355
2025-02-13 00:45:00+00:00,130.95,130.99,130.94,130.94,19185
2025-02-13 00:50:00+00:00,130.93,130.99,130.92,130.98,19890
2025-02-13 00:55:00+00:00,130.99,131.0395,130.92,131.0395,71348
2025-02-13 09:00:00+00:00,130.39,130.9,130.0,130.49,87475
2025-02-13 09:05:00+00:00,130.46,130.58,130.22,130.46,62260
2025-02-13 09:10:00+00:00,130.45,130.49,130.29,130.29,30723
2025-02-13 09:15:00+00:00,130.32,130.48,130.29,130.48,24899
2025-02-13 09:20:00+00:00,130.48,130.48,130.31,130.39,21089
2025-02-13 09:25:00+00:00,130.4,130.57,130.4,130.43,23780
2025-02-13 09:30:00+00:00,130.4,130.75,130.25,130.46,74979
2025-02-13 09:35:00+00:00,130.5,131.36,130.5,131.12,93505
2025-02-13 09:40:00+00:00,131.07,131.36,130.95,131.0,80412
2025-02-13 09:45:00+00:00,130.95,131.23,130.91,131.0,34362
2025-02-13 09:50:00+00:00,130.99,131.26,130.84,131.23,57630
2025-02-13 09:55:00+00:00,131.24,131.3,130.97,131.08,40220
2025-02-13 10:00:00+00:00,131.07,131.07,130.93,130.93,20101
2025-02-13 10:05:00+00:00,130.92,130.96,130.74,130.96,39861
2025-02-13 10:10:00+00:00,130.95,130.99,130.82,130.97,24527
2025-02-13 10:15:00+00:00,130.95,131.1,130.9,131.06,22766
2025-02-13 10:20:00+00:00,131.03,131.15,131.03,131.05,13670
2025-02-13 10:25:00+00:00,131.07,131.1,131.05,131.1,11474
2025-02-13 10:30:00+00:00,131.07,131.07,130.88,131.0,52638
2025-02-13 10:35:00+00:00,131.0,131.09,130.95,130.99,10626
2025-02-13 10:40:00+00:00,131.0,131.04,130.94,131.03,14365
2025-02-13 10:45:00+00:00,131.05,131.19,130.99,131.17,30643
2025-02-13 10:50:00+00:00,131.13,131.15,131.03,131.03,10742
2025-02-13 10:55:00+00:00,131.04,131.1,130.94,130.97,14122
2025-02-13 11:00:00+00:00,130.99,130.99,130.83,130.87,21638
2025-02-13 11:05:00+00:00,130.88,130.92,130.65,130.74,21899
2025-02-13 11:10:00+00:00,130.74,130.92,130.74,130.92,17543
2025-02-13 11:15:00+00:00,130.91,130.91,130.8,130.87,11440
2025-02-13 11:20:00+00:00,130.88,131.05,130.86,130.96,24427
2025-02-13 11:25:00+00:00,130.98,131.08,130.97,131.04,19980
2025-02-13 11:30:00+00:00,131.02,131.04,130.96,130.97,10713
2025-02-13 11:35:00+00:00,130.98,130.98,130.89,130.9,7404
2025-02-13 11:40:00+00:00,130.88,131.0,130.88,130.95,7747
2025-02-13 11:45:00+00:00,130.97,131.0,130.46,130.59,54125
2025-02-13 11:50:00+00:00,130.66,130.72,130.44,130.55,41767
2025-02-13 11:55:00+00:00,130.55,130.73,130.55,130.64,30513
2025-02-13 12:00:00+00:00,130.65,130.97,130.61,130.78,79562
2025-02-13 12:05:00+00:00,130.75,130.85,130.7,130.79,36402
2025-02-13 12:10:00+00:00,130.74,130.79,130.65,130.71,29685
2025-02-13 12:15:00+00:00,130.69,130.87,130.64,130.73,29923
2025-02-13 12:20:00+00:00,130.74,130.88,130.74,130.88,36760
2025-02-13 12:25:00+00:00,130.9,130.99,130.78,130.92,56291
2025-02-13 12:30:00+00:00,130.93,131.1,130.93,130.97,51674
2025-02-13 12:35:00+00:00,131.0,131.05,130.88,131.0,36982
2025-02-13 12:40:00+00:00,131.009,131.03,130.95,131.0,38272
2025-02-13 12:45:00+00:00,130.98,130.98,130.9,130.92,15626
2025-02-13 12:50:00+00:00,130.92,130.95,130.7,130.91,36885
2025-02-13 12:55:00+00:00,130.96,131.0,130.87,130.95,16318
2025-02-13 13:00:00+00:00,130.9,131.2841,130.24,130.86,620493
2025-02-13 13:05:00+00:00,130.85,130.8686,130.71,130.72,63584
2025-02-13 13:10:00+00:00,130.73,130.86,130.65,130.79,60571
2025-02-13 13:15:00+00:00,130.78,130.8487,130.63,130.74,59768
2025-02-13 13:20:00+00:00,130.74,130.8299,130.65,130.67,42135
2025-02-13 13:25:00+00:00,130.6795,130.8,130.5602,130.8,92516
2025-02-13 13:30:00+00:00,130.82,131.36,130.51,131.15,341813
2025-02-13 13:35:00+00:00,131.1783,131.61,131.1783,131.4795,335576
2025-02-13 13:40:00+00:00,131.48,131.86,131.45,131.69,321901
2025-02-13 13:45:00+00:00,131.68,131.71,131.24,131.54,286070
2025-02-13 13:50:00+00:00,131.51,131.6,131.3,131.45,116591
2025-02-13 13:55:00+00:00,131.4,131.54,131.2892,131.49,139837
2025-02-13 14:00:00+00:00,131.48,131.55,131.33,131.53,99055
2025-02-13 14:05:00+00:00,131.53,131.6999,131.49,131.65,156127
2025-02-13 14:10:00+00:00,131.66,131.8,131.55,131.7999,125024
2025-02-13 14:15:00+00:00,131.77,131.82,131.67,131.7601,146756
2025-02-13 14:20:00+00:00,131.77,131.98,131.75,131.96,199687
2025-02-13 14:25:00+00:00,131.96,131.96,131.49,131.51,202417
2025-02-13 14:30:00+00:00,131.55,133.15,131.17,133.0593,8820705
2025-02-13 14:35:00+00:00,133.045,133.19,131.78,132.27,4446284
2025-02-13 14:40:00+00:00,132.27,132.88,131.9709,132.5622,3830459
2025-02-13 14:45:00+00:00,132.55,133.17,132.47,132.77,3604345
2025-02-13 14:50:00+00:00,132.76,132.96,132.6,132.86,1924311
2025-02-13 14:55:00+00:00,132.86,134.1045,132.79,133.97,5989237
2025-02-13 15:00:00+00:00,133.97,134.55,133.76,134.01,5269968
2025-02-13 15:05:00+00:00,134.02,134.27,133.58,133.9401,3511538
2025-02-13 15:10:00+00:00,133.94,134.67,133.79,134.2601,3614741
2025-02-13 15:15:00+00:00,134.265,134.89,134.25,134.78,3199474
2025-02-13 15:20:00+00:00,134.79,134.95,134.59,134.81,2668889
2025-02-13 15:25:00+00:00,134.82,134.88,134.4705,134.55,2490363
2025-02-13 15:30:00+00:00,134.55,134.94,134.5466,134.8031,1997963
2025-02-13 15:35:00+00:00,134.81,135.73,134.74,135.7299,5839562
2025-02-13 15:40:00+00:00,135.73,136.49,135.58,136.41,5968169
2025-02-13 15:45:00+00:00,136.405,136.5,135.88,135.935,4212451
2025-02-13 15:50:00+00:00,135.93,136.15,135.73,136.0,3277254
2025-02-13 15:55:00+00:00,136.0,136.15,135.87,136.13,1989347
2025-02-13 16:00:00+00:00,136.125,136.19,135.77,135.8249,2405458
2025-02-13 16:05:00+00:00,135.8256,135.93,135.28,135.425,3137015
2025-02-13 16:10:00+00:00,135.425,135.61,135.21,135.5184,2320084
2025-02-13 16:15:00+00:00,135.52,135.8751,135.45,135.8053,2137530
2025-02-13 16:20:00+00:00,135.8,135.9,135.55,135.81,1635887
2025-02-13 16:25:00+00:00,135.81,135.88,135.5,135.715,1856206
2025-02-13 16:30:00+00:00,135.71,135.78,135.225,135.775,1849011
2025-02-13 16:35:00+00:00,135.7798,135.98,135.291,135.3,2428233
2025-02-13 16:40:00+00:00,135.305,135.44,135.09,135.42,2228531
2025-02-13 16:45:00+00:00,135.415,135.62,135.36,135.5698,1559651
2025-02-13 16:50:00+00:00,135.55,135.55,135.135,135.28,1171955
2025-02-13 16:55:00+00:00,135.29,135.318,134.63,134.9156,2544101
2025-02-13 17:00:00+00:00,134.915,135.14,134.7201,135.1249,1612663
2025-02-13 17:05:00+00:00,135.1236,135.27,135.08,135.155,1097389
2025-02-13 17:10:00+00:00,135.16,135.23,134.8216,134.955,1398513
2025-02-13 17:15:00+00:00,134.955,134.965,134.71,134.7588,1200906
2025-02-13 17:20:00+00:00,134.754,135.15,134.7449,135.0101,1311111
2025-02-13 17:25:00+00:00,135.02,135.07,134.88,135.01,951089
2025-02-13 17:30:00+00:00,135.005,135.15,134.83,135.1499,1125549
2025-02-13 17:35:00+00:00,135.145,135.28,135.1001,135.17,1214960
2025-02-13 17:40:00+00:00,135.1779,135.32,135.11,135.29,1070981
2025-02-13 17:45:00+00:00,135.3,135.57,135.26,135.4915,1429629
2025-02-13 17:50:00+00:00,135.5,135.51,135.3,135.3501,966403
2025-02-13 17:55:00+00:00,135.3599,135.44,135.03,135.34,1274801
2025-02-13 18:00:00+00:00,135.345,135.45,135.18,135.3149,1005699
2025-02-13 18:05:00+00:00,135.32,135.32,135.0401,135.1,1005992
2025-02-13 18:10:00+00:00,135.1072,135.125,134.71,134.7179,1737704
2025-02-13 18:15:00+00:00,134.7101,134.73,133.42,133.62,3784267
2025-02-13 18:20:00+00:00,133.62,134.54,133.555,134.4456,2629929
2025-02-13 18:25:00+00:00,134.45,134.6472,134.45,134.525,1382283
2025-02-13 18:30:00+00:00,134.495,134.67,134.47,134.53,1106663
2025-02-13 18:35:00+00:00,134.53,134.67,134.43,134.5701,1304770
2025-02-13 18:40:00+00:00,134.58,134.6,133.83,134.44,2671622
2025-02-13 18:45:00+00:00,134.42,134.7,134.27,134.63,1407363
2025-02-13 18:50:00+00:00,134.63,134.84,134.28,134.76,1811211
2025-02-13 18:55:00+00:00,134.77,135.05,134.72,135.0,1382855
2025-02-13 19:00:00+00:00,134.99,135.075,134.9,134.995,1382325
2025-02-13 19:05:00+00:00,134.995,135.29,134.9,135.23,1529171
2025-02-13 19:10:00+00:00,135.23,135.23,134.925,134.98,1248003
2025-02-13 19:15:00+00:00,134.9799,135.09,134.75,134.845,1177259
2025-02-13 19:20:00+00:00,134.8441,135.11,134.775,134.945,1238948
2025-02-13 19:25:00+00:00,134.94,135.19,134.88,135.1203,1022333
2025-02-13 19:30:00+00:00,135.125,135.24,135.0014,135.2299,967726
2025-02-13 19:35:00+00:00,135.225,135.4,135.195,135.205,1378183
2025-02-13 19:40:00+00:00,135.203,135.21,134.97,135.0,1282319
2025-02-13 19:45:00+00:00,135.0,135.34,134.97,135.335,1095233
2025-02-13 19:50:00+00:00,135.3351,135.55,135.31,135.4299,1715525
2025-02-13 19:55:00+00:00,135.43,135.495,135.26,135.3105,1434519
2025-02-13 20:00:00+00:00,135.32,135.39,135.195,135.2899,1119121
2025-02-13 20:05:00+00:00,135.285,135.51,135.15,135.4939,1607854
2025-02-13 20:10:00+00:00,135.49,135.5,135.21,135.425,1265541
2025-02-13 20:15:00+00:00,135.4201,135.53,135.38,135.3884,1244916
2025-02-13 20:20:00+00:00,135.38,135.5,135.36,135.415,1190350
2025-02-13 20:25:00+00:00,135.415,135.43,135.24,135.3613,1130979
2025-02-13 20:30:00+00:00,135.36,135.36,134.94,135.0,2026502
2025-02-13 20:35:00+00:00,135.0,135.175,134.83,135.09,1501320
2025-02-13 20:40:00+00:00,135.0914,135.1599,134.9901,135.0086,1540754
2025-02-13 20:45:00+00:00,135.0017,135.09,134.93,134.97,1739147
2025-02-13 20:50:00+00:00,134.975,135.19,134.73,135.185,3438320
2025-02-13 20:55:00+00:00,135.18,135.39,134.97,135.25,5048767
2025-02-13 21:00:00+00:00,135.25,135.29,135.1,135.1,18162716
2025-02-13 21:05:00+00:00,135.1,135.29,135.03,135.18,214464
2025-02-13 21:10:00+00:00,135.17,135.2396,135.1,135.15,66040
2025-02-13 21:15:00+00:00,135.15,135.15,135.05,135.08,48675
2025-02-13 21:20:00+00:00,135.08,135.14,135.08,135.1005,135425
2025-02-13 21:25:00+00:00,135.12,135.18,135.03,135.03,95305
2025-02-13 21:30:00+00:00,135.04,135.29,134.98,135.0499,358970
2025-02-13 21:35:00+00:00,135.03,135.29,134.97,135.0,55364
2025-02-13 21:40:00+00:00,134.9997,134.9997,134.87,134.87,98894
2025-02-13 21:45:00+00:00,134.87,134.9499,134.85,134.93,51658
2025-02-13 21:50:00+00:00,134.93,134.97,134.9,134.93,32600
2025-02-13 21:55:00+00:00,134.91,135.02,134.9,134.95,39870
2025-02-13 22:00:00+00:00,134.9501,134.99,134.95,134.96,20805
2025-02-13 22:05:00+00:00,134.95,134.97,134.84,134.899,38393
2025-02-13 22:10:00+00:00,134.88,134.97,134.85,134.88,52917
2025-02-13 22:15:00+00:00,134.89,134.98,134.88,134.92,25150
2025-02-13 22:20:00+00:00,134.92,134.99,134.9113,134.96,14892
2025-02-13 22:25:00+00:00,134.9895,135.0,134.91,134.95,13758
2025-02-13 22:30:00+00:00,134.96,134.99,134.95,134.97,23208
2025-02-13 22:35:00+00:00,134.97,135.0,134.92,134.99,30364
2025-02-13 22:40:00+00:00,134.99,134.99,134.91,134.9111,26924
2025-02-13 22:45:00+00:00,134.949,134.99,134.9,134.9899,23047
2025-02-13 22:50:00+00:00,134.96,134.98,134.93,134.9401,14142
2025-02-13 22:55:00+00:00,134.92,134.97,134.92,134.9698,9290
2025-02-13 23:00:00+00:00,134.97,134.98,134.96,134.96,26697
2025-02-13 23:05:00+00:00,134.96,134.98,134.9,134.91,21897
2025-02-13 23:10:00+00:00,134.9,134.99,134.9,134.9802,25900
2025-02-13 23:15:00+00:00,134.98,134.9899,134.9,134.91,29188
2025-02-13 23:20:00+00:00,134.92,135.0384,134.92,135.0,38557
2025-02-13 23:25:00+00:00,135.0101,135.05,134.95,134.97,22264
2025-02-13 23:30:00+00:00,134.97,135.0,134.9312,134.95,24835
2025-02-13 23:35:00+00:00,134.95,134.9981,134.93,134.93,15367
2025-02-13 23:40:00+00:00,134.93,134.97,134.9105,134.9501,15340
2025-02-13 23:45:00+00:00,134.95,134.96,134.9204,134.95,11551
2025-02-13 23:50:00+00:00,134.9599,134.97,134.94,134.9699,16225
2025-02-13 23:55:00+00:00,134.97,134.97,134.9402,134.95,25549
2025-02-14 00:00:00+00:00,134.94,134.97,134.92,134.92,18526
2025-02-14 00:05:00+00:00,134.9125,134.949,134.9,134.92,11213
2025-02-14 00:10:00+00:00,134.92,134.9298,134.9,134.92,58683
2025-02-14 00:15:00+00:00,134.93,134.94,134.9,134.91,26982
2025-02-14 00:20:00+00:00,134.91,134.9293,134.89,134.92,22887
2025-02-14 00:25:00+00:00,134.91,134.93,134.85,134.86,25072
2025-02-14 00:30:00+00:00,134.86,134.93,134.85,134.92,13865
2025-02-14 00:35:00+00:00,134.9296,134.94,134.89,134.93,17552
2025-02-14 00:40:00+00:00,134.9001,134.9599,134.9,134.94,16118
2025-02-14 00:45:00+00:00,134.9205,134.97,134.9205,134.96,19709
2025-02-14 00:50:00+00:00,134.97,135.0,134.95,134.99,37581
2025-02-14 00:55:00+00:00,135.0,135.08,134.96,135.0003,55809
2025-02-14 09:00:00+00:00,135.58,136.21,135.34,136.03,132378
2025-02-14 09:05:00+00:00,136.07,136.12,135.73,135.98,70125
2025-02-14 09:10:00+00:00,136.0,136.08,135.83,136.02,43705
2025-02-14 09:15:00+00:00,136.02,136.03,135.9,135.99,27669
2025-02-14 09:20:00+00:00,135.95,135.96,135.86,135.92,21108
2025-02-14 09:25:00+00:00,135.91,136.0,135.91,135.96,21102
2025-02-14 09:30:00+00:00,135.99,136.14,135.99,136.14,36166
2025-02-14 09:35:00+00:00,136.11,136.13,136.06,136.13,39149
2025-02-14 09:40:00+00:00,136.13,136.15,136.01,136.06,25693
2025-02-14 09:45:00+00:00,136.07,136.07,135.93,135.95,25800
2025-02-14 09:50:00+00:00,135.95,136.09,135.88,136.07,26815
2025-02-14 09:55:00+00:00,136.07,136.07,135.97,136.02,18172
2025-02-14 10:00:00+00:00,136.02,136.05,135.96,136.01,25584
2025-02-14 10:05:00+00:00,136.0,136.0,135.93,135.96,25440
2025-02-14 10:10:00+00:00,135.98,136.01,135.93,135.94,31296
2025-02-14 10:15:00+00:00,135.96,135.96,135.86,135.93,22405
2025-02-14 10:20:00+00:00,135.94,135.94,135.72,135.79,23507
2025-02-14 10:25:00+00:00,135.8,135.89,135.77,135.8,30012
2025-02-14 10:30:00+00:00,135.78,135.82,135.68,135.74,29608
2025-02-14 10:35:00+00:00,135.74,135.75,135.58,135.59,34891
2025-02-14 10:40:00+00:00,135.65,135.73,135.62,135.71,23098
2025-02-14 10:45:00+00:00,135.72,135.78,135.69,135.78,28445
2025-02-14 10:50:00+00:00,135.79,135.83,135.73,135.8,27737
2025-02-14 10:55:00+00:00,135.84,135.86,135.81,135.83,20252
2025-02-14 11:00:00+00:00,135.8,135.86,135.62,135.75,57387
2025-02-14 11:05:00+00:00,135.75,135.75,135.52,135.7,47155
2025-02-14 11:10:00+00:00,135.7,135.78,135.61,135.63,23993
2025-02-14 11:15:00+00:00,135.63,135.65,135.46,135.5,42663
2025-02-14 11:20:00+00:00,135.51,135.67,135.5,135.67,13794
2025-02-14 11:25:00+00:00,135.68,135.68,135.23,135.3,42296
2025-02-14 11:30:00+00:00,135.33,135.44,135.29,135.34,29898
2025-02-14 11:35:00+00:00,135.36,135.56,135.36,135.56,17513
2025-02-14 11:40:00+00:00,135.55,135.55,135.18,135.31,48964
2025-02-14 11:45:00+00:00,135.27,135.27,135.01,135.09,54825
2025-02-14 11:50:00+00:00,135.06,135.09,134.6,134.66,128641
2025-02-14 11:55:00+00:00,134.69,134.98,134.69,134.96,46920
2025-02-14 12:00:00+00:00,134.99,135.25,134.99,135.15,110246
2025-02-14 12:05:00+00:00,135.15,135.15,134.95,135.06,63498
2025-02-14 12:10:00+00:00,135.08,135.51,135.07,135.33,65732
2025-02-14 12:15:00+00:00,135.34,135.59,135.34,135.49,57361
2025-02-14 12:20:00+00:00,135.48,135.48,135.24,135.34,35598
2025-02-14 12:25:00+00:00,135.39,135.4,135.24,135.25,42500
2025-02-14 12:30:00+00:00,135.27,135.44,135.27,135.3,23615
2025-02-14 12:35:00+00:00,135.3,135.42,135.3,135.35,24348
2025-02-14 12:40:00+00:00,135.35,135.38,135.15,135.18,51262
2025-02-14 12:45:00+00:00,135.16,135.22,135.15,135.22,16726
2025-02-14 12:50:00+00:00,135.24,135.25,135.13,135.22,19541
2025-02-14 12:55:00+00:00,135.24,135.36,135.2,135.36,25774
2025-02-14 13:00:00+00:00,135.01,136.2,134.6936,135.441,746905
2025-02-14 13:05:00+00:00,135.44,135.53,135.42,135.52,76822
2025-02-14 13:10:00+00:00,135.51,135.55,135.41,135.47,116810
2025-02-14 13:15:00+00:00,135.5,135.69,135.48,135.56,111092
2025-02-14 13:20:00+00:00,135.5799,135.69,135.5,135.6797,72163
2025-02-14 13:25:00+00:00,135.68,135.74,135.61,135.7007,131841
2025-02-14 13:30:00+00:00,135.73,135.99,135.65,135.85,229819
2025-02-14 13:35:00+00:00,135.86,135.87,135.54,135.75,133587
2025-02-14 13:40:00+00:00,135.7604,135.94,135.7604,135.86,142662
2025-02-14 13:45:00+00:00,135.8598,135.98,135.8119,135.96,146195
2025-02-14 13:50:00+00:00,135.95,136.2,135.95,136.18,282504
2025-02-14 13:55:00+00:00,136.18,136.248,136.09,136.1399,168252
2025-02-14 14:00:00+00:00,136.14,136.14,136.02,136.1198,128510
2025-02-14 14:05:00+00:00,136.12,136.14,136.0,136.04,144962
2025-02-14 14:10:00+00:00,136.04,136.05,135.86,135.99,170150
2025-02-14 14:15:00+00:00,135.9901,136.05,135.98,136.0,104573
2025-02-14 14:20:00+00:00,135.99,136.3,135.99,136.3,156754
2025-02-14 14:25:00+00:00,136.26,136.9,136.04,136.49,502326
2025-02-14 14:30:00+00:00,136.48,137.27,136.12,137.18,9072082
2025-02-14 14:35:00+00:00,137.16,137.49,136.68,136.734,5446630
2025-02-14 14:40:00+00:00,136.72,136.82,135.83,136.21,5438658
2025-02-14 14:45:00+00:00,136.21,136.73,135.5,136.56,4676513
2025-02-14 14:50:00+00:00,136.55,136.96,136.47,136.7522,3128530
2025-02-14 14:55:00+00:00,136.7657,137.24,136.64,136.7,3272508
2025-02-14 15:00:00+00:00,136.69,136.73,135.8801,136.72,3696304
2025-02-14 15:05:00+00:00,136.71,136.74,136.14,136.6,2403378
2025-02-14 15:10:00+00:00,136.6,137.13,136.58,137.04,3156252
2025-02-14 15:15:00+00:00,137.035,137.24,136.77,137.0,2859281
2025-02-14 15:20:00+00:00,136.99,137.89,136.97,137.665,4617878
2025-02-14 15:25:00+00:00,137.665,138.17,137.62,138.0001,4606138
2025-02-14 15:30:00+00:00,138.01,138.22,137.83,138.0501,3228939
2025-02-14 15:35:00+00:00,138.0554,138.31,137.57,137.66,3603145
2025-02-14 15:40:00+00:00,137.655,137.765,137.18,137.45,2933006
2025-02-14 15:45:00+00:00,137.46,137.76,137.36,137.7198,2295422
2025-02-14 15:50:00+00:00,137.72,138.07,137.59,137.955,2032276
2025-02-14 15:55:00+00:00,137.9587,138.0,137.73,137.78,1522109
2025-02-14 16:00:00+00:00,137.79,137.95,137.5,137.56,1941062
2025-02-14 16:05:00+00:00,137.555,137.68,137.3,137.335,1524451
2025-02-14 16:10:00+00:00,137.335,137.43,137.04,137.0887,2254080
2025-02-14 16:15:00+00:00,137.09,137.16,136.6,136.64,2545060
2025-02-14 16:20:00+00:00,136.655,136.7592,136.24,136.64,3128504
2025-02-14 16:25:00+00:00,136.645,136.86,136.55,136.58,1576488
2025-02-14 16:30:00+00:00,136.59,136.86,136.445,136.5349,1620181
2025-02-14 16:35:00+00:00,136.5376,136.63,136.16,136.585,1876085
2025-02-14 16:40:00+00:00,136.585,136.8,136.4601,136.67,1421502
2025-02-14 16:45:00+00:00,136.67,136.7,136.16,136.21,1735433
2025-02-14 16:50:00+00:00,136.21,136.6,136.01,136.5499,1954287
2025-02-14 16:55:00+00:00,136.55,136.61,136.37,136.51,1201361
2025-02-14 17:00:00+00:00,136.51,136.84,136.36,136.705,1465981
2025-02-14 17:05:00+00:00,136.705,136.71,136.37,136.39,1120728
2025-02-14 17:10:00+00:00,136.385,136.69,136.3,136.6399,1253429
2025-02-14 17:15:00+00:00,136.6356,136.79,136.49,136.71,1035380
2025-02-14 17:20:00+00:00,136.7,137.05,136.695,136.9999,1708062
2025-02-14 17:25:00+00:00,136.9982,137.01,136.68,136.7401,1202487
2025-02-14 17:30:00+00:00,136.745,136.99,136.56,136.8524,1210498
2025-02-14 17:35:00+00:00,136.85,136.95,136.7831,136.89,786483
2025-02-14 17:40:00+00:00,136.89,137.0,136.79,136.87,881061
2025-02-14 17:45:00+00:00,136.86,137.21,136.83,137.21,1268235
2025-02-14 17:50:00+00:00,137.2087,137.45,137.1401,137.36,1654604
2025-02-14 17:55:00+00:00,137.36,137.46,137.2504,137.37,938758
2025-02-14 18:00:00+00:00,137.38,137.59,137.25,137.4755,1246656
2025-02-14 18:05:00+00:00,137.4751,137.74,137.43,137.595,1250807
2025-02-14 18:10:00+00:00,137.595,137.61,137.434,137.5116,960182
2025-02-14 18:15:00+00:00,137.52,137.52,137.31,137.405,1154842
2025-02-14 18:20:00+00:00,137.4016,137.52,137.13,137.22,1225279
2025-02-14 18:25:00+00:00,137.21,137.42,137.11,137.3376,1098404
2025-02-14 18:30:00+00:00,137.33,137.49,137.305,137.405,910175
2025-02-14 18:35:00+00:00,137.401,137.5,137.3301,137.3649,989697
2025-02-14 18:40:00+00:00,137.37,137.39,137.08,137.2,1105925
2025-02-14 18:45:00+00:00,137.21,137.4,137.18,137.2889,970408
2025-02-14 18:50:00+00:00,137.29,137.44,137.26,137.4001,754780
2025-02-14 18:55:00+00:00,137.405,137.53,137.33,137.415,1011972
2025-02-14 19:00:00+00:00,137.4055,137.75,137.37,137.69,1389592
2025-02-14 19:05:00+00:00,137.68,137.79,137.64,137.765,1235052
2025-02-14 19:10:00+00:00,137.765,137.99,137.76,137.95,1508993
2025-02-14 19:15:00+00:00,137.94,137.99,137.67,137.835,1592858
2025-02-14 19:20:00+00:00,137.835,137.94,137.62,137.885,1289718
2025-02-14 19:25:00+00:00,137.89,137.94,137.8,137.82,989212
2025-02-14 19:30:00+00:00,137.815,137.9187,137.65,137.8899,1112529
2025-02-14 19:35:00+00:00,137.89,137.9,137.75,137.81,926094
2025-02-14 19:40:00+00:00,137.805,137.8387,137.72,137.81,648472
2025-02-14 19:45:00+00:00,137.8,137.85,137.73,137.7983,702213
2025-02-14 19:50:00+00:00,137.79,137.89,137.73,137.86,880468
2025-02-14 19:55:00+00:00,137.855,138.275,137.8301,138.1951,2559475
2025-02-14 20:00:00+00:00,138.1901,138.21,138.02,138.11,1288812
2025-02-14 20:05:00+00:00,138.1149,138.29,138.02,138.1899,1430580
2025-02-14 20:10:00+00:00,138.185,138.35,138.13,138.3403,1733555
2025-02-14 20:15:00+00:00,138.34,138.48,138.28,138.4249,1872359
2025-02-14 20:20:00+00:00,138.4218,138.47,138.36,138.46,1483848
2025-02-14 20:25:00+00:00,138.465,138.48,138.33,138.365,1516675
2025-02-14 20:30:00+00:00,138.37,138.7783,138.35,138.7654,2734677
2025-02-14 20:35:00+00:00,138.76,139.0,138.74,138.9802,2571717
2025-02-14 20:40:00+00:00,138.9881,138.99,138.56,138.68,3279534
2025-02-14 20:45:00+00:00,138.675,138.8,138.555,138.75,2448546
2025-02-14 20:50:00+00:00,138.75,139.25,138.73,139.08,5654035
2025-02-14 20:55:00+00:00,139.09,139.22,138.71,138.8,7827732
2025-02-14 21:00:00+00:00,138.79,138.8799,138.56,138.75,20460612
2025-02-14 21:05:00+00:00,138.74,138.86,138.66,138.77,510938
2025-02-14 21:10:00+00:00,138.85,138.85,138.76,138.78,140115
2025-02-14 21:15:00+00:00,138.78,139.0,138.55,138.87,399198
2025-02-14 21:20:00+00:00,138.84,138.84,138.7005,138.73,48114
2025-02-14 21:25:00+00:00,138.71,138.75,138.67,138.74,232738
2025-02-14 21:30:00+00:00,138.7301,138.74,138.65,138.65,151896
2025-02-14 21:35:00+00:00,138.6507,138.76,138.61,138.64,76731
2025-02-14 21:40:00+00:00,138.63,138.68,138.61,138.66,47842
2025-02-14 21:45:00+00:00,138.65,138.69,138.62,138.65,44391
2025-02-14 21:50:00+00:00,138.6599,138.85,138.58,138.6,161129
2025-02-14 21:55:00+00:00,138.6004,138.65,138.52,138.6103,58902
2025-02-14 22:00:00+00:00,138.61,138.63,138.53,138.55,28933
2025-02-14 22:05:00+00:00,138.55,138.59,138.4,138.48,82743
2025-02-14 22:10:00+00:00,138.49,138.57,138.45,138.56,47290
2025-02-14 22:15:00+00:00,138.569,138.57,138.48,138.56,26875
2025-02-14 22:20:00+00:00,138.54,138.5895,138.52,138.56,37695
2025-02-14 22:25:00+00:00,138.57,138.6,138.55,138.55,17278
2025-02-14 22:30:00+00:00,138.57,138.65,138.57,138.6001,54542
2025-02-14 22:35:00+00:00,138.6193,138.65,138.6,138.6301,14367
2025-02-14 22:40:00+00:00,138.63,138.7,138.63,138.68,14407
2025-02-14 22:45:00+00:00,138.7,138.7,138.61,138.65,29131
2025-02-14 22:50:00+00:00,138.65,138.66,138.61,138.63,13936
2025-02-14 22:55:00+00:00,138.61,138.64,138.61,138.61,12273
2025-02-14 23:00:00+00:00,138.6101,138.6293,138.4704,138.5589,41585
2025-02-14 23:05:00+00:00,138.52,138.58,138.51,138.54,8963
2025-02-14 23:10:00+00:00,138.5395,138.55,138.4498,138.4498,35816
2025-02-14 23:15:00+00:00,138.44,138.52,138.4,138.52,31160
2025-02-14 23:20:00+00:00,138.5208,138.58,138.5208,138.56,12852
2025-02-14 23:25:00+00:00,138.56,138.57,138.54,138.55,11586
2025-02-14 23:30:00+00:00,138.56,138.6,138.54,138.59,20221
2025-02-14 23:35:00+00:00,138.6,138.6,138.52,138.56,27418
2025-02-14 23:40:00+00:00,138.5791,138.5795,138.52,138.57,24024
2025-02-14 23:45:00+00:00,138.56,138.62,138.541,138.61,12796
2025-02-14 23:50:00+00:00,138.59,138.61,138.56,138.59,18527
2025-02-14 23:55:00+00:00,138.5998,138.61,138.5615,138.5897,134196
2025-02-15 00:00:00+00:00,138.56,138.6,138.5407,138.5409,12926
2025-02-15 00:05:00+00:00,138.56,138.56,138.48,138.48,21286
2025-02-15 00:10:00+00:00,138.48,138.53,138.48,138.51,11077
2025-02-15 00:15:00+00:00,138.51,138.53,138.5,138.5,18494
2025-02-15 00:20:00+00:00,138.5,138.53,138.49,138.5,23799
2025-02-15 00:25:00+00:00,138.5,138.53,138.48,138.5,15077
2025-02-15 00:30:00+00:00,138.53,138.54,138.5,138.52,23740
2025-02-15 00:35:00+00:00,138.52,138.53,138.5,138.51,16384
2025-02-15 00:40:00+00:00,138.52,138.53,138.5,138.5,20676
2025-02-15 00:45:00+00:00,138.52,138.5295,138.5,138.5198,21353
2025-02-15 00:50:00+00:00,138.5002,138.52,138.49,138.5,31613
2025-02-15 00:55:00+00:00,138.49,138.5493,138.46,138.48,55670
2025-02-18 09:00:00+00:00,140.0,140.2,139.22,140.15,234240
2025-02-18 09:05:00+00:00,140.07,140.15,139.84,139.97,91311
2025-02-18 09:10:00+00:00,139.99,140.1,139.84,140.04,57811
2025-02-18 09:15:00+00:00,140.0,140.01,139.91,139.99,34682
2025-02-18 09:20:00+00:00,139.98,139.98,139.92,139.92,15998
2025-02-18 09:25:00+00:00,139.92,139.99,139.92,139.97,29042
2025-02-18 09:30:00+00:00,139.98,140.03,139.81,139.85,48430
2025-02-18 09:35:00+00:00,139.85,139.9,139.78,139.88,27292
2025-02-18 09:40:00+00:00,139.88,139.92,139.75,139.76,34542
2025-02-18 09:45:00+00:00,139.76,139.83,139.74,139.77,26592
2025-02-18 09:50:00+00:00,139.75,139.78,139.67,139.7,39672
2025-02-18 09:55:00+00:00,139.68,139.74,139.55,139.73,49580
2025-02-18 10:00:00+00:00,139.72,139.8,139.71,139.8,31656
2025-02-18 10:05:00+00:00,139.8,139.95,139.8,139.85,44419
2025-02-18 10:10:00+00:00,139.83,139.92,139.79,139.915,13958
2025-02-18 10:15:00+00:00,139.91,139.93,139.84,139.86,28899
2025-02-18 10:20:00+00:00,139.88,140.08,139.87,140.08,51895
2025-02-18 10:25:00+00:00,140.06,140.06,139.97,140.06,20401
2025-02-18 10:30:00+00:00,140.07,140.07,139.96,140.03,24612
2025-02-18 10:35:00+00:00,140.01,140.05,139.98,139.98,17030
2025-02-18 10:40:00+00:00,139.99,139.99,139.93,139.97,14459
2025-02-18 10:45:00+00:00,139.97,140.01,139.9,139.9,21601
2025-02-18 10:50:00+00:00,139.9,139.95,139.88,139.92,16505
2025-02-18 10:55:00+00:00,139.94,140.11,139.93,140.03,72015
2025-02-18 11:00:00+00:00,140.03,140.08,140.0,140.01,22871
2025-02-18 11:05:00+00:00,140.03,140.17,140.01,140.1,27062
2025-02-18 11:10:00+00:00,140.1,140.1,139.99,140.05,25796
2025-02-18 11:15:00+00:00,140.04,140.1,140.02,140.08,18608
2025-02-18 11:20:00+00:00,140.06,140.08,139.94,140.0,40390
2025-02-18 11:25:00+00:00,140.0,140.0,139.95,139.99,21582
2025-02-18 11:30:00+00:00,139.96,140.16,139.89,139.92,63833
2025-02-18 11:35:00+00:00,139.89,139.98,139.89,139.95,17020
2025-02-18 11:40:00+00:00,139.96,140.0,139.89,139.94,37825
2025-02-18 11:45:00+00:00,139.93,139.98,139.93,139.98,13826
2025-02-18 11:50:00+00:00,139.98,140.0,139.97,139.97,26391
2025-02-18 11:55:00+00:00,139.99,139.99,139.93,139.93,15201
2025-02-18 12:00:00+00:00,139.92,140.01,139.89,139.99,384186
2025-02-18 12:05:00+00:00,139.98,140.42,139.97,140.36,166221
2025-02-18 12:10:00+00:00,140.37,140.76,140.31,140.66,219132
2025-02-18 12:15:00+00:00,140.64,140.79,140.37,140.67,167398
2025-02-18 12:20:00+00:00,140.68,140.99,140.62,140.97,167747
2025-02-18 12:25:00+00:00,140.98,141.05,140.81,140.91,221828
2025-02-18 12:30:00+00:00,140.92,141.3,140.9,141.17,304567
2025-02-18 12:35:00+00:00,141.19,141.25,140.98,141.13,164610
2025-02-18 12:40:00+00:00,141.14,141.26,141.11,141.24,95761
2025-02-18 12:45:00+00:00,141.24,141.24,141.15,141.17,93712
2025-02-18 12:50:00+00:00,141.17,141.45,141.17,141.29,203174
2025-02-18 12:55:00+00:00,141.29,141.3,141.2,141.23,106801
2025-02-18 13:00:00+00:00,139.98,141.44,138.503,141.1,2235490
2025-02-18 13:05:00+00:00,141.1,141.14,141.01,141.04,143365
2025-02-18 13:10:00+00:00,141.04,141.33,140.9601,141.3102,253107
2025-02-18 13:15:00+00:00,141.33,141.34,141.18,141.24,151116
2025-02-18 13:20:00+00:00,141.25,141.45,141.24,141.42,257894
2025-02-18 13:25:00+00:00,141.4102,141.52,141.32,141.3895,224623
2025-02-18 13:30:00+00:00,141.37,141.4099,141.21,141.34,146353
2025-02-18 13:35:00+00:00,141.34,141.66,141.33,141.66,278376
2025-02-18 13:40:00+00:00,141.6601,141.68,141.51,141.63,217100
2025-02-18 13:45:00+00:00,141.63,141.7198,141.48,141.7,291958
2025-02-18 13:50:00+00:00,141.72,141.77,141.6,141.6,215449
2025-02-18 13:55:00+00:00,141.6,141.72,141.59,141.6505,155404
2025-02-18 14:00:00+00:00,141.6501,141.68,141.41,141.48,241218
2025-02-18 14:05:00+00:00,141.4898,141.8,141.45,141.76,353771
2025-02-18 14:10:00+00:00,141.76,141.87,141.6,141.63,304570
2025-02-18 14:15:00+00:00,141.6201,141.78,141.55,141.55,200515
2025-02-18 14:20:00+00:00,141.54,141.56,141.27,141.3089,405397
2025-02-18 14:25:00+00:00,141.27,141.42,140.97,141.28,894730
2025-02-18 14:30:00+00:00,141.27,143.37,141.2,143.02,17323509
2025-02-18 14:35:00+00:00,143.03,143.44,142.06,142.2699,7775467
2025-02-18 14:40:00+00:00,142.26,142.97,141.8127,141.915,6072927
2025-02-18 14:45:00+00:00,141.915,142.0299,141.135,141.315,6091515
2025-02-18 14:50:00+00:00,141.315,141.85,140.7606,141.74,5882523
2025-02-18 14:55:00+00:00,141.72,141.88,141.2,141.235,3647937
2025-02-18 15:00:00+00:00,141.31,141.3398,140.3,140.86,4572300
2025-02-18 15:05:00+00:00,140.87,141.5,140.66,141.2029,3208319
2025-02-18 15:10:00+00:00,141.205,141.545,140.76,141.531,3017324
2025-02-18 15:15:00+00:00,141.54,141.6,140.82,140.93,2723851
2025-02-18 15:20:00+00:00,140.92,141.4,140.87,141.325,1923223
2025-02-18 15:25:00+00:00,141.32,141.4199,140.49,140.66,2736079
2025-02-18 15:30:00+00:00,140.665,140.7,140.08,140.19,3148061
2025-02-18 15:35:00+00:00,140.2,140.3,139.61,139.775,4861190
2025-02-18 15:40:00+00:00,139.78,140.2,139.66,139.9451,2780242
2025-02-18 15:45:00+00:00,139.94,140.06,139.02,139.27,3936461
2025-02-18 15:50:00+00:00,139.2788,140.2,138.98,140.19,3901766
2025-02-18 15:55:00+00:00,140.1801,140.19,139.8,140.09,2666019
2025-02-18 16:00:00+00:00,140.09,140.5999,139.87,140.23,2870913
2025-02-18 16:05:00+00:00,140.22,140.74,140.21,140.66,1865710
2025-02-18 16:10:00+00:00,140.665,141.09,140.52,141.04,2525585
2025-02-18 16:15:00+00:00,141.04,141.12,140.78,140.89,1800760
2025-02-18 16:20:00+00:00,140.89,140.97,140.57,140.7256,1788459
2025-02-18 16:25:00+00:00,140.73,141.22,140.67,141.195,1948596
2025-02-18 16:30:00+00:00,141.19,141.19,140.85,141.01,1433586
2025-02-18 16:35:00+00:00,141.01,141.185,140.925,140.995,1136849
2025-02-18 16:40:00+00:00,140.99,140.99,140.6,140.7135,1591890
2025-02-18 16:45:00+00:00,140.71,140.9911,140.68,140.832,1201363
2025-02-18 16:50:00+00:00,140.84,141.02,140.71,140.79,1089474
2025-02-18 16:55:00+00:00,140.79,140.88,140.24,140.2799,1613717
2025-02-18 17:00:00+00:00,140.275,140.55,140.22,140.35,1299221
2025-02-18 17:05:00+00:00,140.355,140.37,139.86,140.0535,1914509
2025-02-18 17:10:00+00:00,140.05,140.335,139.8549,140.32,1351669
2025-02-18 17:15:00+00:00,140.33,140.3599,139.95,140.03,1104253
2025-02-18 17:20:00+00:00,140.0115,140.155,139.92,140.0401,1050198
2025-02-18 17:25:00+00:00,140.045,140.0851,139.9,139.965,795997
2025-02-18 17:30:00+00:00,139.965,140.18,139.95,140.0899,845013
2025-02-18 17:35:00+00:00,140.09,140.46,140.085,140.34,1188067
2025-02-18 17:40:00+00:00,140.34,140.35,140.14,140.195,1600288
2025-02-18 17:45:00+00:00,140.195,140.21,140.02,140.035,942947
2025-02-18 17:50:00+00:00,140.03,140.3083,140.0,140.2156,867297
2025-02-18 17:55:00+00:00,140.215,140.33,140.1113,140.25,718345
2025-02-18 18:00:00+00:00,140.25,140.64,140.15,140.55,1344364
2025-02-18 18:05:00+00:00,140.554,140.7,140.445,140.4999,1206602
2025-02-18 18:10:00+00:00,140.495,140.505,140.17,140.26,1059221
2025-02-18 18:15:00+00:00,140.26,140.395,140.2,140.35,709193
2025-02-18 18:20:00+00:00,140.3501,140.5,140.1105,140.4,1164677
2025-02-18 18:25:00+00:00,140.395,140.41,140.135,140.1514,853824
2025-02-18 18:30:00+00:00,140.155,140.155,139.75,139.93,1874644
2025-02-18 18:35:00+00:00,139.92,139.99,139.8,139.965,795495
2025-02-18 18:40:00+00:00,139.96,140.07,139.89,139.99,931573
2025-02-18 18:45:00+00:00,140.0,140.1,139.685,140.0851,1156776
2025-02-18 18:50:00+00:00,140.0832,140.4,139.99,140.3368,1557047
2025-02-18 18:55:00+00:00,140.335,140.335,139.95,139.99,1137165
2025-02-18 19:00:00+00:00,140.0,140.24,139.89,140.13,1107949
2025-02-18 19:05:00+00:00,140.135,140.18,139.49,139.59,1848502
2025-02-18 19:10:00+00:00,139.595,139.78,139.56,139.595,1350299
2025-02-18 19:15:00+00:00,139.595,139.68,139.24,139.265,1639269
2025-02-18 19:20:00+00:00,139.275,139.71,139.092,139.6949,2023445
2025-02-18 19:25:00+00:00,139.705,139.76,139.56,139.575,1164893
2025-02-18 19:30:00+00:00,139.5675,139.73,139.55,139.6601,941789
2025-02-18 19:35:00+00:00,139.66,139.7,139.465,139.48,786969
2025-02-18 19:40:00+00:00,139.49,139.74,139.49,139.675,843253
2025-02-18 19:45:00+00:00,139.68,139.76,139.45,139.7101,968747
2025-02-18 19:50:00+00:00,139.7101,139.99,139.658,139.825,1278280
2025-02-18 19:55:00+00:00,139.82,140.1699,139.8001,140.0323,1696298
2025-02-18 20:00:00+00:00,140.0321,140.085,139.86,139.97,918506
2025-02-18 20:05:00+00:00,139.985,139.985,139.825,139.91,1039700
2025-02-18 20:10:00+00:00,139.905,139.94,139.63,139.6987,1292885
2025-02-18 20:15:00+00:00,139.6915,139.695,139.485,139.5954,1040023
2025-02-18 20:20:00+00:00,139.6,139.7,139.43,139.555,1213544
2025-02-18 20:25:00+00:00,139.555,139.72,139.485,139.5499,871254
2025-02-18 20:30:00+00:00,139.54,139.72,139.27,139.285,1404792
2025-02-18 20:35:00+00:00,139.2899,139.32,138.72,138.7817,3332586
2025-02-18 20:40:00+00:00,138.785,139.18,138.75,138.869,2121481
2025-02-18 20:45:00+00:00,138.86,138.95,138.26,138.48,2866229
2025-02-18 20:50:00+00:00,138.475,138.97,137.925,138.795,4911776
2025-02-18 20:55:00+00:00,138.79,139.44,138.71,139.41,8196081
2025-02-18 21:00:00+00:00,139.4,139.4,139.0,139.02,25843223
2025-02-18 21:05:00+00:00,139.02,139.4,138.93,139.01,448899
2025-02-18 21:10:00+00:00,138.9802,139.4,138.94,138.9998,492588
2025-02-18 21:15:00+00:00,139.0,139.0,138.9,138.92,81785
2025-02-18 21:20:00+00:00,138.9102,139.0,138.9,138.9802,140285
2025-02-18 21:25:00+00:00,138.99,138.99,138.95,138.98,101651
2025-02-18 21:30:00+00:00,138.98,138.99,138.88,138.88,46790
2025-02-18 21:35:00+00:00,138.88,138.8892,138.7794,138.791,95384
2025-02-18 21:40:00+00:00,138.7998,138.82,138.65,138.6799,169695
2025-02-18 21:45:00+00:00,138.64,138.7,138.49,138.5,140943
2025-02-18 21:50:00+00:00,138.49,138.63,138.46,138.63,114088
2025-02-18 21:55:00+00:00,138.64,138.7594,138.58,138.66,100335
2025-02-18 22:00:00+00:00,138.63,138.75,138.62,138.7102,75963
2025-02-18 22:05:00+00:00,138.71,138.7199,138.52,138.57,102561
2025-02-18 22:10:00+00:00,138.543,138.63,138.543,138.63,31951
2025-02-18 22:15:00+00:00,138.63,138.71,138.61,138.68,46024
2025-02-18 22:20:00+00:00,138.6992,138.73,138.68,138.71,35593
2025-02-18 22:25:00+00:00,138.711,138.7198,138.6,138.67,25380
2025-02-18 22:30:00+00:00,138.7,138.71,138.61,138.65,21790
2025-02-18 22:35:00+00:00,138.66,138.7,138.62,138.7,16484
2025-02-18 22:40:00+00:00,138.6699,138.79,138.66,138.79,29038
2025-02-18 22:45:00+00:00,138.7896,138.95,138.7896,138.89,68147
2025-02-18 22:50:00+00:00,138.9,138.9,138.84,138.86,16671
2025-02-18 22:55:00+00:00,138.85,138.85,138.77,138.8,31281
2025-02-18 23:00:00+00:00,138.8,138.95,138.8,138.9397,47069
2025-02-18 23:05:00+00:00,138.92,138.95,138.9001,138.92,25835
2025-02-18 23:10:00+00:00,138.91,138.95,138.87,138.95,39322
2025-02-18 23:15:00+00:00,138.95,139.05,138.93,138.94,53323
2025-02-18 23:20:00+00:00,138.94,139.11,138.94,139.07,45138
2025-02-18 23:25:00+00:00,139.099,139.12,139.05,139.0707,27442
2025-02-18 23:30:00+00:00,139.09,139.09,139.041,139.06,11757
2025-02-18 23:35:00+00:00,139.06,139.07,139.03,139.0498,24376
2025-02-18 23:40:00+00:00,139.0401,139.15,139.0401,139.13,34712
2025-02-18 23:45:00+00:00,139.14,139.2,139.13,139.19,34190
2025-02-18 23:50:00+00:00,139.2,139.24,139.18,139.2399,35488
2025-02-18 23:55:00+00:00,139.2395,139.24,139.1301,139.22,26768
2025-02-19 00:00:00+00:00,139.2193,139.2193,139.16,139.18,17640
2025-02-19 00:05:00+00:00,139.18,139.19,139.09,139.1,22751
2025-02-19 00:10:00+00:00,139.12,139.13,139.08,139.09,22833
2025-02-19 00:15:00+00:00,139.1,139.2,139.09,139.1998,19025
2025-02-19 00:20:00+00:00,139.19,139.2,139.1103,139.17,15640
2025-02-19 00:25:00+00:00,139.1304,139.17,139.1126,139.15,15608
2025-02-19 00:30:00+00:00,139.15,139.1698,139.09,139.11,26363
2025-02-19 00:35:00+00:00,139.0807,139.1,139.0,139.05,65574
2025-02-19 00:40:00+00:00,139.0401,139.06,138.9,138.98,47288
2025-02-19 00:45:00+00:00,138.98,139.02,138.95,139.0,35809
2025-02-19 00:50:00+00:00,138.97,139.09,138.97,139.05,26478
2025-02-19 00:55:00+00:00,139.03,139.11,139.0,139.1,74130
2025-02-19 09:00:00+00:00,139.4,139.76,139.14,139.6,90473
2025-02-19 09:05:00+00:00,139.59,139.95,139.57,139.91,69795
2025-02-19 09:10:00+00:00,139.92,140.14,139.75,140.14,97891
2025-02-19 09:15:00+00:00,140.12,140.33,140.02,140.33,65318
2025-02-19 09:20:00+00:00,140.32,140.57,140.29,140.35,76816
2025-02-19 09:25:00+00:00,140.34,140.52,140.34,140.49,35989
2025-02-19 09:30:00+00:00,140.46,140.49,140.24,140.24,47468
2025-02-19 09:35:00+00:00,140.28,140.3,139.92,140.04,52028
2025-02-19 09:40:00+00:00,140.09,140.16,139.94,140.08,26876
2025-02-19 09:45:00+00:00,140.06,140.06,139.89,139.96,16815
2025-02-19 09:50:00+00:00,139.97,140.01,139.8,139.81,31723
2025-02-19 09:55:00+00:00,139.8,140.02,139.78,140.01,23535
2025-02-19 10:00:00+00:00,140.02,140.16,139.93,140.06,25590
2025-02-19 10:05:00+00:00,140.13,140.13,139.87,139.89,29972
2025-02-19 10:10:00+00:00,139.87,139.94,139.7,139.87,20292
2025-02-19 10:15:00+00:00,139.85,139.88,139.74,139.76,10630
2025-02-19 10:20:00+00:00,139.79,139.86,139.57,139.62,26473
2025-02-19 10:25:00+00:00,139.63,139.8,139.55,139.55,24452
2025-02-19 10:30:00+00:00,139.57,139.68,139.53,139.64,22418
2025-02-19 10:35:00+00:00,139.61,139.69,139.51,139.61,15159
2025-02-19 10:40:00+00:00,139.57,139.78,139.56,139.62,15788
2025-02-19 10:45:00+00:00,139.61,139.96,139.61,139.94,20065
2025-02-19 10:50:00+00:00,139.92,140.24,139.87,140.16,47718
2025-02-19 10:55:00+00:00,140.18,140.22,140.0,140.05,14122
2025-02-19 11:00:00+00:00,140.02,140.05,139.73,139.97,24156
2025-02-19 11:05:00+00:00,139.98,140.05,139.91,140.04,15013
2025-02-19 11:10:00+00:00,140.03,140.03,139.84,139.91,13011
2025-02-19 11:15:00+00:00,139.92,139.94,139.8,139.87,13107
2025-02-19 11:20:00+00:00,139.88,140.05,139.88,139.94,17172
2025-02-19 11:25:00+00:00,139.95,139.98,139.88,139.95,20584
2025-02-19 11:30:00+00:00,139.93,139.99,139.85,139.86,39177
2025-02-19 11:35:00+00:00,139.88,139.99,139.88,139.98,19456
2025-02-19 11:40:00+00:00,139.98,140.15,139.98,140.0,32630
2025-02-19 11:45:00+00:00,139.98,140.02,139.87,139.99,45374
2025-02-19 11:50:00+00:00,139.96,140.02,139.89,139.95,36134
2025-02-19 11:55:00+00:00,139.93,140.04,139.91,140.04,16599
2025-02-19 12:00:00+00:00,140.02,140.28,139.9,140.22,145043
2025-02-19 12:05:00+00:00,140.2,140.21,140.0,140.11,38575
2025-02-19 12:10:00+00:00,140.12,140.18,140.01,140.06,35791
2025-02-19 12:15:00+00:00,140.04,140.1,140.001,140.09,21768
2025-02-19 12:20:00+00:00,140.09,140.1,140.04,140.09,19541
2025-02-19 12:25:00+00:00,140.09,140.09,139.96,140.04,32164
2025-02-19 12:30:00+00:00,140.07,140.11,139.95,139.97,33569
2025-02-19 12:35:00+00:00,139.98,140.07,139.97,140.04,17774
2025-02-19 12:40:00+00:00,140.04,140.04,139.9,140.0,23775
2025-02-19 12:45:00+00:00,140.02,140.12,139.97,140.09,33556
2025-02-19 12:50:00+00:00,140.07,140.11,139.94,140.01,30237
2025-02-19 12:55:00+00:00,140.0,140.01,139.82,139.84,34532
2025-02-19 13:00:00+00:00,139.99,140.5236,138.97,140.0,730890
2025-02-19 13:05:00+00:00,140.0,140.02,139.89,140.02,53833
2025-02-19 13:10:00+00:00,140.0196,140.03,139.88,139.92,97690
2025-02-19 13:15:00+00:00,139.9,139.9,139.69,139.78,76267
2025-02-19 13:20:00+00:00,139.8,139.83,139.5701,139.68,69823
2025-02-19 13:25:00+00:00,139.67,139.72,139.5,139.62,112937
2025-02-19 13:30:00+00:00,139.62,139.7299,139.54,139.54,69876
2025-02-19 13:35:00+00:00,139.5693,139.68,139.41,139.42,137418
2025-02-19 13:40:00+00:00,139.4301,139.6296,139.4201,139.61,73581
2025-02-19 13:45:00+00:00,139.61,139.68,139.58,139.6383,83798
2025-02-19 13:50:00+00:00,139.63,139.64,139.51,139.58,82020
2025-02-19 13:55:00+00:00,139.5703,139.59,139.43,139.55,52920
2025-02-19 14:00:00+00:00,139.57,139.58,139.34,139.3899,135135
2025-02-19 14:05:00+00:00,139.37,139.82,139.36,139.74,185196
2025-02-19 14:10:00+00:00,139.72,139.85,139.63,139.67,117392
2025-02-19 14:15:00+00:00,139.71,139.73,139.36,139.549,145470
2025-02-19 14:20:00+00:00,139.52,139.65,139.4,139.4,87628
2025-02-19 14:25:00+00:00,139.46,139.72,139.41,139.45,173144
2025-02-19 14:30:00+00:00,139.51,139.66,138.65,139.4201,6024886
2025-02-19 14:35:00+00:00,139.42,140.0,138.9703,139.0479,3915528
2025-02-19 14:40:00+00:00,139.05,139.39,138.4269,138.58,3368125
2025-02-19 14:45:00+00:00,138.58,139.12,138.24,138.48,3132392
2025-02-19 14:50:00+00:00,138.49,138.9,138.41,138.7059,2151504
2025-02-19 14:55:00+00:00,138.703,138.8,138.1,138.27,2159845
2025-02-19 15:00:00+00:00,138.275,138.57,137.88,137.98,3171467
2025-02-19 15:05:00+00:00,137.98,138.08,137.22,137.46,4330058
2025-02-19 15:10:00+00:00,137.4588,138.46,137.44,138.2181,3593010
2025-02-19 15:15:00+00:00,138.2107,138.65,137.9501,138.5842,2744460
2025-02-19 15:20:00+00:00,138.5899,138.83,138.39,138.505,2205707
2025-02-19 15:25:00+00:00,138.51,139.39,138.459,139.33,2690301
2025-02-19 15:30:00+00:00,139.335,140.4199,139.3319,139.87,5842846
2025-02-19 15:35:00+00:00,139.8737,139.9,139.55,139.7694,2330018
2025-02-19 15:40:00+00:00,139.78,139.96,139.54,139.87,1821095
2025-02-19 15:45:00+00:00,139.8746,140.24,139.68,140.07,2238100
2025-02-19 15:50:00+00:00,140.06,140.185,139.73,139.8735,1477687
2025-02-19 15:55:00+00:00,139.8631,139.885,139.41,139.83,1771664
2025-02-19 16:00:00+00:00,139.825,140.5,139.79,140.34,2788313
2025-02-19 16:05:00+00:00,140.345,140.395,139.75,139.945,1885770
2025-02-19 16:10:00+00:00,139.95,140.16,139.68,139.91,1819216
2025-02-19 16:15:00+00:00,139.91,140.12,139.8,139.975,1422001
2025-02-19 16:20:00+00:00,139.97,140.09,139.89,140.0485,1321568
2025-02-19 16:25:00+00:00,140.05,140.13,139.8807,139.9483,1123861
2025-02-19 16:30:00+00:00,139.94,140.0172,139.8,139.94,1018869
2025-02-19 16:35:00+00:00,139.94,140.05,139.8,139.935,1209649
2025-02-19 16:40:00+00:00,139.94,140.08,139.77,140.065,1349171
2025-02-19 16:45:00+00:00,140.065,140.11,139.51,139.53,1633822
2025-02-19 16:50:00+00:00,139.5246,139.77,139.48,139.735,1484405
2025-02-19 16:55:00+00:00,139.735,139.99,139.705,139.91,1107410
2025-02-19 17:00:00+00:00,139.92,139.93,139.6301,139.855,1013741
2025-02-19 17:05:00+00:00,139.85,139.91,139.72,139.7601,761226
2025-02-19 17:10:00+00:00,139.765,139.8,139.6,139.62,947250
2025-02-19 17:15:00+00:00,139.625,139.89,139.6,139.875,1137677
2025-02-19 17:20:00+00:00,139.875,139.89,139.585,139.5954,837086
2025-02-19 17:25:00+00:00,139.595,139.9,139.56,139.815,924568
2025-02-19 17:30:00+00:00,139.815,139.92,139.74,139.8699,738847
2025-02-19 17:35:00+00:00,139.87,140.22,139.86,140.1961,1481508
2025-02-19 17:40:00+00:00,140.2,140.895,140.13,140.7901,2805525
2025-02-19 17:45:00+00:00,140.79,140.95,140.65,140.6886,1944509
2025-02-19 17:50:00+00:00,140.69,141.3,140.69,141.285,2467454
2025-02-19 17:55:00+00:00,141.29,141.36,141.09,141.225,1955394
2025-02-19 18:00:00+00:00,141.23,141.255,140.9,141.05,1541223
2025-02-19 18:05:00+00:00,141.045,141.06,140.36,140.4551,1768402
2025-02-19 18:10:00+00:00,140.4599,140.59,140.24,140.4787,1551945
2025-02-19 18:15:00+00:00,140.4701,140.87,140.47,140.84,1413894
2025-02-19 18:20:00+00:00,140.83,140.895,140.667,140.7085,1004059
2025-02-19 18:25:00+00:00,140.71,140.87,140.58,140.6399,926755
2025-02-19 18:30:00+00:00,140.64,140.85,140.45,140.59,1108353
2025-02-19 18:35:00+00:00,140.585,140.69,140.49,140.525,868526
2025-02-19 18:40:00+00:00,140.525,140.6299,140.46,140.575,713541
2025-02-19 18:45:00+00:00,140.575,140.62,140.41,140.4546,898014
2025-02-19 18:50:00+00:00,140.4515,140.485,140.19,140.2301,1190848
2025-02-19 18:55:00+00:00,140.2401,140.3,140.12,140.23,791569
2025-02-19 19:00:00+00:00,140.25,140.52,140.19,140.4323,1070463
2025-02-19 19:05:00+00:00,140.435,140.71,140.37,140.455,1767219
2025-02-19 19:10:00+00:00,140.455,140.75,140.42,140.7407,991341
2025-02-19 19:15:00+00:00,140.7409,140.795,140.5013,140.535,1940333
2025-02-19 19:20:00+00:00,140.535,140.71,140.47,140.525,998832
2025-02-19 19:25:00+00:00,140.525,140.565,140.3813,140.4451,874925
2025-02-19 19:30:00+00:00,140.44,140.44,140.24,140.41,806276
2025-02-19 19:35:00+00:00,140.405,140.57,140.36,140.415,862078
2025-02-19 19:40:00+00:00,140.41,140.445,140.2201,140.3,2465842
2025-02-19 19:45:00+00:00,140.305,140.42,140.25,140.4118,702183
2025-02-19 19:50:00+00:00,140.42,140.845,140.38,140.735,1399546
2025-02-19 19:55:00+00:00,140.73,140.775,140.63,140.67,886602
2025-02-19 20:00:00+00:00,140.67,140.79,140.46,140.5917,1152641
2025-02-19 20:05:00+00:00,140.6,140.7699,140.51,140.535,993489
2025-02-19 20:10:00+00:00,140.535,140.58,140.415,140.4516,2082497
2025-02-19 20:15:00+00:00,140.4518,140.55,140.18,140.185,1202059
2025-02-19 20:20:00+00:00,140.19,140.23,139.72,139.96,4899267
2025-02-19 20:25:00+00:00,139.96,139.9638,139.015,139.3194,2709346
2025-02-19 20:30:00+00:00,139.31,139.86,139.31,139.6837,1835528
2025-02-19 20:35:00+00:00,139.68,139.75,138.93,139.0649,2186220
2025-02-19 20:40:00+00:00,139.06,139.465,139.0215,139.13,2032468
2025-02-19 20:45:00+00:00,139.14,139.22,138.77,138.98,2297127
2025-02-19 20:50:00+00:00,139.0,139.41,139.0,139.145,2491753
2025-02-19 20:55:00+00:00,139.14,139.34,138.95,139.24,3778392
2025-02-19 21:00:00+00:00,139.24,139.35,139.01,139.138,13687492
2025-02-19 21:05:00+00:00,139.11,139.23,139.0,139.05,965605
2025-02-19 21:10:00+00:00,139.0502,139.1,138.86,138.9602,155327
2025-02-19 21:15:00+00:00,138.96,138.98,138.88,138.9099,43646
2025-02-19 21:20:00+00:00,138.91,139.23,138.87,138.87,78020
2025-02-19 21:25:00+00:00,138.87,138.94,138.85,138.88,59198
2025-02-19 21:30:00+00:00,138.89,138.8998,138.82,138.85,69163
2025-02-19 21:35:00+00:00,138.85,139.23,138.79,138.88,78727
2025-02-19 21:40:00+00:00,138.87,138.9505,138.8685,138.93,30059
2025-02-19 21:45:00+00:00,138.91,138.94,138.86,138.86,542131
2025-02-19 21:50:00+00:00,138.86,138.9394,138.7801,138.79,42751
2025-02-19 21:55:00+00:00,138.8,138.8494,138.74,138.75,84541
2025-02-19 22:00:00+00:00,138.74,138.75,138.6502,138.71,52732
2025-02-19 22:05:00+00:00,138.71,138.75,138.7,138.7,22969
2025-02-19 22:10:00+00:00,138.7,138.78,138.65,138.7797,45468
2025-02-19 22:15:00+00:00,138.77,138.7753,138.69,138.7198,21061
2025-02-19 22:20:00+00:00,138.7199,138.78,138.7,138.78,30312
2025-02-19 22:25:00+00:00,138.73,138.92,138.72,138.92,23424
2025-02-19 22:30:00+00:00,138.9,138.9,138.84,138.8502,33639
2025-02-19 22:35:00+00:00,138.85,138.94,138.85,138.882,25718
2025-02-19 22:40:00+00:00,138.9296,138.9399,138.8992,138.9007,32353
2025-02-19 22:45:00+00:00,138.9005,138.94,138.89,138.9299,14421
2025-02-19 22:50:00+00:00,138.9,138.93,138.8902,138.9,17499
2025-02-19 22:55:00+00:00,138.9,138.92,138.89,138.92,27801
2025-02-19 23:00:00+00:00,138.91,139.09,138.91,139.0687,45940
2025-02-19 23:05:00+00:00,139.069,139.1,139.03,139.07,19516
2025-02-19 23:10:00+00:00,139.07,139.15,139.06,139.14,30868
2025-02-19 23:15:00+00:00,139.14,139.37,139.14,139.24,74970
2025-02-19 23:20:00+00:00,139.2115,139.25,139.11,139.15,28799
2025-02-19 23:25:00+00:00,139.1,139.12,139.03,139.05,6985
2025-02-19 23:30:00+00:00,139.08,139.08,138.97,139.0,20891
2025-02-19 23:35:00+00:00,139.0,139.08,138.99,139.05,12959
2025-02-19 23:40:00+00:00,139.07,139.1,139.0,139.01,10952
2025-02-19 23:45:00+00:00,139.01,139.038,138.9,138.95,22222
2025-02-19 23:50:00+00:00,138.94,139.0,138.9107,138.94,17958
2025-02-19 23:55:00+00:00,138.95,139.06,138.92,139.031,25835
2025-02-20 00:00:00+00:00,139.02,139.08,138.95,139.0,15216
2025-02-20 00:05:00+00:00,139.0,139.02,138.95,138.95,21397
2025-02-20 00:10:00+00:00,138.98,138.9885,138.9,138.901,15791
2025-02-20 00:15:00+00:00,138.91,138.92,138.8,138.8,27894
2025-02-20 00:20:00+00:00,138.79,138.87,138.78,138.83,16636
2025-02-20 00:25:00+00:00,138.8295,138.83,138.7802,138.8007,22357
2025-02-20 00:30:00+00:00,138.81,138.9,138.8,138.8999,19859
2025-02-20 00:35:00+00:00,138.8805,138.9,138.85,138.89,16898
2025-02-20 00:40:00+00:00,138.9,138.9,138.85,138.85,14995
2025-02-20 00:45:00+00:00,138.86,139.0,138.85,138.97,28621
2025-02-20 00:50:00+00:00,138.9705,139.0195,138.9,138.9018,25491
2025-02-20 00:55:00+00:00,138.911,139.02,138.84,139.0,74365
2025-02-20 09:00:00+00:00,138.7,139.5,138.27,138.76,61327
2025-02-20 09:05:00+00:00,138.72,138.96,138.71,138.9,33325
2025-02-20 09:10:00+00:00,138.9,138.93,138.78,138.81,27986
2025-02-20 09:15:00+00:00,138.84,138.85,138.7,138.8,15611
2025-02-20 09:20:00+00:00,138.83,138.85,138.64,138.67,20339
2025-02-20 09:25:00+00:00,138.71,138.87,138.71,138.78,23838
2025-02-20 09:30:00+00:00,138.78,138.8,138.74,138.74,10341
2025-02-20 09:35:00+00:00,138.75,138.84,138.7,138.73,10935
2025-02-20 09:40:00+00:00,138.75,138.85,138.73,138.79,17465
2025-02-20 09:45:00+00:00,138.79,138.84,138.75,138.78,11854
2025-02-20 09:50:00+00:00,138.78,139.34,138.78,139.33,68994
2025-02-20 09:55:00+00:00,139.32,139.63,139.32,139.63,52835
2025-02-20 10:00:00+00:00,139.62,139.64,139.49,139.52,39614
2025-02-20 10:05:00+00:00,139.53,139.53,139.3,139.38,19081
2025-02-20 10:10:00+00:00,139.36,139.36,139.22,139.29,11169
2025-02-20 10:15:00+00:00,139.27,139.35,139.22,139.35,12552
2025-02-20 10:20:00+00:00,139.34,139.48,139.33,139.41,11029
2025-02-20 10:25:00+00:00,139.41,139.45,139.36,139.38,11564
2025-02-20 10:30:00+00:00,139.36,139.44,139.28,139.34,12600
2025-02-20 10:35:00+00:00,139.29,139.42,139.29,139.38,8346
2025-02-20 10:40:00+00:00,139.4,139.45,139.35,139.42,25081
2025-02-20 10:45:00+00:00,139.42,139.46,139.33,139.34,11448
2025-02-20 10:50:00+00:00,139.33,139.37,139.29,139.33,17004
2025-02-20 10:55:00+00:00,139.33,139.36,139.26,139.3,17078
2025-02-20 11:00:00+00:00,139.25,139.4,139.2,139.39,31221
2025-02-20 11:05:00+00:00,139.39,139.79,139.07,139.31,98921
2025-02-20 11:10:00+00:00,139.3,139.36,139.27,139.33,16537
2025-02-20 11:15:00+00:00,139.35,139.35,139.24,139.26,22634
2025-02-20 11:20:00+00:00,139.29,139.3,139.11,139.16,17719
2025-02-20 11:25:00+00:00,139.16,139.16,138.97,138.97,24501
2025-02-20 11:30:00+00:00,138.97,139.1,138.95,139.03,46120
2025-02-20 11:35:00+00:00,139.04,139.04,138.79,138.79,43073
2025-02-20 11:40:00+00:00,138.82,139.1,138.81,139.06,34736
2025-02-20 11:45:00+00:00,139.05,139.12,138.93,139.04,17186
2025-02-20 11:50:00+00:00,139.07,139.43,139.07,139.34,53173
2025-02-20 11:55:00+00:00,139.35,139.57,139.35,139.44,57919
2025-02-20 12:00:00+00:00,139.45,139.46,139.03,139.25,106618
2025-02-20 12:05:00+00:00,139.25,139.28,139.16,139.18,32904
2025-02-20 12:10:00+00:00,139.15,139.39,139.09,139.35,36046
2025-02-20 12:15:00+00:00,139.33,139.38,139.28,139.34,29066
2025-02-20 12:20:00+00:00,139.35,139.4,139.24,139.39,23948
2025-02-20 12:25:00+00:00,139.38,139.38,139.15,139.28,26345
2025-02-20 12:30:00+00:00,139.25,139.35,139.22,139.33,27073
2025-02-20 12:35:00+00:00,139.31,139.47,139.26,139.47,39198
2025-02-20 12:40:00+00:00,139.5,139.55,139.45,139.451,32855
2025-02-20 12:45:00+00:00,139.45,139.5,139.32,139.399,28646
2025-02-20 12:50:00+00:00,139.39,139.41,139.32,139.35,16431
2025-02-20 12:55:00+00:00,139.37,139.76,139.34,139.65,49098
2025-02-20 13:00:00+00:00,139.24,139.75,138.45,139.421,600952
2025-02-20 13:05:00+00:00,139.42,139.43,139.34,139.4001,50282
2025-02-20 13:10:00+00:00,139.43,139.5599,139.41,139.54,71164
2025-02-20 13:15:00+00:00,139.55,139.57,139.42,139.54,57325
2025-02-20 13:20:00+00:00,139.55,139.55,139.48,139.5196,42645
2025-02-20 13:25:00+00:00,139.5,139.54,139.46,139.4801,42353
2025-02-20 13:30:00+00:00,139.48,139.75,139.48,139.6,110538
2025-02-20 13:35:00+00:00,139.6041,139.6041,139.45,139.6,86494
2025-02-20 13:40:00+00:00,139.59,139.79,139.55,139.75,110095
2025-02-20 13:45:00+00:00,139.76,139.9,139.7,139.81,120070
2025-02-20 13:50:00+00:00,139.81,139.81,139.64,139.74,84301
2025-02-20 13:55:00+00:00,139.7,140.27,139.7,140.21,274929
2025-02-20 14:00:00+00:00,140.2,140.21,140.09,140.1606,122653
2025-02-20 14:05:00+00:00,140.16,140.5698,140.16,140.4,284855
2025-02-20 14:10:00+00:00,140.37,140.82,140.37,140.72,282320
2025-02-20 14:15:00+00:00,140.71,140.8,140.513,140.68,214735
2025-02-20 14:20:00+00:00,140.68,140.89,140.42,140.5401,265954
2025-02-20 14:25:00+00:00,140.52,140.54,140.0,140.09,338425
2025-02-20 14:30:00+00:00,140.14,140.53,139.3502,139.92,6155162
2025-02-20 14:35:00+00:00,139.92,140.18,139.2101,139.59,2937567
2025-02-20 14:40:00+00:00,139.5801,139.98,139.24,139.4993,2542375
2025-02-20 14:45:00+00:00,139.49,139.665,138.49,138.6352,3778335
2025-02-20 14:50:00+00:00,138.64,138.9,137.43,137.9738,4151713
2025-02-20 14:55:00+00:00,137.97,138.25,137.06,137.145,3589822
2025-02-20 15:00:00+00:00,137.17,138.02,136.7901,137.9701,4678935
2025-02-20 15:05:00+00:00,137.98,138.43,137.6034,137.6762,3086487
2025-02-20 15:10:00+00:00,137.66,138.1899,137.28,138.025,2566076
2025-02-20 15:15:00+00:00,138.03,138.7585,137.95,138.62,2960845
2025-02-20 15:20:00+00:00,138.6218,138.95,138.46,138.7544,2415094
2025-02-20 15:25:00+00:00,138.7899,139.0,138.6,138.6206,1655061
2025-02-20 15:30:00+00:00,138.61,138.95,138.38,138.74,1898341
2025-02-20 15:35:00+00:00,138.74,139.07,138.55,138.82,1792287
2025-02-20 15:40:00+00:00,138.8,138.8898,138.6345,138.6401,1094695
2025-02-20 15:45:00+00:00,138.65,138.7,137.97,138.09,1921988
2025-02-20 15:50:00+00:00,138.085,138.24,137.58,138.12,2498497
2025-02-20 15:55:00+00:00,138.12,138.3,137.11,137.24,2117892
2025-02-20 16:00:00+00:00,137.24,137.74,137.16,137.5199,2008161
2025-02-20 16:05:00+00:00,137.52,138.035,137.52,137.91,1621794
2025-02-20 16:10:00+00:00,137.91,138.02,137.5524,137.56,1174449
2025-02-20 16:15:00+00:00,137.57,137.6,137.32,137.525,1393611
2025-02-20 16:20:00+00:00,137.525,138.0,137.5,137.89,1502035
2025-02-20 16:25:00+00:00,137.88,138.38,137.6832,138.3,1763862
2025-02-20 16:30:00+00:00,138.3,138.57,138.3,138.555,1409309
2025-02-20 16:35:00+00:00,138.555,138.65,138.23,138.57,1478711
2025-02-20 16:40:00+00:00,138.55,138.89,138.52,138.88,1445325
2025-02-20 16:45:00+00:00,138.87,139.0,138.66,138.75,1165574
2025-02-20 16:50:00+00:00,138.765,138.92,138.46,138.785,1290676
2025-02-20 16:55:00+00:00,138.79,138.8,138.62,138.735,741549
2025-02-20 17:00:00+00:00,138.739,139.41,138.662,139.4,1841347
2025-02-20 17:05:00+00:00,139.39,139.84,139.35,139.64,2074024
2025-02-20 17:10:00+00:00,139.635,139.97,139.59,139.925,1982621
2025-02-20 17:15:00+00:00,139.9225,139.94,139.53,139.6984,1549813
2025-02-20 17:20:00+00:00,139.695,139.82,139.46,139.76,1314791
2025-02-20 17:25:00+00:00,139.77,139.8012,139.54,139.57,733501
2025-02-20 17:30:00+00:00,139.57,139.6198,139.44,139.5551,724002
2025-02-20 17:35:00+00:00,139.55,139.76,139.53,139.6332,908448
2025-02-20 17:40:00+00:00,139.65,139.82,139.57,139.765,922338
2025-02-20 17:45:00+00:00,139.76,139.76,139.235,139.31,925151
2025-02-20 17:50:00+00:00,139.31,139.47,139.26,139.45,839188
2025-02-20 17:55:00+00:00,139.4416,139.45,139.17,139.1784,1246125
2025-02-20 18:00:00+00:00,139.175,139.4,139.0836,139.365,1261622
2025-02-20 18:05:00+00:00,139.365,139.71,139.28,139.6201,1228699
2025-02-20 18:10:00+00:00,139.6205,139.8396,139.48,139.7358,894828
2025-02-20 18:15:00+00:00,139.74,139.76,139.51,139.5935,798341
2025-02-20 18:20:00+00:00,139.5901,139.63,139.35,139.449,802545
2025-02-20 18:25:00+00:00,139.45,139.65,139.36,139.5,637126
2025-02-20 18:30:00+00:00,139.49,139.72,139.43,139.57,741444
2025-02-20 18:35:00+00:00,139.58,139.65,139.46,139.615,589470
2025-02-20 18:40:00+00:00,139.612,139.65,139.38,139.45,879331
2025-02-20 18:45:00+00:00,139.45,139.68,139.43,139.57,633671
2025-02-20 18:50:00+00:00,139.5753,139.6,139.42,139.4551,542133
2025-02-20 18:55:00+00:00,139.4544,139.67,139.425,139.585,626087
2025-02-20 19:00:00+00:00,139.59,139.705,139.48,139.685,722736
2025-02-20 19:05:00+00:00,139.685,139.87,139.58,139.72,923819
2025-02-20 19:10:00+00:00,139.725,140.0,139.7,139.945,1184921
2025-02-20 19:15:00+00:00,139.94,140.0,139.86,139.92,884110
2025-02-20 19:20:00+00:00,139.93,139.99,139.865,139.96,720215
2025-02-20 19:25:00+00:00,139.96,139.9699,139.74,139.8049,2207619
2025-02-20 19:30:00+00:00,139.795,139.8153,139.55,139.5899,981798
2025-02-20 19:35:00+00:00,139.58,139.63,139.38,139.39,1198447
2025-02-20 19:40:00+00:00,139.3898,139.69,139.38,139.65,807211
2025-02-20 19:45:00+00:00,139.6421,139.9,139.58,139.8525,897562
2025-02-20 19:50:00+00:00,139.86,139.97,139.81,139.92,1018410
2025-02-20 19:55:00+00:00,139.91,140.2269,139.87,140.15,2046615
2025-02-20 20:00:00+00:00,140.145,140.32,140.06,140.17,1343404
2025-02-20 20:05:00+00:00,140.17,140.19,139.8,139.995,1400726
2025-02-20 20:10:00+00:00,140.0,140.04,139.74,139.815,956978
2025-02-20 20:15:00+00:00,139.8149,139.89,139.62,139.8454,1065712
2025-02-20 20:20:00+00:00,139.85,140.175,139.85,140.06,1432407
2025-02-20 20:25:00+00:00,140.05,140.12,139.89,139.9,1003255
2025-02-20 20:30:00+00:00,139.89,139.97,139.82,139.935,872704
2025-02-20 20:35:00+00:00,139.9399,139.97,139.76,139.82,750609
2025-02-20 20:40:00+00:00,139.82,140.1,139.82,140.045,1352901
2025-02-20 20:45:00+00:00,140.04,140.06,139.85,139.9767,1194282
2025-02-20 20:50:00+00:00,139.98,140.4,139.94,140.17,2080383
2025-02-20 20:55:00+00:00,140.16,140.66,139.69,140.12,3840383
2025-02-20 21:00:00+00:00,140.13,140.18,139.9,139.94,12734520
2025-02-20 21:05:00+00:00,139.9314,140.11,139.85,139.93,251720
2025-02-20 21:10:00+00:00,139.93,140.11,139.79,139.81,109388
2025-02-20 21:15:00+00:00,139.8,139.96,139.8,139.94,43408
2025-02-20 21:20:00+00:00,139.92,139.97,139.84,139.97,126519
2025-02-20 21:25:00+00:00,139.97,139.99,139.89,139.8905,33006
2025-02-20 21:30:00+00:00,139.8901,139.95,139.87,139.93,24512
2025-02-20 21:35:00+00:00,139.91,139.97,139.9004,139.93,16870
2025-02-20 21:40:00+00:00,139.9203,139.98,139.88,139.9435,63654
2025-02-20 21:45:00+00:00,139.94,139.94,139.87,139.8701,32937
2025-02-20 21:50:00+00:00,139.87,139.9,139.8,139.82,691051
2025-02-20 21:55:00+00:00,139.82,139.85,139.8,139.82,22444
2025-02-20 22:00:00+00:00,139.8,139.8427,139.76,139.8301,21347
2025-02-20 22:05:00+00:00,139.8302,140.11,139.75,139.9,29290
2025-02-20 22:10:00+00:00,139.9,139.91,139.84,139.89,9489
2025-02-20 22:15:00+00:00,139.9,139.9,139.85,139.86,14155
2025-02-20 22:20:00+00:00,139.8841,139.8841,139.83,139.8491,9607
2025-02-20 22:25:00+00:00,139.85,139.88,139.83,139.84,9292
2025-02-20 22:30:00+00:00,139.84,139.99,139.84,139.9695,64057
2025-02-20 22:35:00+00:00,139.95,139.98,139.88,139.93,21625
2025-02-20 22:40:00+00:00,139.9307,139.95,139.9,139.95,9416
2025-02-20 22:45:00+00:00,139.9495,139.97,139.9,139.9099,10229
2025-02-20 22:50:00+00:00,139.9,139.9093,139.8898,139.8898,5033
2025-02-20 22:55:00+00:00,139.89,139.92,139.82,139.86,11063
2025-02-20 23:00:00+00:00,139.9,139.97,139.86,139.9699,23911
2025-02-20 23:05:00+00:00,139.97,139.97,139.91,139.91,9417
2025-02-20 23:10:00+00:00,139.9398,139.97,139.93,139.9509,10133
2025-02-20 23:15:00+00:00,139.9693,139.97,139.87,139.87,17720
2025-02-20 23:20:00+00:00,139.88,139.89,139.87,139.88,8584
2025-02-20 23:25:00+00:00,139.87,139.9482,139.79,139.909,61172
2025-02-20 23:30:00+00:00,139.9,139.9,139.8617,139.87,11526
2025-02-20 23:35:00+00:00,139.88,139.95,139.85,139.89,11876
2025-02-20 23:40:00+00:00,139.9,140.0,139.9,139.9593,26532
2025-02-20 23:45:00+00:00,139.96,139.96,139.9,139.9,7936
2025-02-20 23:50:00+00:00,139.8902,139.91,139.8698,139.8699,9476
2025-02-20 23:55:00+00:00,139.8601,139.91,139.86,139.86,37127
2025-02-21 00:00:00+00:00,139.8505,139.91,139.85,139.89,16712
2025-02-21 00:05:00+00:00,139.908,139.91,139.86,139.91,13133
2025-02-21 00:10:00+00:00,139.91,139.91,139.85,139.89,17796
2025-02-21 00:15:00+00:00,139.9,139.93,139.8803,139.9,16015
2025-02-21 00:20:00+00:00,139.91,139.9199,139.85,139.87,18736
2025-02-21 00:25:00+00:00,139.86,139.92,139.86,139.8719,12033
2025-02-21 00:30:00+00:00,139.8705,139.9,139.86,139.88,13603
2025-02-21 00:35:00+00:00,139.8803,139.8995,139.85,139.8597,8748
2025-02-21 00:40:00+00:00,139.851,139.89,139.851,139.8802,18282
2025-02-21 00:45:00+00:00,139.89,139.94,139.88,139.94,25494
2025-02-21 00:50:00+00:00,139.93,139.9697,139.92,139.9601,24900
2025-02-21 00:55:00+00:00,139.97,140.01,139.93,139.9984,72291
2025-02-21 09:00:00+00:00,139.97,140.2,139.81,140.09,38595
2025-02-21 09:05:00+00:00,140.06,140.06,139.77,139.85,33089
2025-02-21 09:10:00+00:00,139.87,139.94,139.85,139.94,16904
2025-02-21 09:15:00+00:00,139.92,139.98,139.85,139.91,11777
2025-02-21 09:20:00+00:00,139.94,140.05,139.93,139.95,41505
2025-02-21 09:25:00+00:00,139.96,140.03,139.9,139.94,9265
2025-02-21 09:30:00+00:00,139.9,140.05,139.87,140.01,17321
2025-02-21 09:35:00+00:00,140.0,140.2,139.97,140.2,25308
2025-02-21 09:40:00+00:00,140.23,140.24,140.13,140.13,20721
2025-02-21 09:45:00+00:00,140.13,140.13,139.95,140.07,28610
2025-02-21 09:50:00+00:00,140.07,140.11,140.05,140.1,11316
2025-02-21 09:55:00+00:00,140.07,140.07,139.92,139.96,17596
2025-02-21 10:00:00+00:00,139.96,139.97,139.88,139.91,10205
2025-02-21 10:05:00+00:00,139.92,140.03,139.92,140.01,11242
2025-02-21 10:10:00+00:00,140.01,140.06,139.96,139.99,9906
2025-02-21 10:15:00+00:00,140.0,140.03,139.93,139.98,8428
2025-02-21 10:20:00+00:00,139.99,140.03,139.95,140.03,15754
2025-02-21 10:25:00+00:00,139.99,140.0,139.98,140.0,8868
2025-02-21 10:30:00+00:00,139.97,139.97,139.89,139.92,17146
2025-02-21 10:35:00+00:00,139.93,139.95,139.88,139.94,16037
2025-02-21 10:40:00+00:00,139.93,140.0,139.92,139.96,19684
2025-02-21 10:45:00+00:00,139.96,139.96,139.88,139.88,17989
2025-02-21 10:50:00+00:00,139.89,139.93,139.86,139.93,8772
2025-02-21 10:55:00+00:00,139.92,139.94,139.9,139.91,7053
2025-02-21 11:00:00+00:00,139.92,139.95,139.91,139.91,13436
2025-02-21 11:05:00+00:00,139.9,139.92,139.87,139.92,13938
2025-02-21 11:10:00+00:00,139.93,139.94,139.91,139.92,6978
2025-02-21 11:15:00+00:00,139.92,139.93,139.89,139.93,6825
2025-02-21 11:20:00+00:00,139.9,139.92,139.9,139.92,3828
2025-02-21 11:25:00+00:00,139.92,139.93,139.9,139.93,4925
2025-02-21 11:30:00+00:00,139.93,139.95,139.83,139.83,23225
2025-02-21 11:35:00+00:00,139.84,139.92,139.84,139.89,9053
2025-02-21 11:40:00+00:00,139.88,139.89,139.46,139.54,59317
2025-02-21 11:45:00+00:00,139.58,139.9,139.58,139.84,26144
2025-02-21 11:50:00+00:00,139.81,139.81,139.7,139.76,14140
2025-02-21 11:55:00+00:00,139.77,139.81,139.69,139.81,20737
2025-02-21 12:00:00+00:00,139.81,140.23,139.78,140.21,122508
2025-02-21 12:05:00+00:00,140.22,140.29,140.09,140.09,68185
2025-02-21 12:10:00+00:00,140.09,140.16,139.98,140.1,45829
2025-02-21 12:15:00+00:00,140.12,140.28,140.12,140.23,45801
2025-02-21 12:20:00+00:00,140.23,140.32,140.201,140.23,31735
2025-02-21 12:25:00+00:00,140.23,140.28,140.14,140.17,30812
2025-02-21 12:30:00+00:00,140.19,140.23,140.08,140.141,36857
2025-02-21 12:35:00+00:00,140.15,140.18,140.07,140.14,25648
2025-02-21 12:40:00+00:00,140.15,140.28,140.12,140.23,31819
2025-02-21 12:45:00+00:00,140.22,140.22,140.0,140.15,33141
2025-02-21 12:50:00+00:00,140.18,140.25,140.16,140.25,25888
2025-02-21 12:55:00+00:00,140.24,140.33,140.201,140.33,58059
2025-02-21 13:00:00+00:00,140.2,140.37,139.7,140.24,693290
2025-02-21 13:05:00+00:00,140.27,140.27,140.16,140.2202,57024
2025-02-21 13:10:00+00:00,140.22,140.27,140.22,140.2499,38552
2025-02-21 13:15:00+00:00,140.24,140.3499,140.24,140.29,86621
2025-02-21 13:20:00+00:00,140.29,140.37,140.23,140.33,68973
2025-02-21 13:25:00+00:00,140.34,140.42,140.29,140.4,87241
2025-02-21 13:30:00+00:00,140.4,140.78,140.37,140.7001,201481
2025-02-21 13:35:00+00:00,140.7,140.83,140.49,140.7124,151670
2025-02-21 13:40:00+00:00,140.7496,140.82,140.63,140.68,100101
2025-02-21 13:45:00+00:00,140.66,140.8799,140.66,140.85,148688
2025-02-21 13:50:00+00:00,140.84,140.85,140.6,140.67,118017
2025-02-21 13:55:00+00:00,140.68,140.7,140.5301,140.55,136928
2025-02-21 14:00:00+00:00,140.56,140.79,140.44,140.49,140816
2025-02-21 14:05:00+00:00,140.47,140.5,140.2508,140.32,197969
2025-02-21 14:10:00+00:00,140.31,140.458,140.27,140.32,167350
2025-02-21 14:15:00+00:00,140.33,140.33,140.15,140.1708,119528
2025-02-21 14:20:00+00:00,140.19,140.3,140.13,140.21,81939
2025-02-21 14:25:00+00:00,140.22,140.5,139.95,140.0,330575
2025-02-21 14:30:00+00:00,139.99,140.34,139.35,140.08,9731208
2025-02-21 14:35:00+00:00,140.085,141.46,139.98,140.53,5694024
2025-02-21 14:40:00+00:00,140.53,140.67,139.25,139.8803,3742032
2025-02-21 14:45:00+00:00,139.9,140.94,139.83,140.43,4138337
2025-02-21 14:50:00+00:00,140.41,140.58,139.85,139.955,2494602
2025-02-21 14:55:00+00:00,139.94,140.21,139.74,139.95,2047926
2025-02-21 15:00:00+00:00,139.97,140.5,139.6,140.26,2647051
2025-02-21 15:05:00+00:00,140.27,140.3421,139.78,140.24,4983655
2025-02-21 15:10:00+00:00,140.2302,140.59,139.94,140.16,2540108
2025-02-21 15:15:00+00:00,140.18,140.35,139.86,140.0099,1596803
2025-02-21 15:20:00+00:00,140.0,140.0165,139.29,139.42,2349235
2025-02-21 15:25:00+00:00,139.43,139.6798,138.95,139.23,2732529
2025-02-21 15:30:00+00:00,139.23,139.5299,138.8,139.1,3397673
2025-02-21 15:35:00+00:00,139.1,139.72,139.0,139.4999,1892366
2025-02-21 15:40:00+00:00,139.5,139.61,138.74,138.76,2522205
2025-02-21 15:45:00+00:00,138.77,139.3,138.75,139.1,1936927
2025-02-21 15:50:00+00:00,139.1,139.35,138.795,138.815,1601772
2025-02-21 15:55:00+00:00,138.8256,139.4898,138.765,139.4898,1713243
2025-02-21 16:00:00+00:00,139.48,139.7,139.105,139.166,1519453
2025-02-21 16:05:00+00:00,139.1899,139.29,138.85,138.91,1659079
2025-02-21 16:10:00+00:00,138.9,139.25,138.55,139.25,2284978
2025-02-21 16:15:00+00:00,139.25,139.47,139.04,139.23,1910690
2025-02-21 16:20:00+00:00,139.2301,139.62,139.2,139.61,1338146
2025-02-21 16:25:00+00:00,139.62,139.6288,138.96,139.1992,1604380
2025-02-21 16:30:00+00:00,139.19,139.48,139.04,139.4002,995381
2025-02-21 16:35:00+00:00,139.414,139.48,139.26,139.4699,826166
2025-02-21 16:40:00+00:00,139.46,139.49,138.94,139.03,1192845
2025-02-21 16:45:00+00:00,139.02,139.09,138.82,139.05,1243898
2025-02-21 16:50:00+00:00,139.0301,139.2,138.89,139.16,959456
2025-02-21 16:55:00+00:00,139.17,139.45,139.14,139.26,1274637
2025-02-21 17:00:00+00:00,139.26,139.6,139.19,139.575,1114483
2025-02-21 17:05:00+00:00,139.575,139.8,139.51,139.53,1450557
2025-02-21 17:10:00+00:00,139.54,139.555,139.161,139.2334,1271929
2025-02-21 17:15:00+00:00,139.24,139.25,138.74,138.8001,1811274
2025-02-21 17:20:00+00:00,138.8,138.85,138.37,138.7512,2461059
2025-02-21 17:25:00+00:00,138.76,139.04,138.73,138.9911,1223605
2025-02-21 17:30:00+00:00,139.0,139.06,138.62,138.68,1167839
2025-02-21 17:35:00+00:00,138.695,138.81,138.1001,138.21,1999251
2025-02-21 17:40:00+00:00,138.2,138.61,138.17,138.55,1474900
2025-02-21 17:45:00+00:00,138.5499,138.57,137.95,137.99,1876217
2025-02-21 17:50:00+00:00,137.9999,138.22,137.78,138.02,1993950
2025-02-21 17:55:00+00:00,138.0134,138.13,137.62,137.75,1940041
2025-02-21 18:00:00+00:00,137.75,137.78,136.66,137.01,4773542
2025-02-21 18:05:00+00:00,137.02,137.21,136.6,136.66,4488899
2025-02-21 18:10:00+00:00,136.665,136.86,136.06,136.8502,3568380
2025-02-21 18:15:00+00:00,136.855,137.315,136.855,137.0,2330935
2025-02-21 18:20:00+00:00,137.0,137.35,136.85,137.26,1924496
2025-02-21 18:25:00+00:00,137.26,137.54,137.07,137.17,2239538
2025-02-21 18:30:00+00:00,137.17,137.3191,137.0,137.2156,2666438
2025-02-21 18:35:00+00:00,137.24,138.065,137.135,137.795,3600989
2025-02-21 18:40:00+00:00,137.8,137.95,137.4,137.42,1410544
2025-02-21 18:45:00+00:00,137.425,137.67,137.23,137.28,1349978
2025-02-21 18:50:00+00:00,137.28,137.7,137.25,137.56,1230730
2025-02-21 18:55:00+00:00,137.56,137.681,137.08,137.19,1394916
2025-02-21 19:00:00+00:00,137.2,137.3056,136.67,136.715,1880483
2025-02-21 19:05:00+00:00,136.72,136.84,136.2,136.4199,2187984
2025-02-21 19:10:00+00:00,136.415,136.95,136.285,136.9495,2128620
2025-02-21 19:15:00+00:00,136.945,136.98,136.33,136.48,1719514
2025-02-21 19:20:00+00:00,136.47,136.55,136.06,136.36,1736597
2025-02-21 19:25:00+00:00,136.37,136.41,135.345,135.39,3660542
2025-02-21 19:30:00+00:00,135.385,136.26,135.33,136.0376,2611632
2025-02-21 19:35:00+00:00,136.03,136.06,134.58,135.22,4940472
2025-02-21 19:40:00+00:00,135.23,135.41,134.7702,135.08,3501994
2025-02-21 19:45:00+00:00,135.07,135.35,134.78,135.18,2103258
2025-02-21 19:50:00+00:00,135.18,135.85,135.1734,135.41,2284081
2025-02-21 19:55:00+00:00,135.4,135.52,134.88,135.1099,2065046
2025-02-21 20:00:00+00:00,135.105,135.6,135.01,135.18,2060874
2025-02-21 20:05:00+00:00,135.17,135.4,134.92,135.025,2093647
2025-02-21 20:10:00+00:00,135.025,135.5,135.01,135.195,2106483
2025-02-21 20:15:00+00:00,135.19,135.31,134.99,135.185,1986291
2025-02-21 20:20:00+00:00,135.185,135.41,135.1,135.375,1938321
2025-02-21 20:25:00+00:00,135.38,135.3899,134.99,135.1,2693948
2025-02-21 20:30:00+00:00,135.1,135.21,134.74,134.94,2595822
2025-02-21 20:35:00+00:00,134.95,135.04,134.76,134.87,2309100
2025-02-21 20:40:00+00:00,134.8699,134.95,134.03,134.58,4483639
2025-02-21 20:45:00+00:00,134.585,134.91,134.352,134.86,2789742
2025-02-21 20:50:00+00:00,134.86,135.37,134.24,134.99,4590211
2025-02-21 20:55:00+00:00,134.99,134.99,134.24,134.27,8812532
2025-02-21 21:00:00+00:00,134.27,134.57,134.13,134.39,24941270
2025-02-21 21:05:00+00:00,134.39,134.43,134.24,134.2605,339421
2025-02-21 21:10:00+00:00,134.2606,134.43,134.13,134.15,320509
2025-02-21 21:15:00+00:00,134.15,134.35,134.04,134.21,159945
2025-02-21 21:20:00+00:00,134.2482,134.34,134.1705,134.24,98687
2025-02-21 21:25:00+00:00,134.239,134.35,134.15,134.15,716639
2025-02-21 21:30:00+00:00,134.15,134.29,134.07,134.18,323117
2025-02-21 21:35:00+00:00,134.18,134.25,134.1301,134.1999,58890
2025-02-21 21:40:00+00:00,134.2,134.26,134.11,134.1701,54650
2025-02-21 21:45:00+00:00,134.19,134.19,134.08,134.11,78035
2025-02-21 21:50:00+00:00,134.11,134.16,134.05,134.09,73966
2025-02-21 21:55:00+00:00,134.1,134.26,134.09,134.2485,99725
2025-02-21 22:00:00+00:00,134.2491,134.64,134.2,134.45,184746
2025-02-21 22:05:00+00:00,134.46,134.5483,134.4,134.4502,103150
2025-02-21 22:10:00+00:00,134.4505,134.71,134.45,134.69,77571
2025-02-21 22:15:00+00:00,134.6902,135.08,134.69,135.07,179649
2025-02-21 22:20:00+00:00,134.99,135.15,134.95,135.0,163356
2025-02-21 22:25:00+00:00,135.0,135.09,134.9107,134.9107,52351
2025-02-21 22:30:00+00:00,134.96,135.1,134.85,135.0985,42129
2025-02-21 22:35:00+00:00,135.1,135.25,135.0,135.25,69574
2025-02-21 22:40:00+00:00,135.25,135.47,135.24,135.35,95845
2025-02-21 22:45:00+00:00,135.39,135.6,135.29,135.4512,132827
2025-02-21 22:50:00+00:00,135.46,135.49,135.4,135.4,43238
2025-02-21 22:55:00+00:00,135.4388,135.4388,135.26,135.3,55686
2025-02-21 23:00:00+00:00,135.3001,135.35,135.18,135.29,43238
2025-02-21 23:05:00+00:00,135.28,135.28,134.89,135.0007,87909
2025-02-21 23:10:00+00:00,135.05,135.15,135.028,135.1321,34340
2025-02-21 23:15:00+00:00,135.13,135.2487,135.0215,135.0219,37296
2025-02-21 23:20:00+00:00,135.04,135.13,135.0,135.0007,28626
2025-02-21 23:25:00+00:00,135.03,135.1,135.0,135.06,25381
2025-02-21 23:30:00+00:00,135.0401,135.09,135.0,135.0899,27605
2025-02-21 23:35:00+00:00,135.08,135.13,135.07,135.12,29101
2025-02-21 23:40:00+00:00,135.1198,135.18,135.1172,135.14,159711
2025-02-21 23:45:00+00:00,135.1402,135.15,135.0,135.01,30092
2025-02-21 23:50:00+00:00,135.01,135.09,135.0,135.06,24623
2025-02-21 23:55:00+00:00,135.09,135.18,135.01,135.01,34246
2025-02-22 00:00:00+00:00,135.03,135.06,135.0,135.0012,28750
2025-02-22 00:05:00+00:00,135.0,135.1193,135.0,135.1,50146
2025-02-22 00:10:00+00:00,135.1,135.25,134.9,134.92,67021
2025-02-22 00:15:00+00:00,134.93,134.96,134.9,134.94,26254
2025-02-22 00:20:00+00:00,134.9493,134.95,134.9,134.95,21916
2025-02-22 00:25:00+00:00,134.95,135.0495,134.9233,135.0,28889
2025-02-22 00:30:00+00:00,135.03,135.06,134.99,135.01,22323
2025-02-22 00:35:00+00:00,135.01,135.05,135.0,135.0,20841
2025-02-22 00:40:00+00:00,135.02,135.0493,135.0,135.04,26361
2025-02-22 00:45:00+00:00,135.03,135.0599,135.0,135.0299,30072
2025-02-22 00:50:00+00:00,135.02,135.04,134.98,135.0,45828
2025-02-22 00:55:00+00:00,134.99,135.04,134.86,135.0,94970
2025-02-24 09:00:00+00:00,136.06,136.5,135.65,136.26,163393
2025-02-24 09:05:00+00:00,136.26,136.33,135.77,136.15,109408
2025-02-24 09:10:00+00:00,136.15,136.16,135.79,135.89,54040
2025-02-24 09:15:00+00:00,135.88,136.01,135.88,135.96,42390
2025-02-24 09:20:00+00:00,135.96,136.24,135.9,136.15,45904
2025-02-24 09:25:00+00:00,136.17,136.25,136.07,136.15,29366
2025-02-24 09:30:00+00:00,136.15,136.23,135.96,136.04,33905
2025-02-24 09:35:00+00:00,136.03,136.15,135.96,135.99,25655
2025-02-24 09:40:00+00:00,135.97,135.97,135.6,135.65,81723
2025-02-24 09:45:00+00:00,135.69,135.8,135.67,135.72,42808
2025-02-24 09:50:00+00:00,135.73,135.74,135.61,135.66,25995
2025-02-24 09:55:00+00:00,135.67,135.78,135.67,135.78,25975
2025-02-24 10:00:00+00:00,135.79,135.83,135.71,135.76,30002
2025-02-24 10:05:00+00:00,135.76,135.77,135.66,135.66,39447
2025-02-24 10:10:00+00:00,135.66,135.74,135.55,135.74,34729
2025-02-24 10:15:00+00:00,135.74,135.74,135.61,135.68,18867
2025-02-24 10:20:00+00:00,135.67,135.67,135.4,135.46,61013
2025-02-24 10:25:00+00:00,135.48,135.5,135.4,135.42,25352
2025-02-24 10:30:00+00:00,135.43,135.6,135.4,135.6,39407
2025-02-24 10:35:00+00:00,135.62,135.74,135.57,135.72,37091
2025-02-24 10:40:00+00:00,135.71,135.72,135.63,135.68,18989
2025-02-24 10:45:00+00:00,135.68,135.76,135.65,135.73,15798
2025-02-24 10:50:00+00:00,135.74,135.78,135.68,135.71,21019
2025-02-24 10:55:00+00:00,135.74,135.74,135.68,135.74,18223
2025-02-24 11:00:00+00:00,135.74,135.78,135.51,135.75,62217
2025-02-24 11:05:00+00:00,135.8,136.2,135.79,136.14,91686
2025-02-24 11:10:00+00:00,136.11,136.28,136.06,136.1,61694
2025-02-24 11:15:00+00:00,136.1,136.1,135.84,135.98,55797
2025-02-24 11:20:00+00:00,135.97,136.18,135.96,136.18,33099
2025-02-24 11:25:00+00:00,136.18,136.25,136.15,136.25,28003
2025-02-24 11:30:00+00:00,136.25,136.25,136.17,136.22,40694
2025-02-24 11:35:00+00:00,136.2,136.25,136.02,136.06,34719
2025-02-24 11:40:00+00:00,136.07,136.08,136.01,136.04,27497
2025-02-24 11:45:00+00:00,136.03,136.04,135.95,135.95,31860
2025-02-24 11:50:00+00:00,135.95,136.08,135.95,136.03,34239
2025-02-24 11:55:00+00:00,136.04,136.21,136.0,136.19,45852
2025-02-24 12:00:00+00:00,136.16,136.19,135.73,135.91,207223
2025-02-24 12:05:00+00:00,135.91,136.02,135.87,135.99,59102
2025-02-24 12:10:00+00:00,136.0,136.07,135.66,135.81,118223
2025-02-24 12:15:00+00:00,135.83,135.9,135.77,135.8,46103
2025-02-24 12:20:00+00:00,135.84,135.875,135.56,135.57,62902
2025-02-24 12:25:00+00:00,135.57,135.88,135.57,135.84,50178
2025-02-24 12:30:00+00:00,135.84,136.18,135.82,136.05,94131
2025-02-24 12:35:00+00:00,136.08,136.19,135.93,136.189,60751
2025-02-24 12:40:00+00:00,136.19,136.3,136.05,136.11,120653
2025-02-24 12:45:00+00:00,136.12,136.25,136.02,136.04,65892
2025-02-24 12:50:00+00:00,136.05,136.28,135.95,136.12,65406
2025-02-24 12:55:00+00:00,136.1,136.38,136.1,136.331,57654
2025-02-24 13:00:00+00:00,136.0,136.65,135.21,136.6301,1368576
2025-02-24 13:05:00+00:00,136.63,136.9,136.5,136.84,274954
2025-02-24 13:10:00+00:00,136.85,136.99,136.81,136.83,238021
2025-02-24 13:15:00+00:00,136.82,136.98,136.75,136.77,154379
2025-02-24 13:20:00+00:00,136.75,136.95,136.75,136.9398,130588
2025-02-24 13:25:00+00:00,136.93,136.99,136.89,136.9801,192644
2025-02-24 13:30:00+00:00,136.98,137.1105,136.86,136.86,317450
2025-02-24 13:35:00+00:00,136.851,136.92,136.7,136.75,155861
2025-02-24 13:40:00+00:00,136.76,136.76,136.52,136.67,160219
2025-02-24 13:45:00+00:00,136.6797,136.6995,136.42,136.49,120274
2025-02-24 13:50:00+00:00,136.49,136.92,136.45,136.9101,256890
2025-02-24 13:55:00+00:00,136.92,137.19,136.87,137.09,257040
2025-02-24 14:00:00+00:00,137.08,137.11,136.8,136.82,222138
2025-02-24 14:05:00+00:00,136.8001,136.83,136.5916,136.68,197138
2025-02-24 14:10:00+00:00,136.6701,136.93,136.63,136.72,155185
2025-02-24 14:15:00+00:00,136.73,136.97,136.67,136.73,164274
2025-02-24 14:20:00+00:00,136.73,136.75,136.59,136.7092,143319
2025-02-24 14:25:00+00:00,136.7,137.0,136.55,136.83,295415
2025-02-24 14:30:00+00:00,136.83,137.88,136.56,136.875,9521113
2025-02-24 14:35:00+00:00,136.7699,137.61,136.7,137.1203,5028151
2025-02-24 14:40:00+00:00,137.14,137.58,136.87,137.34,3470988
2025-02-24 14:45:00+00:00,137.36,138.59,137.25,138.009,6648761
2025-02-24 14:50:00+00:00,138.009,138.06,135.87,136.15,6635736
2025-02-24 14:55:00+00:00,136.15,136.1699,134.56,134.68,6079837
2025-02-24 15:00:00+00:00,134.69,135.18,132.8,132.95,7705252
2025-02-24 15:05:00+00:00,132.91,133.49,131.93,133.355,7152496
2025-02-24 15:10:00+00:00,133.35,135.48,133.34,135.2512,6326406
2025-02-24 15:15:00+00:00,135.25,135.28,133.72,133.83,4044005
2025-02-24 15:20:00+00:00,133.82,134.54,133.775,134.15,2868202
2025-02-24 15:25:00+00:00,134.17,134.1801,132.7,132.93,3411503
2025-02-24 15:30:00+00:00,132.92,133.38,132.49,132.52,3430899
2025-02-24 15:35:00+00:00,132.54,133.01,131.89,132.1997,3626537
2025-02-24 15:40:00+00:00,132.19,132.77,131.82,132.005,3184058
2025-02-24 15:45:00+00:00,132.01,132.515,131.34,131.48,4068697
2025-02-24 15:50:00+00:00,131.475,131.6992,130.61,131.01,4457525
2025-02-24 15:55:00+00:00,131.015,132.12,130.88,132.0299,3127881
2025-02-24 16:00:00+00:00,132.02,132.44,131.6873,132.0539,2846936
2025-02-24 16:05:00+00:00,132.04,132.55,131.92,132.2001,2276669
2025-02-24 16:10:00+00:00,132.21,132.78,131.85,132.51,2201752
2025-02-24 16:15:00+00:00,132.52,133.3,132.45,133.221,2847079
2025-02-24 16:20:00+00:00,133.2367,133.405,132.98,133.34,2148511
2025-02-24 16:25:00+00:00,133.37,134.29,133.26,134.04,3435090
2025-02-24 16:30:00+00:00,134.04,134.39,133.9201,134.175,2417030
2025-02-24 16:35:00+00:00,134.175,134.21,133.52,133.55,2532710
2025-02-24 16:40:00+00:00,133.5403,134.38,133.49,134.3156,2624305
2025-02-24 16:45:00+00:00,134.31,134.88,134.27,134.5,2918051
2025-02-24 16:50:00+00:00,134.505,134.55,134.18,134.3467,1920081
2025-02-24 16:55:00+00:00,134.35,134.45,133.99,134.24,1784701
2025-02-24 17:00:00+00:00,134.235,134.94,134.08,134.8324,2063552
2025-02-24 17:05:00+00:00,134.83,134.99,134.41,134.735,2577489
2025-02-24 17:10:00+00:00,134.7399,134.99,133.99,134.235,2086476
2025-02-24 17:15:00+00:00,134.23,135.0,134.22,134.91,1628339
2025-02-24 17:20:00+00:00,134.915,134.96,134.47,134.59,2349757
2025-02-24 17:25:00+00:00,134.58,134.98,134.39,134.6,1569269
2025-02-24 17:30:00+00:00,134.6,134.62,134.19,134.42,1213701
2025-02-24 17:35:00+00:00,134.42,134.64,134.285,134.54,1050319
2025-02-24 17:40:00+00:00,134.52,134.85,134.42,134.53,2062320
2025-02-24 17:45:00+00:00,134.53,134.74,134.26,134.61,1187016
2025-02-24 17:50:00+00:00,134.62,134.72,134.38,134.565,1055772
2025-02-24 17:55:00+00:00,134.56,134.63,134.3,134.45,1194794
2025-02-24 18:00:00+00:00,134.46,134.57,134.28,134.39,978629
2025-02-24 18:05:00+00:00,134.39,134.48,134.2,134.34,989301
2025-02-24 18:10:00+00:00,134.35,134.55,134.28,134.52,698580
2025-02-24 18:15:00+00:00,134.51,134.89,134.465,134.611,1322007
2025-02-24 18:20:00+00:00,134.625,134.67,134.3701,134.515,862334
2025-02-24 18:25:00+00:00,134.52,134.69,134.47,134.62,779659
2025-02-24 18:30:00+00:00,134.62,134.77,134.49,134.58,916318
2025-02-24 18:35:00+00:00,134.57,134.72,134.4622,134.685,685957
2025-02-24 18:40:00+00:00,134.685,134.86,134.61,134.69,959725
2025-02-24 18:45:00+00:00,134.7,134.875,134.61,134.72,881239
2025-02-24 18:50:00+00:00,134.7101,134.795,134.36,134.499,1360233
2025-02-24 18:55:00+00:00,134.49,134.54,133.94,134.07,1405969
2025-02-24 19:00:00+00:00,134.05,134.29,134.03,134.2201,1041501
2025-02-24 19:05:00+00:00,134.22,134.275,133.5,133.61,1847286
2025-02-24 19:10:00+00:00,133.6,133.63,133.13,133.5099,1885920
2025-02-24 19:15:00+00:00,133.5,133.6098,132.88,132.9425,1689651
2025-02-24 19:20:00+00:00,132.94,133.05,132.76,132.86,1382882
2025-02-24 19:25:00+00:00,132.85,133.06,132.66,132.72,1461247
2025-02-24 19:30:00+00:00,132.7101,133.15,132.665,133.072,1512881
2025-02-24 19:35:00+00:00,133.07,133.14,132.93,133.03,946618
2025-02-24 19:40:00+00:00,133.04,133.08,132.58,132.83,1540482
2025-02-24 19:45:00+00:00,132.84,132.88,132.626,132.72,980770
2025-02-24 19:50:00+00:00,132.725,132.85,132.55,132.625,1177030
2025-02-24 19:55:00+00:00,132.625,132.72,132.46,132.615,1250654
2025-02-24 20:00:00+00:00,132.63,132.685,131.92,132.085,2244987
2025-02-24 20:05:00+00:00,132.085,132.39,131.98,132.306,1586872
2025-02-24 20:10:00+00:00,132.305,132.72,132.23,132.615,1843207
2025-02-24 20:15:00+00:00,132.615,132.925,132.38,132.55,1901172
2025-02-24 20:20:00+00:00,132.56,132.79,132.37,132.4673,1503871
2025-02-24 20:25:00+00:00,132.4529,132.72,132.37,132.57,1705096
2025-02-24 20:30:00+00:00,132.58,133.08,132.56,132.94,1868968
2025-02-24 20:35:00+00:00,132.94,132.96,132.4401,132.45,1459939
2025-02-24 20:40:00+00:00,132.45,132.525,131.695,131.9601,2279500
2025-02-24 20:45:00+00:00,131.9501,132.06,131.63,131.76,2974406
2025-02-24 20:50:00+00:00,131.76,131.81,130.77,130.9033,4727294
2025-02-24 20:55:00+00:00,130.9,131.15,130.08,130.09,10565641
2025-02-24 21:00:00+00:00,130.09,130.5,130.05,130.3391,20056700
2025-02-24 21:05:00+00:00,130.3393,130.4,130.1617,130.2,349448
2025-02-24 21:10:00+00:00,130.2,130.69,130.1707,130.5899,269639
2025-02-24 21:15:00+00:00,130.5899,130.5899,130.34,130.35,128214
2025-02-24 21:20:00+00:00,130.33,130.6,130.33,130.361,13149212
2025-02-24 21:25:00+00:00,130.37,130.5,130.28,130.45,3368680
2025-02-24 21:30:00+00:00,130.45,130.5891,130.41,130.57,93783
2025-02-24 21:35:00+00:00,130.55,130.59,130.4,130.4701,110819
2025-02-24 21:40:00+00:00,130.49,130.49,130.3601,130.44,70429
2025-02-24 21:45:00+00:00,130.46,130.59,130.42,130.56,73561
2025-02-24 21:50:00+00:00,130.5795,130.93,130.56,130.8299,156889
2025-02-24 21:55:00+00:00,130.8293,131.1,130.81,130.95,165831
2025-02-24 22:00:00+00:00,130.9585,131.0,130.81,130.8991,71361
2025-02-24 22:05:00+00:00,130.86,130.95,130.28,130.9399,72186
2025-02-24 22:10:00+00:00,130.94,130.94,130.81,130.8115,69039
2025-02-24 22:15:00+00:00,130.85,130.9,130.75,130.75,46641
2025-02-24 22:20:00+00:00,130.75,130.7999,130.6,130.6,50627
2025-02-24 22:25:00+00:00,130.65,130.75,130.54,130.65,46921
2025-02-24 22:30:00+00:00,130.5998,130.65,130.5,130.55,40412
2025-02-24 22:35:00+00:00,130.55,130.6599,130.52,130.6599,25206
2025-02-24 22:40:00+00:00,130.6501,130.72,130.6501,130.7199,41764
2025-02-24 22:45:00+00:00,130.7,130.77,130.65,130.77,33766
2025-02-24 22:50:00+00:00,130.75,130.8,130.72,130.77,21614
2025-02-24 22:55:00+00:00,130.75,130.8,130.75,130.77,24849
2025-02-24 23:00:00+00:00,130.78,130.9693,130.75,130.7501,48262
2025-02-24 23:05:00+00:00,130.75,130.8395,130.7065,130.73,21917
2025-02-24 23:10:00+00:00,130.73,130.75,130.5,130.59,57290
2025-02-24 23:15:00+00:00,130.59,130.6,130.5,130.5727,45434
2025-02-24 23:20:00+00:00,130.57,130.6,130.5,130.5012,41638
2025-02-24 23:25:00+00:00,130.5007,130.57,130.5007,130.57,28669
2025-02-24 23:30:00+00:00,130.55,130.65,130.38,130.4,60524
2025-02-24 23:35:00+00:00,130.3999,130.5472,130.38,130.5472,39256
2025-02-24 23:40:00+00:00,130.46,130.49,130.3893,130.3899,33754
2025-02-24 23:45:00+00:00,130.39,130.3996,130.2804,130.3,67103
2025-02-24 23:50:00+00:00,130.28,130.29,130.06,130.0701,97934
2025-02-24 23:55:00+00:00,130.09,130.1401,130.0,130.1199,129149
2025-02-25 00:00:00+00:00,130.11,130.34,130.11,130.32,62699
2025-02-25 00:05:00+00:00,130.29,130.38,130.22,130.36,58151
2025-02-25 00:10:00+00:00,130.31,130.49,130.3001,130.49,43456
2025-02-25 00:15:00+00:00,130.47,130.6399,130.47,130.55,52321
2025-02-25 00:20:00+00:00,130.55,130.59,130.5,130.5201,33874
2025-02-25 00:25:00+00:00,130.54,130.8,130.5,130.65,81319
2025-02-25 00:30:00+00:00,130.64,130.79,130.64,130.71,44706
2025-02-25 00:35:00+00:00,130.7,130.7001,130.62,130.6549,23658
2025-02-25 00:40:00+00:00,130.6507,130.8,130.6507,130.78,56701
2025-02-25 00:45:00+00:00,130.7883,130.88,130.7134,130.8612,69703
2025-02-25 00:50:00+00:00,130.88,131.08,130.74,130.93,140142
2025-02-25 00:55:00+00:00,130.96,131.0,130.8801,130.9495,107855
2025-02-25 09:00:00+00:00,128.4,134.0,128.2,129.1,252987
2025-02-25 09:05:00+00:00,129.11,129.16,128.81,128.99,85460
2025-02-25 09:10:00+00:00,129.0,129.35,128.94,129.29,87698
2025-02-25 09:15:00+00:00,129.27,129.61,129.13,129.53,79617
2025-02-25 09:20:00+00:00,129.56,129.57,129.08,129.08,59230
2025-02-25 09:25:00+00:00,129.11,129.16,129.0,129.1,53203
2025-02-25 09:30:00+00:00,129.13,129.47,129.1,129.4,26763
2025-02-25 09:35:00+00:00,129.4,129.4,129.08,129.11,30133
2025-02-25 09:40:00+00:00,129.1,129.13,128.82,128.88,52940
2025-02-25 09:45:00+00:00,128.86,128.98,128.82,128.82,47942
2025-02-25 09:50:00+00:00,128.82,128.95,128.61,128.9,57719
2025-02-25 09:55:00+00:00,128.87,128.93,128.75,128.79,43239
2025-02-25 10:00:00+00:00,128.79,129.1,128.79,129.01,43387
2025-02-25 10:05:00+00:00,129.01,129.04,128.63,128.72,53314
2025-02-25 10:10:00+00:00,128.71,128.76,128.56,128.63,41161
2025-02-25 10:15:00+00:00,128.63,128.76,128.6,128.67,26561
2025-02-25 10:20:00+00:00,128.66,128.68,128.44,128.46,59346
2025-02-25 10:25:00+00:00,128.42,128.44,128.25,128.3,74464
2025-02-25 10:30:00+00:00,128.31,128.43,128.17,128.25,54976
2025-02-25 10:35:00+00:00,128.25,128.3,128.07,128.1,77102
2025-02-25 10:40:00+00:00,128.09,128.1,127.46,127.65,199028
2025-02-25 10:45:00+00:00,127.65,127.91,127.59,127.83,94226
2025-02-25 10:50:00+00:00,127.81,128.09,127.6,128.09,101383
2025-02-25 10:55:00+00:00,128.08,128.2,127.94,128.02,61694
2025-02-25 11:00:00+00:00,128.03,128.31,128.03,128.31,64406
2025-02-25 11:05:00+00:00,128.31,128.31,128.03,128.11,47130
2025-02-25 11:10:00+00:00,128.1,128.25,128.01,128.25,37734
2025-02-25 11:15:00+00:00,128.25,128.8,128.25,128.58,112355
2025-02-25 11:20:00+00:00,128.55,128.72,128.54,128.58,73999
2025-02-25 11:25:00+00:00,128.6,128.85,128.55,128.85,62680
2025-02-25 11:30:00+00:00,128.82,128.89,128.71,128.73,42501
2025-02-25 11:35:00+00:00,128.73,129.0,128.73,128.8,49420
2025-02-25 11:40:00+00:00,128.79,129.36,128.79,129.34,55091
2025-02-25 11:45:00+00:00,129.34,129.35,129.07,129.15,68351
2025-02-25 11:50:00+00:00,129.12,129.2,129.05,129.06,39827
2025-02-25 11:55:00+00:00,129.06,129.43,129.06,129.29,58097
2025-02-25 12:00:00+00:00,129.28,129.48,129.22,129.3,178980
2025-02-25 12:05:00+00:00,129.291,129.45,129.25,129.25,132587
2025-02-25 12:10:00+00:00,129.25,129.35,129.25,129.25,85887
2025-02-25 12:15:00+00:00,129.27,129.4,129.25,129.36,63120
2025-02-25 12:20:00+00:00,129.33,129.37,129.25,129.3,68673
2025-02-25 12:25:00+00:00,129.34,129.47,129.25,129.33,81655
2025-02-25 12:30:00+00:00,129.3,129.35,129.25,129.35,101947
2025-02-25 12:35:00+00:00,129.32,129.41,129.2,129.32,75725
2025-02-25 12:40:00+00:00,129.33,129.44,129.25,129.36,118023
2025-02-25 12:45:00+00:00,129.36,129.36,128.94,129.07,140732
2025-02-25 12:50:00+00:00,129.07,129.44,128.92,129.42,94530
2025-02-25 12:55:00+00:00,129.42,130.54,129.38,130.52,287296
2025-02-25 13:00:00+00:00,129.26,131.15,127.06,130.51,3041055
2025-02-25 13:05:00+00:00,130.5,131.0,130.26,131.0,364371
2025-02-25 13:10:00+00:00,130.9999,131.2,130.76,130.96,334025
2025-02-25 13:15:00+00:00,130.91,131.08,130.62,131.03,234519
2025-02-25 13:20:00+00:00,131.0301,131.83,130.95,131.42,461737
2025-02-25 13:25:00+00:00,131.395,131.84,131.34,131.84,216395
2025-02-25 13:30:00+00:00,131.85,131.96,131.15,131.2,400057
2025-02-25 13:35:00+00:00,131.1901,131.26,130.86,130.8701,313279
2025-02-25 13:40:00+00:00,130.89,131.25,130.76,130.82,305484
2025-02-25 13:45:00+00:00,130.8,130.97,130.2,130.36,496502
2025-02-25 13:50:00+00:00,130.36,130.76,130.29,130.62,193684
2025-02-25 13:55:00+00:00,130.6103,130.73,130.34,130.53,125872
2025-02-25 14:00:00+00:00,130.53,130.56,129.9,130.05,300806
2025-02-25 14:05:00+00:00,130.0101,130.03,129.59,129.6,290186
2025-02-25 14:10:00+00:00,129.6,130.02,129.5,129.91,334622
2025-02-25 14:15:00+00:00,129.93,129.99,129.75,129.8999,185899
2025-02-25 14:20:00+00:00,129.89,130.11,129.8898,129.9699,170621
2025-02-25 14:25:00+00:00,129.94,130.05,129.54,129.98,331878
2025-02-25 14:30:00+00:00,129.98,130.2,128.02,128.58,10147388
2025-02-25 14:35:00+00:00,128.63,129.96,128.5624,129.64,5600761
2025-02-25 14:40:00+00:00,129.655,129.7,128.6,128.77,4021947
2025-02-25 14:45:00+00:00,128.7625,129.17,127.16,127.45,6362742
2025-02-25 14:50:00+00:00,127.5,127.7136,125.94,126.87,9294075
2025-02-25 14:55:00+00:00,126.8639,127.85,126.8639,127.595,5148558
2025-02-25 15:00:00+00:00,127.5899,127.6499,126.29,126.57,4881324
2025-02-25 15:05:00+00:00,126.57,127.64,126.545,127.345,4083773
2025-02-25 15:10:00+00:00,127.34,127.6,125.71,125.88,4886463
2025-02-25 15:15:00+00:00,125.9174,126.48,125.01,125.06,6241253
2025-02-25 15:20:00+00:00,125.11,125.9462,124.5,124.6928,8111146
2025-02-25 15:25:00+00:00,124.7,125.86,124.44,125.34,4578760
2025-02-25 15:30:00+00:00,125.35,125.98,125.05,125.8901,4177326
2025-02-25 15:35:00+00:00,125.95,126.99,125.77,126.89,5214491
2025-02-25 15:40:00+00:00,126.8946,127.01,125.93,126.6406,4063631
2025-02-25 15:45:00+00:00,126.64,126.93,126.36,126.6793,3129261
2025-02-25 15:50:00+00:00,126.675,127.34,126.51,127.01,3429746
2025-02-25 15:55:00+00:00,127.02,127.19,126.4,126.545,2887693
2025-02-25 16:00:00+00:00,126.555,126.595,125.62,126.02,3742413
2025-02-25 16:05:00+00:00,126.03,126.4,125.42,126.25,3329746
2025-02-25 16:10:00+00:00,126.25,126.73,126.165,126.38,1857039
2025-02-25 16:15:00+00:00,126.366,126.725,125.98,126.62,1949637
2025-02-25 16:20:00+00:00,126.63,127.1,126.38,126.54,2769021
2025-02-25 16:25:00+00:00,126.57,126.78,126.14,126.19,2002437
2025-02-25 16:30:00+00:00,126.2,126.6,125.75,126.5204,2721507
2025-02-25 16:35:00+00:00,126.52,126.94,126.26,126.75,2340276
2025-02-25 16:40:00+00:00,126.745,126.89,126.53,126.62,1807593
2025-02-25 16:45:00+00:00,126.625,127.32,126.6,127.205,2385813
2025-02-25 16:50:00+00:00,127.2,127.43,127.03,127.4163,2088613
2025-02-25 16:55:00+00:00,127.42,128.17,127.16,127.875,3220584
2025-02-25 17:00:00+00:00,127.87,128.04,127.64,127.745,2196129
2025-02-25 17:05:00+00:00,127.74,128.01,127.524,127.635,1859200
2025-02-25 17:10:00+00:00,127.635,128.05,127.62,127.89,1555395
2025-02-25 17:15:00+00:00,127.88,128.0999,127.51,127.618,1392586
2025-02-25 17:20:00+00:00,127.61,127.96,127.18,127.93,2437548
2025-02-25 17:25:00+00:00,127.94,128.54,127.7916,128.525,2592120
2025-02-25 17:30:00+00:00,128.525,128.86,128.31,128.785,3139561
2025-02-25 17:35:00+00:00,128.79,129.48,128.715,129.11,3632954
2025-02-25 17:40:00+00:00,129.11,129.59,128.88,128.91,2635473
2025-02-25 17:45:00+00:00,128.9016,129.07,128.67,128.9799,1806591
2025-02-25 17:50:00+00:00,128.9701,129.14,128.78,128.9199,1540383
2025-02-25 17:55:00+00:00,128.925,129.34,128.79,129.23,1478261
2025-02-25 18:00:00+00:00,129.24,129.7088,129.105,129.43,2333185
2025-02-25 18:05:00+00:00,129.425,129.89,129.23,129.605,2011715
2025-02-25 18:10:00+00:00,129.605,129.85,129.49,129.55,1488438
2025-02-25 18:15:00+00:00,129.55,129.684,128.7705,128.789,2463590
2025-02-25 18:20:00+00:00,128.7889,129.32,128.785,129.175,1691227
2025-02-25 18:25:00+00:00,129.165,129.26,128.3201,128.38,2012765
2025-02-25 18:30:00+00:00,128.38,128.42,127.82,127.9808,2569981
2025-02-25 18:35:00+00:00,128.0,128.79,127.85,128.74,2355029
2025-02-25 18:40:00+00:00,128.73,129.0,128.53,128.7901,1545265
2025-02-25 18:45:00+00:00,128.81,128.97,128.635,128.675,1186269
2025-02-25 18:50:00+00:00,128.675,128.72,128.12,128.15,1704929
2025-02-25 18:55:00+00:00,128.1495,128.26,127.88,128.062,1670047
2025-02-25 19:00:00+00:00,128.06,128.175,127.685,127.9918,1577311
2025-02-25 19:05:00+00:00,127.99,128.43,127.8702,128.4099,2099414
2025-02-25 19:10:00+00:00,128.4,128.42,127.61,127.645,1660153
2025-02-25 19:15:00+00:00,127.6454,127.85,127.28,127.625,2236588
2025-02-25 19:20:00+00:00,127.62,127.62,127.0435,127.29,2661543
2025-02-25 19:25:00+00:00,127.3,127.45,127.04,127.27,1568909
2025-02-25 19:30:00+00:00,127.26,127.85,127.18,127.805,1968606
2025-02-25 19:35:00+00:00,127.8,127.98,127.3546,127.9714,1691796
2025-02-25 19:40:00+00:00,127.9758,128.0792,127.79,127.81,1741876
2025-02-25 19:45:00+00:00,127.81,128.0,127.32,128.0,1890401
2025-02-25 19:50:00+00:00,127.995,128.03,127.8,127.82,1102211
2025-02-25 19:55:00+00:00,127.83,128.01,127.75,127.84,1337256
2025-02-25 20:00:00+00:00,127.845,128.3,127.75,128.185,1858819
2025-02-25 20:05:00+00:00,128.2,128.53,128.11,128.4287,1941789
2025-02-25 20:10:00+00:00,128.43,128.51,128.07,128.49,1666831
2025-02-25 20:15:00+00:00,128.5,128.855,128.38,128.76,2255129
2025-02-25 20:20:00+00:00,128.755,129.38,128.46,129.33,3173397
2025-02-25 20:25:00+00:00,129.32,129.36,128.685,128.815,2571741
2025-02-25 20:30:00+00:00,128.82,128.88,128.23,128.405,4373813
2025-02-25 20:35:00+00:00,128.41,128.6291,127.68,127.81,2584827
2025-02-25 20:40:00+00:00,127.81,128.29,127.71,127.86,2410177
2025-02-25 20:45:00+00:00,127.86,128.06,127.14,127.51,3356420
2025-02-25 20:50:00+00:00,127.5,127.538,126.55,126.6438,4035589
2025-02-25 20:55:00+00:00,126.64,127.04,126.16,126.61,8579404
2025-02-25 21:00:00+00:00,126.62,126.85,126.46,126.81,18717209
2025-02-25 21:05:00+00:00,126.8003,128.0,126.63,126.95,372615
2025-02-25 21:10:00+00:00,126.93,126.97,126.75,126.78,121909
2025-02-25 21:15:00+00:00,126.78,127.0,126.68,126.94,205311
2025-02-25 21:20:00+00:00,126.94,127.0,126.63,126.89,134551
2025-02-25 21:25:00+00:00,126.91,127.38,126.91,127.21,198893
2025-02-25 21:30:00+00:00,127.2499,127.25,127.03,127.18,128545
2025-02-25 21:35:00+00:00,127.15,127.17,127.07,127.08,64267
2025-02-25 21:40:00+00:00,127.08,127.37,126.63,127.37,649689
2025-02-25 21:45:00+00:00,127.32,127.5,127.17,127.26,192122
2025-02-25 21:50:00+00:00,127.3088,127.7,127.29,127.6,167385
2025-02-25 21:55:00+00:00,127.6,127.6,127.37,127.46,106663
2025-02-25 22:00:00+00:00,127.46,127.64,127.41,127.52,93547
2025-02-25 22:05:00+00:00,127.55,127.62,127.45,127.5,67921
2025-02-25 22:10:00+00:00,127.49,127.57,127.3,127.5,71535
2025-02-25 22:15:00+00:00,127.5,127.51,127.34,127.4195,45186
2025-02-25 22:20:00+00:00,127.42,127.5,127.35,127.41,83440
2025-02-25 22:25:00+00:00,127.46,127.49,127.4,127.44,40925
2025-02-25 22:30:00+00:00,127.41,127.51,127.3215,127.49,64894
2025-02-25 22:35:00+00:00,127.5,127.56,127.46,127.52,47422
2025-02-25 22:40:00+00:00,127.5,127.53,127.28,127.4301,44324
2025-02-25 22:45:00+00:00,127.46,127.51,127.42,127.5,47572
2025-02-25 22:50:00+00:00,127.5,127.56,127.48,127.5301,38249
2025-02-25 22:55:00+00:00,127.54,127.65,127.53,127.59,49384
2025-02-25 23:00:00+00:00,127.62,127.75,127.6,127.6496,63741
2025-02-25 23:05:00+00:00,127.6301,127.75,127.6107,127.75,43005
2025-02-25 23:10:00+00:00,127.7001,127.75,127.65,127.66,59196
2025-02-25 23:15:00+00:00,127.67,127.7,127.65,127.68,70523
2025-02-25 23:20:00+00:00,127.67,127.68,127.65,127.66,30393
2025-02-25 23:25:00+00:00,127.6602,127.68,127.58,127.6099,47899
2025-02-25 23:30:00+00:00,127.591,127.63,127.5204,127.53,32398
2025-02-25 23:35:00+00:00,127.56,127.6732,127.55,127.6585,32658
2025-02-25 23:40:00+00:00,127.612,127.85,127.6006,127.84,34161
2025-02-25 23:45:00+00:00,127.8395,127.95,127.76,127.83,68870
2025-02-25 23:50:00+00:00,127.82,127.9499,127.8101,127.9,55012
2025-02-25 23:55:00+00:00,127.9001,128.24,127.9,128.16,99559
2025-02-26 00:00:00+00:00,128.1698,128.3,128.0933,128.21,61846
2025-02-26 00:05:00+00:00,128.23,128.24,128.0,128.0,54334
2025-02-26 00:10:00+00:00,128.03,128.07,127.93,128.02,42135
2025-02-26 00:15:00+00:00,128.02,128.34,128.01,128.2699,118454
2025-02-26 00:20:00+00:00,128.2699,128.3,128.23,128.2501,66864
2025-02-26 00:25:00+00:00,128.25,128.26,128.05,128.2,56193
2025-02-26 00:30:00+00:00,128.24,128.27,128.06,128.07,37875
2025-02-26 00:35:00+00:00,128.0501,128.09,127.9507,128.04,42212
2025-02-26 00:40:00+00:00,128.04,128.08,127.95,127.97,49083
2025-02-26 00:45:00+00:00,127.95,128.75,127.95,128.42,175968
2025-02-26 00:50:00+00:00,128.4001,128.82,128.39,128.6801,96513
2025-02-26 00:55:00+00:00,128.69,128.7001,128.4106,128.4998,113292
2025-02-26 09:00:00+00:00,129.4,129.9,128.72,129.85,147481
2025-02-26 09:05:00+00:00,129.87,130.0,129.77,129.95,98451
2025-02-26 09:10:00+00:00,129.94,130.44,129.91,130.3,142313
2025-02-26 09:15:00+00:00,130.32,130.5,130.22,130.43,119794
2025-02-26 09:20:00+00:00,130.42,130.42,130.17,130.17,81976
2025-02-26 09:25:00+00:00,130.17,130.18,129.92,130.09,112186
2025-02-26 09:30:00+00:00,130.1,130.12,129.75,129.85,82420
2025-02-26 09:35:00+00:00,129.83,130.09,129.82,130.01,62757
2025-02-26 09:40:00+00:00,130.04,130.05,129.54,129.75,69340
2025-02-26 09:45:00+00:00,129.76,129.85,129.59,129.69,45285
2025-02-26 09:50:00+00:00,129.71,129.73,129.51,129.51,36090
2025-02-26 09:55:00+00:00,129.51,129.6,129.32,129.6,67020
2025-02-26 10:00:00+00:00,129.66,129.9,129.65,129.89,37119
2025-02-26 10:05:00+00:00,129.89,130.03,129.85,129.93,60632
2025-02-26 10:10:00+00:00,129.93,129.93,129.72,129.86,26599
2025-02-26 10:15:00+00:00,129.83,129.84,129.73,129.76,31181
2025-02-26 10:20:00+00:00,129.74,129.97,129.69,129.95,31952
2025-02-26 10:25:00+00:00,129.97,129.97,129.83,129.87,13399
2025-02-26 10:30:00+00:00,129.87,129.89,129.74,129.89,29257
2025-02-26 10:35:00+00:00,129.89,129.97,129.86,129.93,30013
2025-02-26 10:40:00+00:00,129.95,129.98,129.86,129.93,23156
2025-02-26 10:45:00+00:00,129.92,129.95,129.85,129.95,18086
2025-02-26 10:50:00+00:00,129.95,129.99,129.88,129.9,17690
2025-02-26 10:55:00+00:00,129.87,129.98,129.87,129.97,18270
2025-02-26 11:00:00+00:00,129.98,129.98,129.87,129.87,41689
2025-02-26 11:05:00+00:00,129.9,129.91,129.74,129.82,21999
2025-02-26 11:10:00+00:00,129.82,129.88,129.78,129.86,18471
2025-02-26 11:15:00+00:00,129.85,129.86,129.7,129.7,27278
2025-02-26 11:20:00+00:00,129.72,129.76,129.61,129.7,27683
2025-02-26 11:25:00+00:00,129.71,129.73,129.53,129.65,32518
2025-02-26 11:30:00+00:00,129.65,129.73,129.64,129.65,15914
2025-02-26 11:35:00+00:00,129.66,129.76,129.66,129.76,20398
2025-02-26 11:40:00+00:00,129.76,129.79,129.64,129.65,25656
2025-02-26 11:45:00+00:00,129.67,129.68,129.45,129.5,42343
2025-02-26 11:50:00+00:00,129.49,129.53,129.02,129.28,113971
2025-02-26 11:55:00+00:00,129.3,129.57,129.29,129.5,74796
2025-02-26 12:00:00+00:00,129.5,129.65,129.02,129.2,185678
2025-02-26 12:05:00+00:00,129.27,129.63,129.27,129.5,88296
2025-02-26 12:10:00+00:00,129.55,129.78,129.44,129.68,93080
2025-02-26 12:15:00+00:00,129.68,129.78,129.6,129.65,48420
2025-02-26 12:20:00+00:00,129.65,129.92,129.65,129.819,87222
2025-02-26 12:25:00+00:00,129.809,129.98,129.78,129.869,119602
2025-02-26 12:30:00+00:00,129.85,130.0,129.84,129.95,92866
2025-02-26 12:35:00+00:00,129.98,129.99,129.86,129.91,54822
2025-02-26 12:40:00+00:00,129.92,129.92,129.71,129.85,133986
2025-02-26 12:45:00+00:00,129.81,129.95,129.53,129.53,104125
2025-02-26 12:50:00+00:00,129.58,129.77,129.45,129.69,113679
2025-02-26 12:55:00+00:00,129.699,129.98,129.58,129.96,73998
2025-02-26 13:00:00+00:00,129.44,130.4852,128.83,129.58,1539013
2025-02-26 13:05:00+00:00,129.6,129.73,129.45,129.51,146205
2025-02-26 13:10:00+00:00,129.52,129.75,129.43,129.7299,97073
2025-02-26 13:15:00+00:00,129.73,129.84,129.64,129.8392,118303
2025-02-26 13:20:00+00:00,129.8397,130.31,129.81,130.31,380466
2025-02-26 13:25:00+00:00,130.31,130.44,130.23,130.31,380424
2025-02-26 13:30:00+00:00,130.32,130.32,130.05,130.1907,281698
2025-02-26 13:35:00+00:00,130.19,130.24,129.97,130.1,232713
2025-02-26 13:40:00+00:00,130.1,130.11,129.96,130.08,286844
2025-02-26 13:45:00+00:00,130.08,130.09,129.92,129.95,170715
2025-02-26 13:50:00+00:00,129.95,130.02,129.79,129.85,176065
2025-02-26 13:55:00+00:00,129.84,129.85,129.601,129.82,186590
2025-02-26 14:00:00+00:00,129.8,130.0501,129.72,130.0501,175625
2025-02-26 14:05:00+00:00,130.08,130.089,129.9007,129.9401,160138
2025-02-26 14:10:00+00:00,129.94,129.9513,129.29,129.31,371646
2025-02-26 14:15:00+00:00,129.29,129.7,129.2799,129.62,224584
2025-02-26 14:20:00+00:00,129.62,129.7,129.3,129.35,194483
2025-02-26 14:25:00+00:00,129.37,130.1,129.37,129.95,393706
2025-02-26 14:30:00+00:00,129.95,131.6,129.1101,129.3179,11226219
2025-02-26 14:35:00+00:00,129.305,131.15,129.05,130.77,6371375
2025-02-26 14:40:00+00:00,130.76,130.9456,130.0201,130.27,3980684
2025-02-26 14:45:00+00:00,130.28,130.99,129.66,130.91,4314497
2025-02-26 14:50:00+00:00,130.93,131.475,130.55,131.4601,4107234
2025-02-26 14:55:00+00:00,131.465,131.6098,130.6,130.8366,4035780
2025-02-26 15:00:00+00:00,130.84,131.03,130.16,130.6301,3538734
2025-02-26 15:05:00+00:00,130.62,130.73,129.73,130.6329,3503970
2025-02-26 15:10:00+00:00,130.6294,131.1,130.41,130.88,3147105
2025-02-26 15:15:00+00:00,130.89,131.37,130.65,131.325,2882610
2025-02-26 15:20:00+00:00,131.32,131.335,130.52,130.83,2743214
2025-02-26 15:25:00+00:00,130.84,131.11,130.345,130.45,2655767
2025-02-26 15:30:00+00:00,130.47,130.98,130.45,130.73,1991535
2025-02-26 15:35:00+00:00,130.735,131.43,130.7,131.16,2901384
2025-02-26 15:40:00+00:00,131.18,132.15,131.155,132.03,4741693
2025-02-26 15:45:00+00:00,132.02,132.0999,131.56,131.63,2361906
2025-02-26 15:50:00+00:00,131.61,132.08,131.24,131.769,3035700
2025-02-26 15:55:00+00:00,131.77,132.17,131.61,132.1,2515550
2025-02-26 16:00:00+00:00,132.11,132.91,132.01,132.8,3781829
2025-02-26 16:05:00+00:00,132.805,133.37,132.76,133.215,4145718
2025-02-26 16:10:00+00:00,133.2189,133.73,133.2189,133.405,4545178
2025-02-26 16:15:00+00:00,133.405,133.49,132.54,132.815,4191691
2025-02-26 16:20:00+00:00,132.82,132.89,132.28,132.5,2730883
2025-02-26 16:25:00+00:00,132.505,132.63,132.17,132.415,2354057
2025-02-26 16:30:00+00:00,132.415,132.5,132.04,132.22,2320993
2025-02-26 16:35:00+00:00,132.24,132.61,132.085,132.57,2504156
2025-02-26 16:40:00+00:00,132.565,132.6973,132.165,132.64,2899242
2025-02-26 16:45:00+00:00,132.635,132.73,132.24,132.4324,1798996
2025-02-26 16:50:00+00:00,132.4398,133.0,132.35,132.919,2570823
2025-02-26 16:55:00+00:00,132.92,132.93,131.9,132.095,2636396
2025-02-26 17:00:00+00:00,132.11,132.39,131.72,132.39,2158375
2025-02-26 17:05:00+00:00,132.39,132.77,132.06,132.5,1777009
2025-02-26 17:10:00+00:00,132.5,132.67,132.34,132.495,1248175
2025-02-26 17:15:00+00:00,132.495,132.75,132.25,132.585,1481214
2025-02-26 17:20:00+00:00,132.585,132.74,132.38,132.665,1504509
2025-02-26 17:25:00+00:00,132.67,132.67,132.27,132.5568,1568254
2025-02-26 17:30:00+00:00,132.57,132.74,132.31,132.64,1569803
2025-02-26 17:35:00+00:00,132.64,132.68,132.3,132.445,1638200
2025-02-26 17:40:00+00:00,132.44,132.49,132.1,132.385,1886812
2025-02-26 17:45:00+00:00,132.39,132.475,132.11,132.205,1590497
2025-02-26 17:50:00+00:00,132.205,132.3,131.68,132.0,2244160
2025-02-26 17:55:00+00:00,132.0,132.22,131.48,131.6701,2575641
2025-02-26 18:00:00+00:00,131.68,131.84,131.17,131.425,2303948
2025-02-26 18:05:00+00:00,131.43,131.54,130.85,131.2501,2455774
2025-02-26 18:10:00+00:00,131.26,131.52,131.0299,131.38,1868535
2025-02-26 18:15:00+00:00,131.3876,131.39,130.89,131.2101,2069008
2025-02-26 18:20:00+00:00,131.215,131.73,131.1,131.62,2145182
2025-02-26 18:25:00+00:00,131.615,131.64,130.35,130.3752,2603801
2025-02-26 18:30:00+00:00,130.36,131.12,130.33,130.96,2499302
2025-02-26 18:35:00+00:00,130.96,131.02,130.28,130.3,2055346
2025-02-26 18:40:00+00:00,130.3,130.4199,129.77,130.27,3941235
2025-02-26 18:45:00+00:00,130.275,130.45,129.905,129.94,3183549
2025-02-26 18:50:00+00:00,129.93,130.0599,129.51,129.675,2508901
2025-02-26 18:55:00+00:00,129.7,129.86,129.03,129.42,3331450
2025-02-26 19:00:00+00:00,129.42,129.97,129.05,129.51,3107961
2025-02-26 19:05:00+00:00,129.5,129.578,128.49,128.9802,12845513
2025-02-26 19:10:00+00:00,128.99,129.665,128.97,129.31,2803265
2025-02-26 19:15:00+00:00,129.3,129.66,128.56,129.635,2952826
2025-02-26 19:20:00+00:00,129.63,130.35,129.51,129.94,3730492
2025-02-26 19:25:00+00:00,129.94,130.225,129.78,129.89,2347979
2025-02-26 19:30:00+00:00,129.88,130.37,129.7,130.31,2121571
2025-02-26 19:35:00+00:00,130.31,130.36,129.8,130.04,1782920
2025-02-26 19:40:00+00:00,130.05,130.3,129.87,129.9848,1939833
2025-02-26 19:45:00+00:00,129.98,130.2099,129.86,129.875,1698872
2025-02-26 19:50:00+00:00,129.875,130.05,129.625,130.0208,1938986
2025-02-26 19:55:00+00:00,130.02,130.0301,129.02,129.1875,2414509
2025-02-26 20:00:00+00:00,129.2,129.605,128.95,129.23,2711639
2025-02-26 20:05:00+00:00,129.235,129.69,129.225,129.62,2203737
2025-02-26 20:10:00+00:00,129.5902,129.8,129.35,129.681,2131203
2025-02-26 20:15:00+00:00,129.68,129.9,129.485,129.855,1999093
2025-02-26 20:20:00+00:00,129.86,130.19,129.585,130.1201,2496606
2025-02-26 20:25:00+00:00,130.13,130.88,130.11,130.74,3801927
2025-02-26 20:30:00+00:00,130.7,130.7,130.02,130.291,3335941
2025-02-26 20:35:00+00:00,130.3,131.15,130.0,131.06,3274844
2025-02-26 20:40:00+00:00,131.06,131.87,130.85,131.78,5580511
2025-02-26 20:45:00+00:00,131.76,132.03,131.07,131.87,5230508
2025-02-26 20:50:00+00:00,131.8935,132.06,131.14,132.0001,5192857
2025-02-26 20:55:00+00:00,132.01,132.09,130.93,131.52,8102644
2025-02-26 21:00:00+00:00,131.53,131.99,130.4,131.13,24506113
2025-02-26 21:05:00+00:00,131.19,131.8,131.1,131.7007,514723
2025-02-26 21:10:00+00:00,131.7381,132.17,131.0,131.3517,670526
2025-02-26 21:15:00+00:00,131.35,131.95,131.35,131.7293,342182
2025-02-26 21:20:00+00:00,131.71,136.6,125.1,132.36,7425768
2025-02-26 21:25:00+00:00,132.42,132.99,128.75,131.0,3189380
2025-02-26 21:30:00+00:00,131.11,131.43,128.37,128.56,2722002
2025-02-26 21:35:00+00:00,128.6,131.0,128.56,130.89,1757186
2025-02-26 21:40:00+00:00,130.8108,131.0,129.7704,130.32,1094999
2025-02-26 21:45:00+00:00,130.3,131.36,130.23,130.72,1539250
2025-02-26 21:50:00+00:00,130.72,132.85,130.72,132.8,1725793
2025-02-26 21:55:00+00:00,132.8,134.95,132.7122,134.95,2779786
2025-02-26 22:00:00+00:00,134.95,135.51,133.06,134.33,2966952
2025-02-26 22:05:00+00:00,134.32,135.0,131.28,134.27,1591835
2025-02-26 22:10:00+00:00,134.39,134.55,133.1,133.6378,1160805
2025-02-26 22:15:00+00:00,133.55,134.3,132.5,134.0,1400098
2025-02-26 22:20:00+00:00,133.86,134.6,132.39,132.55,1789160
2025-02-26 22:25:00+00:00,132.5999,133.75,132.1,133.09,1047481
2025-02-26 22:30:00+00:00,133.05,133.84,132.88,133.58,663789
2025-02-26 22:35:00+00:00,133.63,133.98,133.25,133.65,657952
2025-02-26 22:40:00+00:00,133.65,133.79,131.31,133.52,471074
2025-02-26 22:45:00+00:00,133.58,133.7,132.76,132.8,558640
2025-02-26 22:50:00+00:00,132.8,132.99,132.42,132.42,478144
2025-02-26 22:55:00+00:00,132.42,132.42,130.62,130.62,1157505
2025-02-26 23:00:00+00:00,130.61,131.43,130.55,131.1892,701576
2025-02-26 23:05:00+00:00,131.19,131.31,130.4,130.93,681922
2025-02-26 23:10:00+00:00,130.9214,130.998,130.01,130.01,490612
2025-02-26 23:15:00+00:00,130.01,130.94,130.0,130.86,428293
2025-02-26 23:20:00+00:00,130.8601,131.4,130.8,131.0,549342
2025-02-26 23:25:00+00:00,130.9704,131.28,130.97,131.12,204967
2025-02-26 23:30:00+00:00,131.1198,131.34,131.0,131.29,158066
2025-02-26 23:35:00+00:00,131.28,131.3,130.83,130.9032,202753
2025-02-26 23:40:00+00:00,130.95,131.0,130.75,130.8,165350
2025-02-26 23:45:00+00:00,130.78,131.0,130.78,130.99,162811
2025-02-26 23:50:00+00:00,130.99,131.18,130.89,131.1394,207449
2025-02-26 23:55:00+00:00,131.12,131.2499,130.88,130.89,129010
2025-02-27 00:00:00+00:00,130.89,131.0,130.5,130.5,157331
2025-02-27 00:05:00+00:00,130.49,130.88,130.45,130.7501,132954
2025-02-27 00:10:00+00:00,130.74,130.8,130.4413,130.4413,112002
2025-02-27 00:15:00+00:00,130.47,130.4899,130.05,130.2999,360177
2025-02-27 00:20:00+00:00,130.27,130.3308,130.05,130.1,261891
2025-02-27 00:25:00+00:00,130.1001,130.21,130.0,130.03,248299
2025-02-27 00:30:00+00:00,130.0209,130.1,129.5,129.66,456636
2025-02-27 00:35:00+00:00,129.65,129.97,129.35,129.8591,280816
2025-02-27 00:40:00+00:00,129.85,130.11,129.26,129.42,283671
2025-02-27 00:45:00+00:00,129.42,129.65,129.01,129.17,347679
2025-02-27 00:50:00+00:00,129.17,129.49,129.1,129.35,215469
2025-02-27 00:55:00+00:00,129.3402,129.4,129.21,129.32,394511
2025-02-27 09:00:00+00:00,131.55,131.55,130.06,130.09,265944
2025-02-27 09:05:00+00:00,130.06,130.45,129.79,130.01,189833
2025-02-27 09:10:00+00:00,130.07,130.65,130.06,130.41,83098
2025-02-27 09:15:00+00:00,130.35,130.47,130.21,130.28,60561
2025-02-27 09:20:00+00:00,130.29,130.91,130.29,130.74,92561
2025-02-27 09:25:00+00:00,130.75,131.6,130.75,131.6,171033
2025-02-27 09:30:00+00:00,131.62,131.62,131.28,131.36,130823
2025-02-27 09:35:00+00:00,131.37,131.98,131.32,131.84,89644
2025-02-27 09:40:00+00:00,131.85,131.9,131.3,131.4,97746
2025-02-27 09:45:00+00:00,131.4,131.6,131.2,131.48,64657
2025-02-27 09:50:00+00:00,131.48,131.89,131.45,131.82,67467
2025-02-27 09:55:00+00:00,131.8,132.06,131.65,132.05,102884
2025-02-27 10:00:00+00:00,132.03,132.45,132.01,132.05,143297
2025-02-27 10:05:00+00:00,132.11,132.37,132.0,132.37,78638
2025-02-27 10:10:00+00:00,132.39,132.45,132.25,132.26,57560
2025-02-27 10:15:00+00:00,132.25,132.64,132.2,132.55,68049
2025-02-27 10:20:00+00:00,132.49,133.21,132.34,133.2,204865
2025-02-27 10:25:00+00:00,133.21,133.32,132.85,132.96,183491
2025-02-27 10:30:00+00:00,133.0,133.0,132.74,132.95,84728
2025-02-27 10:35:00+00:00,132.95,133.19,132.95,133.15,81230
2025-02-27 10:40:00+00:00,133.12,133.15,132.29,132.45,136307
2025-02-27 10:45:00+00:00,132.43,132.7,132.3,132.47,81813
2025-02-27 10:50:00+00:00,132.49,132.89,132.48,132.75,56156
2025-02-27 10:55:00+00:00,132.78,132.89,132.48,132.48,62722
2025-02-27 11:00:00+00:00,132.5,132.93,132.5,132.9,59126
2025-02-27 11:05:00+00:00,132.88,133.09,132.87,132.94,64869
2025-02-27 11:10:00+00:00,132.9,132.92,132.42,132.42,81473
2025-02-27 11:15:00+00:00,132.45,132.5,132.3,132.42,57303
2025-02-27 11:20:00+00:00,132.42,132.67,132.3,132.3,60378
2025-02-27 11:25:00+00:00,132.3,132.5,132.3,132.47,54652
2025-02-27 11:30:00+00:00,132.49,132.5,132.21,132.21,69238
2025-02-27 11:35:00+00:00,132.24,132.41,132.05,132.4,84995
2025-02-27 11:40:00+00:00,132.38,132.44,132.28,132.31,40400
2025-02-27 11:45:00+00:00,132.37,132.63,132.35,132.5,102116
2025-02-27 11:50:00+00:00,132.52,132.65,132.41,132.61,87293
2025-02-27 11:55:00+00:00,132.6,132.75,132.57,132.7,107282
2025-02-27 12:00:00+00:00,132.7,133.15,132.5,133.01,619500
2025-02-27 12:05:00+00:00,133.0,134.18,133.0,134.1,668788
2025-02-27 12:10:00+00:00,134.15,134.22,133.74,133.82,443385
2025-02-27 12:15:00+00:00,133.8,134.58,133.76,134.5,458220
2025-02-27 12:20:00+00:00,134.51,134.7,134.29,134.61,365952
2025-02-27 12:25:00+00:00,134.62,134.78,134.3,134.34,293351
2025-02-27 12:30:00+00:00,134.35,134.65,134.31,134.44,147388
2025-02-27 12:35:00+00:00,134.43,134.75,134.38,134.72,305215
2025-02-27 12:40:00+00:00,134.71,135.2,134.51,135.09,605758
2025-02-27 12:45:00+00:00,135.09,135.5,135.09,135.4,511892
2025-02-27 12:50:00+00:00,135.38,135.38,135.06,135.17,223383
2025-02-27 12:55:00+00:00,135.17,135.4,135.15,135.21,285186
2025-02-27 13:00:00+00:00,133.12,135.5,129.64,135.14,3069347
2025-02-27 13:05:00+00:00,135.1299,135.1299,134.55,134.6793,489554
2025-02-27 13:10:00+00:00,134.65,134.9,134.4,134.5599,424927
2025-02-27 13:15:00+00:00,134.5598,135.2,134.48,134.9244,438448
2025-02-27 13:20:00+00:00,134.9197,134.9197,134.55,134.7,234784
2025-02-27 13:25:00+00:00,134.68,134.7399,134.0,134.15,514878
2025-02-27 13:30:00+00:00,134.15,134.42,133.82,133.9191,562401
2025-02-27 13:35:00+00:00,133.9,134.35,133.76,134.3101,461219
2025-02-27 13:40:00+00:00,134.33,134.5,134.15,134.45,372870
2025-02-27 13:45:00+00:00,134.47,134.5,133.14,133.16,706866
2025-02-27 13:50:00+00:00,133.2,133.6899,133.1519,133.3624,499268
2025-02-27 13:55:00+00:00,133.36,134.0,133.36,133.869,398098
2025-02-27 14:00:00+00:00,133.83,134.25,133.6,133.88,428115
2025-02-27 14:05:00+00:00,133.88,134.5,133.6,134.2,494995
2025-02-27 14:10:00+00:00,134.2173,134.32,134.0404,134.19,217146
2025-02-27 14:15:00+00:00,134.2,134.64,134.16,134.53,417729
2025-02-27 14:20:00+00:00,134.54,134.98,134.5,134.8,582117
2025-02-27 14:25:00+00:00,134.72,135.35,134.62,134.99,1266712
2025-02-27 14:30:00+00:00,135.0,135.01,131.88,131.88,16447201
2025-02-27 14:35:00+00:00,131.9,132.57,129.79,130.1398,12900649
2025-02-27 14:40:00+00:00,130.125,131.0,128.63,128.8464,12688732
2025-02-27 14:45:00+00:00,128.86,131.01,128.67,129.49,12728032
2025-02-27 14:50:00+00:00,129.47,129.94,127.81,127.8802,9985746
2025-02-27 14:55:00+00:00,127.8701,128.19,126.2701,126.73,10914806
2025-02-27 15:00:00+00:00,126.73,127.52,125.28,126.9199,11499636
2025-02-27 15:05:00+00:00,126.905,127.94,126.75,127.21,7983705
2025-02-27 15:10:00+00:00,127.205,128.91,127.1301,128.475,7806399
2025-02-27 15:15:00+00:00,128.44,129.0,127.032,127.2908,6538955
2025-02-27 15:20:00+00:00,127.26,128.4,126.65,127.63,6019356
2025-02-27 15:25:00+00:00,127.62,127.81,126.98,127.48,4082508
2025-02-27 15:30:00+00:00,127.48,127.65,125.84,126.42,5542466
2025-02-27 15:35:00+00:00,126.41,127.6998,126.26,127.55,4181828
2025-02-27 15:40:00+00:00,127.57,127.7699,126.88,127.55,3802835
2025-02-27 15:45:00+00:00,127.58,127.74,127.04,127.275,2812590
2025-02-27 15:50:00+00:00,127.27,127.33,126.39,126.58,3145484
2025-02-27 15:55:00+00:00,126.57,126.9651,125.85,126.02,4289064
2025-02-27 16:00:00+00:00,126.025,126.63,125.51,125.72,4376360
2025-02-27 16:05:00+00:00,125.725,126.62,125.72,126.2,4050492
2025-02-27 16:10:00+00:00,126.2,127.4498,126.2,127.25,4373244
2025-02-27 16:15:00+00:00,127.2544,128.0699,127.055,127.4901,4356350
2025-02-27 16:20:00+00:00,127.4936,127.93,127.22,127.27,2527369
2025-02-27 16:25:00+00:00,127.27,127.45,126.175,126.28,3696452
2025-02-27 16:30:00+00:00,126.29,127.105,126.17,126.9598,2591910
2025-02-27 16:35:00+00:00,126.94,127.41,126.5,126.6622,2551218
2025-02-27 16:40:00+00:00,126.664,126.98,126.5,126.9,2071042
2025-02-27 16:45:00+00:00,126.88,127.09,126.6,126.905,2532220
2025-02-27 16:50:00+00:00,126.92,126.99,125.9,126.08,3812646
2025-02-27 16:55:00+00:00,126.1,126.16,125.71,125.9715,2954320
2025-02-27 17:00:00+00:00,125.98,126.63,125.65,126.42,2846020
2025-02-27 17:05:00+00:00,126.4298,126.88,126.08,126.58,2354581
2025-02-27 17:10:00+00:00,126.585,127.0999,126.42,126.78,2431243
2025-02-27 17:15:00+00:00,126.78,126.9083,126.04,126.129,2136501
2025-02-27 17:20:00+00:00,126.11,126.69,125.85,126.68,2961731
2025-02-27 17:25:00+00:00,126.68,127.129,126.42,127.08,2599137
2025-02-27 17:30:00+00:00,127.08,127.19,126.43,126.935,2293915
2025-02-27 17:35:00+00:00,126.93,127.3,126.74,126.92,2198420
2025-02-27 17:40:00+00:00,126.92,126.95,126.28,126.6046,1979291
2025-02-27 17:45:00+00:00,126.605,126.98,126.495,126.6798,1757323
2025-02-27 17:50:00+00:00,126.66,127.08,126.43,126.905,2001158
2025-02-27 17:55:00+00:00,126.9,127.11,126.7,127.07,2379209
2025-02-27 18:00:00+00:00,127.06,127.98,127.01,127.48,3781996
2025-02-27 18:05:00+00:00,127.4775,127.99,127.1446,127.775,2703968
2025-02-27 18:10:00+00:00,127.77,128.45,127.51,128.1702,3483467
2025-02-27 18:15:00+00:00,128.186,128.215,127.53,127.74,2496525
2025-02-27 18:20:00+00:00,127.75,128.0,127.5,127.75,1763242
2025-02-27 18:25:00+00:00,127.73,127.9786,127.3635,127.61,1722602
2025-02-27 18:30:00+00:00,127.62,127.91,127.37,127.515,1571193
2025-02-27 18:35:00+00:00,127.515,127.6299,126.99,127.2201,2319724
2025-02-27 18:40:00+00:00,127.23,127.35,126.84,126.898,1862905
2025-02-27 18:45:00+00:00,126.9,126.92,126.25,126.6199,2850939
2025-02-27 18:50:00+00:00,126.61,126.64,126.0301,126.56,2574336
2025-02-27 18:55:00+00:00,126.57,126.77,126.05,126.11,2649889
2025-02-27 19:00:00+00:00,126.1,126.23,125.62,125.93,3874774
2025-02-27 19:05:00+00:00,125.92,126.06,125.5,125.8168,2904506
2025-02-27 19:10:00+00:00,125.8154,126.13,125.1801,125.29,3875157
2025-02-27 19:15:00+00:00,125.29,125.53,124.79,125.4201,6158835
2025-02-27 19:20:00+00:00,125.44,125.46,124.53,124.6928,3570500
2025-02-27 19:25:00+00:00,124.69,124.86,123.685,123.745,6475715
2025-02-27 19:30:00+00:00,123.745,123.79,122.62,123.1374,7408443
2025-02-27 19:35:00+00:00,123.13,123.67,122.95,123.25,5563281
2025-02-27 19:40:00+00:00,123.25,123.46,122.68,123.3792,4685834
2025-02-27 19:45:00+00:00,123.38,123.98,123.28,123.94,4544707
2025-02-27 19:50:00+00:00,123.93,124.4,123.68,124.25,4430667
2025-02-27 19:55:00+00:00,124.2494,124.69,124.12,124.215,4229657
2025-02-27 20:00:00+00:00,124.21,124.435,122.823,123.1463,5137154
2025-02-27 20:05:00+00:00,123.15,123.28,122.5,122.68,5075622
2025-02-27 20:10:00+00:00,122.68,123.197,122.38,122.76,4045030
2025-02-27 20:15:00+00:00,122.7515,122.9699,121.79,121.835,5943545
2025-02-27 20:20:00+00:00,121.835,122.67,121.5714,122.56,5532875
2025-02-27 20:25:00+00:00,122.56,122.935,121.82,121.91,4454763
2025-02-27 20:30:00+00:00,121.905,122.56,121.9,122.0184,4136586
2025-02-27 20:35:00+00:00,122.0001,122.22,121.41,121.6,4286111
2025-02-27 20:40:00+00:00,121.6,121.76,121.2401,121.3467,4495660
2025-02-27 20:45:00+00:00,121.33,122.18,120.71,121.89,8736364
2025-02-27 20:50:00+00:00,121.885,122.51,121.25,121.48,8989344
2025-02-27 20:55:00+00:00,121.48,121.48,120.01,120.01,16900090
2025-02-27 21:00:00+00:00,120.08,120.94,120.06,120.16,34049585
2025-02-27 21:05:00+00:00,120.2,120.28,119.32,119.85,1678656
2025-02-27 21:10:00+00:00,119.85,120.39,119.75,120.19,652460
2025-02-27 21:15:00+00:00,120.15,120.37,119.9,120.36,580500
2025-02-27 21:20:00+00:00,120.36,120.76,120.35,120.72,473795
2025-02-27 21:25:00+00:00,120.74,120.94,120.55,120.84,337404
2025-02-27 21:30:00+00:00,120.8985,121.39,120.7122,121.31,432522
2025-02-27 21:35:00+00:00,121.31,121.38,121.02,121.17,445522
2025-02-27 21:40:00+00:00,121.1695,121.5,121.12,121.22,2357681
2025-02-27 21:45:00+00:00,121.22,121.4,121.05,121.0801,314292
2025-02-27 21:50:00+00:00,121.08,121.17,120.68,120.7493,421007
2025-02-27 21:55:00+00:00,120.72,120.96,120.65,120.86,215611
2025-02-27 22:00:00+00:00,120.88,120.97,120.65,120.95,212188
2025-02-27 22:05:00+00:00,120.97,121.05,120.6,120.65,262841
2025-02-27 22:10:00+00:00,120.669,120.98,120.6,120.95,172513
2025-02-27 22:15:00+00:00,120.95,120.95,120.7199,120.72,151928
2025-02-27 22:20:00+00:00,120.7,120.8,120.6,120.7101,172444
2025-02-27 22:25:00+00:00,120.7399,120.7901,120.66,120.75,243141
2025-02-27 22:30:00+00:00,120.7407,120.99,120.74,120.95,200361
2025-02-27 22:35:00+00:00,120.95,121.1,120.9305,120.97,135059
2025-02-27 22:40:00+00:00,120.97,121.0,120.79,120.8805,99524
2025-02-27 22:45:00+00:00,120.9,120.97,120.8113,120.95,82694
2025-02-27 22:50:00+00:00,120.9389,121.08,120.9389,121.0656,125251
2025-02-27 22:55:00+00:00,121.06,121.07,120.94,121.0,100244
2025-02-27 23:00:00+00:00,121.0,121.2,120.96,121.12,136490
2025-02-27 23:05:00+00:00,121.09,121.25,121.08,121.25,82355
2025-02-27 23:10:00+00:00,121.24,121.32,121.15,121.15,104345
2025-02-27 23:15:00+00:00,121.17,121.3,121.12,121.26,79932
2025-02-27 23:20:00+00:00,121.26,121.38,121.21,121.32,116786
2025-02-27 23:25:00+00:00,121.3609,121.38,121.2,121.28,123659
2025-02-27 23:30:00+00:00,121.2301,121.56,121.2301,121.53,141821
2025-02-27 23:35:00+00:00,121.53,121.95,121.53,121.84,209204
2025-02-27 23:40:00+00:00,121.8428,121.87,121.65,121.73,154756
2025-02-27 23:45:00+00:00,121.72,121.88,121.6103,121.81,94099
2025-02-27 23:50:00+00:00,121.82,121.92,121.75,121.7999,117349
2025-02-27 23:55:00+00:00,121.8,121.86,121.64,121.64,110947
2025-02-28 00:00:00+00:00,121.64,121.8,121.64,121.6507,137106
2025-02-28 00:05:00+00:00,121.65,121.8585,121.62,121.85,101559
2025-02-28 00:10:00+00:00,121.85,121.88,121.78,121.79,86165
2025-02-28 00:15:00+00:00,121.82,121.82,121.7,121.77,42609
2025-02-28 00:20:00+00:00,121.7692,121.79,121.72,121.72,67657
2025-02-28 00:25:00+00:00,121.7195,121.75,121.3505,121.3505,149897
2025-02-28 00:30:00+00:00,121.43,121.4993,121.35,121.469,78046
2025-02-28 00:35:00+00:00,121.44,121.49,121.42,121.48,78932
2025-02-28 00:40:00+00:00,121.48,121.4899,121.1309,121.1309,121410
2025-02-28 00:45:00+00:00,121.1593,121.1593,121.02,121.06,128243
2025-02-28 00:50:00+00:00,121.0307,121.07,120.9,121.02,178133
2025-02-28 00:55:00+00:00,121.01,121.17,120.99,121.15,147249
2025-02-28 09:00:00+00:00,121.88,122.34,120.77,120.96,445420
2025-02-28 09:05:00+00:00,120.99,121.78,120.91,121.68,247586
2025-02-28 09:10:00+00:00,121.65,121.65,120.87,121.15,179555
2025-02-28 09:15:00+00:00,121.17,121.36,121.06,121.08,114237
2025-02-28 09:20:00+00:00,121.09,121.34,120.93,121.2,88351
2025-02-28 09:25:00+00:00,121.2,121.2,120.84,120.95,122405
2025-02-28 09:30:00+00:00,120.99,121.0,120.46,120.56,156921
2025-02-28 09:35:00+00:00,120.55,120.98,120.45,120.96,144070
2025-02-28 09:40:00+00:00,120.98,121.0,120.8,120.9,101370
2025-02-28 09:45:00+00:00,120.84,120.9,120.62,120.87,56543
2025-02-28 09:50:00+00:00,120.85,120.95,120.7,120.77,81306
2025-02-28 09:55:00+00:00,120.78,120.84,120.65,120.65,54621
2025-02-28 10:00:00+00:00,120.65,121.0,120.61,120.94,63330
2025-02-28 10:05:00+00:00,120.92,121.0,120.84,120.88,52486
2025-02-28 10:10:00+00:00,120.87,120.87,120.74,120.75,70051
2025-02-28 10:15:00+00:00,120.75,120.87,120.64,120.8,44896
2025-02-28 10:20:00+00:00,120.8,120.85,120.72,120.82,52010
2025-02-28 10:25:00+00:00,120.81,120.81,120.61,120.8,55024
2025-02-28 10:30:00+00:00,120.79,120.97,120.79,120.95,74161
2025-02-28 10:35:00+00:00,120.97,120.98,120.87,120.92,39250
2025-02-28 10:40:00+00:00,120.91,121.15,120.85,121.15,102141
2025-02-28 10:45:00+00:00,121.14,121.46,121.12,121.32,73566
2025-02-28 10:50:00+00:00,121.32,121.38,121.13,121.17,71935
2025-02-28 10:55:00+00:00,121.17,121.32,121.0,121.32,68753
2025-02-28 11:00:00+00:00,121.32,121.46,121.22,121.35,42530
2025-02-28 11:05:00+00:00,121.34,121.57,121.25,121.53,111411
2025-02-28 11:10:00+00:00,121.5,121.68,121.37,121.37,71652
2025-02-28 11:15:00+00:00,121.39,121.54,121.33,121.4,52286
2025-02-28 11:20:00+00:00,121.38,121.48,121.34,121.45,32517
2025-02-28 11:25:00+00:00,121.46,121.47,121.32,121.35,45073
2025-02-28 11:30:00+00:00,121.39,121.44,121.14,121.19,58965
2025-02-28 11:35:00+00:00,121.16,121.3,121.14,121.3,28513
2025-02-28 11:40:00+00:00,121.28,121.42,121.2,121.26,48254
2025-02-28 11:45:00+00:00,121.26,121.33,121.13,121.19,39417
2025-02-28 11:50:00+00:00,121.19,121.21,121.0,121.04,72038
2025-02-28 11:55:00+00:00,121.08,121.11,120.98,121.0,77475
2025-02-28 12:00:00+00:00,121.02,121.15,120.03,120.21,526817
2025-02-28 12:05:00+00:00,120.18,120.19,119.74,120.13,333030
2025-02-28 12:10:00+00:00,120.12,120.33,119.9,119.9,194778
2025-02-28 12:15:00+00:00,119.9,120.35,119.85,120.21,136968
2025-02-28 12:20:00+00:00,120.19,120.27,120.0,120.26,95273
2025-02-28 12:25:00+00:00,120.27,120.3,119.9,120.01,135227
2025-02-28 12:30:00+00:00,120.01,120.01,119.03,119.08,402973
2025-02-28 12:35:00+00:00,119.08,119.11,117.75,118.04,854860
2025-02-28 12:40:00+00:00,118.08,118.63,118.05,118.15,528052
2025-02-28 12:45:00+00:00,118.22,118.88,118.12,118.87,237210
2025-02-28 12:50:00+00:00,118.87,119.1,118.66,118.91,179512
2025-02-28 12:55:00+00:00,118.89,119.2,118.74,118.88,193917
2025-02-28 13:00:00+00:00,120.87,122.82,117.75,118.7,3213896
2025-02-28 13:05:00+00:00,118.7,118.75,117.76,117.8,820917
2025-02-28 13:10:00+00:00,117.79,118.09,117.52,117.53,888384
2025-02-28 13:15:00+00:00,117.53,117.8185,117.2,117.21,791070
2025-02-28 13:20:00+00:00,117.22,117.46,117.07,117.1208,755396
2025-02-28 13:25:00+00:00,117.14,117.2399,116.6705,117.0295,1045689
2025-02-28 13:30:00+00:00,117.0299,118.37,116.95,118.0,1454603
2025-02-28 13:35:00+00:00,118.03,118.68,117.76,118.0812,930719
2025-02-28 13:40:00+00:00,118.09,118.4,117.99,118.08,565468
2025-02-28 13:45:00+00:00,118.1,118.38,117.52,118.07,662043
2025-02-28 13:50:00+00:00,118.07,118.2,117.81,117.87,399140
2025-02-28 13:55:00+00:00,117.87,118.0,117.77,117.81,344311
2025-02-28 14:00:00+00:00,117.81,118.05,117.5601,117.88,523890
2025-02-28 14:05:00+00:00,117.87,118.02,117.7697,117.9,385849
2025-02-28 14:10:00+00:00,117.8999,117.9,117.1,117.45,500743
2025-02-28 14:15:00+00:00,117.45,117.6367,117.26,117.5293,473287
2025-02-28 14:20:00+00:00,117.51,117.59,116.84,117.08,720816
2025-02-28 14:25:00+00:00,117.08,118.18,117.05,118.01,1193058
2025-02-28 14:30:00+00:00,118.04,118.4,116.4,117.7,21297221
2025-02-28 14:35:00+00:00,117.71,119.4565,117.5,117.655,12245484
2025-02-28 14:40:00+00:00,117.65,119.32,117.04,119.16,7978517
2025-02-28 14:45:00+00:00,119.145,119.59,118.31,118.55,6274847
2025-02-28 14:50:00+00:00,118.54,119.28,118.05,118.39,5727317
2025-02-28 14:55:00+00:00,118.38,118.61,117.7,118.375,5943971
2025-02-28 15:00:00+00:00,118.415,119.18,117.98,118.766,5470648
2025-02-28 15:05:00+00:00,118.77,120.43,118.28,120.05,8937277
2025-02-28 15:10:00+00:00,120.04,121.58,119.57,121.52,7694163
2025-02-28 15:15:00+00:00,121.505,121.69,120.9,121.31,5831893
2025-02-28 15:20:00+00:00,121.33,122.095,120.7,121.975,5730904
2025-02-28 15:25:00+00:00,121.96,122.78,121.83,122.73,5774444
2025-02-28 15:30:00+00:00,122.735,123.7,122.41,123.255,7747023
2025-02-28 15:35:00+00:00,123.2599,123.4054,121.7202,121.96,5889886
2025-02-28 15:40:00+00:00,121.95,122.45,121.44,122.28,9104179
2025-02-28 15:45:00+00:00,122.275,122.8499,121.85,122.01,4122697
2025-02-28 15:50:00+00:00,121.99,122.91,121.925,122.7491,3112842
2025-02-28 15:55:00+00:00,122.73,123.04,122.605,122.9933,2458421
2025-02-28 16:00:00+00:00,122.99,123.48,122.75,123.27,3524440
2025-02-28 16:05:00+00:00,123.2,123.6699,122.819,123.165,4345910
2025-02-28 16:10:00+00:00,123.16,123.34,122.22,122.65,3467540
2025-02-28 16:15:00+00:00,122.67,122.77,121.46,122.0477,3880615
2025-02-28 16:20:00+00:00,122.05,122.54,121.88,122.04,2535163
2025-02-28 16:25:00+00:00,122.0284,122.48,121.42,121.56,2813973
2025-02-28 16:30:00+00:00,121.56,121.93,121.14,121.86,3068194
2025-02-28 16:35:00+00:00,121.86,122.57,121.86,122.375,2316506
2025-02-28 16:40:00+00:00,122.375,122.8,122.2202,122.375,2333662
2025-02-28 16:45:00+00:00,122.37,122.5,122.04,122.0967,1939628
2025-02-28 16:50:00+00:00,122.1178,122.18,121.585,122.13,2143257
2025-02-28 16:55:00+00:00,122.13,122.17,121.55,121.775,1919654
2025-02-28 17:00:00+00:00,121.775,121.859,121.43,121.785,2069656
2025-02-28 17:05:00+00:00,121.78,122.02,121.5202,121.755,2226155
2025-02-28 17:10:00+00:00,121.75,122.42,121.71,122.36,2491669
2025-02-28 17:15:00+00:00,122.3501,122.51,122.17,122.455,1975426
2025-02-28 17:20:00+00:00,122.4584,122.51,121.76,122.07,2038898
2025-02-28 17:25:00+00:00,122.08,122.34,121.93,122.181,1592592
2025-02-28 17:30:00+00:00,122.19,122.2776,121.8601,122.14,1484046
2025-02-28 17:35:00+00:00,122.14,122.18,121.86,122.025,1149292
2025-02-28 17:40:00+00:00,122.025,122.2,120.86,121.0902,3253225
2025-02-28 17:45:00+00:00,121.09,121.34,120.24,120.245,3740014
2025-02-28 17:50:00+00:00,120.25,120.82,119.82,120.5,4903829
2025-02-28 17:55:00+00:00,120.495,120.5,118.92,118.975,4454274
2025-02-28 18:00:00+00:00,118.985,120.1,118.845,119.785,3803340
2025-02-28 18:05:00+00:00,119.765,120.18,119.69,119.95,2401556
2025-02-28 18:10:00+00:00,119.95,120.1,119.63,120.07,1779298
2025-02-28 18:15:00+00:00,120.0746,120.53,119.4,119.555,3391094
2025-02-28 18:20:00+00:00,119.56,119.795,119.21,119.25,2572460
2025-02-28 18:25:00+00:00,119.2768,120.61,119.25,120.5799,3071933
2025-02-28 18:30:00+00:00,120.5876,121.045,120.26,120.735,3269688
2025-02-28 18:35:00+00:00,120.73,121.15,120.59,120.9,2557352
2025-02-28 18:40:00+00:00,120.88,121.23,120.4101,120.88,2520489
2025-02-28 18:45:00+00:00,120.885,121.01,120.64,120.76,1741783
2025-02-28 18:50:00+00:00,120.75,121.14,120.61,120.7676,1695553
2025-02-28 18:55:00+00:00,120.73,120.76,119.7172,119.745,2973489
2025-02-28 19:00:00+00:00,119.74,120.305,119.68,119.9915,2529628
2025-02-28 19:05:00+00:00,120.0,120.24,119.795,120.08,1616347
2025-02-28 19:10:00+00:00,120.07,120.11,119.72,119.9801,1560108
2025-02-28 19:15:00+00:00,119.99,120.69,119.9401,120.64,2254183
2025-02-28 19:20:00+00:00,120.635,120.67,119.97,120.17,2162115
2025-02-28 19:25:00+00:00,120.18,120.64,120.175,120.47,1712193
2025-02-28 19:30:00+00:00,120.4639,120.925,120.29,120.625,1962291
2025-02-28 19:35:00+00:00,120.625,121.25,120.465,121.09,2398678
2025-02-28 19:40:00+00:00,121.09,121.29,120.94,121.255,2342712
2025-02-28 19:45:00+00:00,121.2554,121.55,120.98,121.4185,2254010
2025-02-28 19:50:00+00:00,121.415,121.69,121.29,121.3707,2179525
2025-02-28 19:55:00+00:00,121.375,121.73,121.2801,121.6047,1960616
2025-02-28 20:00:00+00:00,121.6099,122.0,121.2601,121.95,2465620
2025-02-28 20:05:00+00:00,121.95,122.23,121.78,122.146,2397858
2025-02-28 20:10:00+00:00,122.15,122.16,121.44,121.7,3101817
2025-02-28 20:15:00+00:00,121.705,121.86,121.46,121.6109,2343235
2025-02-28 20:20:00+00:00,121.6146,121.69,121.16,121.43,3335439
2025-02-28 20:25:00+00:00,121.4346,122.0,121.41,121.885,2395563
2025-02-28 20:30:00+00:00,121.88,122.1,121.56,121.625,2851396
2025-02-28 20:35:00+00:00,121.62,122.18,121.27,122.07,2980476
2025-02-28 20:40:00+00:00,122.07,122.495,122.06,122.355,3489681
2025-02-28 20:45:00+00:00,122.35,123.105,122.27,123.065,4605856
2025-02-28 20:50:00+00:00,123.07,124.49,122.95,124.45,9470879
2025-02-28 20:55:00+00:00,124.45,125.09,124.3999,125.05,19461669
2025-02-28 21:00:00+00:00,125.05,125.1,117.3238,124.87,43545189
2025-02-28 21:05:00+00:00,124.87,125.05,124.7111,124.98,3702152
2025-02-28 21:10:00+00:00,124.96,124.99,123.3664,124.89,304893
2025-02-28 21:15:00+00:00,124.89,124.92,124.85,124.9187,758414
2025-02-28 21:20:00+00:00,124.92,124.92,124.8,124.8101,180012
2025-02-28 21:25:00+00:00,124.81,124.92,124.62,124.71,972347
2025-02-28 21:30:00+00:00,124.7,124.92,124.7,124.77,621762
2025-02-28 21:35:00+00:00,124.77,124.8,124.63,124.68,797169
2025-02-28 21:40:00+00:00,124.67,124.78,124.66,124.76,124134
2025-02-28 21:45:00+00:00,124.75,124.9693,124.75,124.91,176615
2025-02-28 21:50:00+00:00,124.9,125.07,124.8501,125.03,194950
2025-02-28 21:55:00+00:00,125.0026,125.12,124.87,124.8799,199387
2025-02-28 22:00:00+00:00,124.87,124.9201,124.82,124.87,106139
2025-02-28 22:05:00+00:00,124.87,124.93,124.86,124.91,60776
2025-02-28 22:10:00+00:00,124.9002,124.94,124.71,124.92,188183
2025-02-28 22:15:00+00:00,124.85,124.93,124.7,124.75,50031
2025-02-28 22:20:00+00:00,124.76,124.81,124.67,124.7701,156280
2025-02-28 22:25:00+00:00,124.7705,124.8,124.7,124.73,63960
2025-02-28 22:30:00+00:00,124.7405,124.78,124.71,124.77,50387
2025-02-28 22:35:00+00:00,124.75,124.8,124.73,124.76,46100
2025-02-28 22:40:00+00:00,124.78,124.85,124.7,124.78,155682
2025-02-28 22:45:00+00:00,124.8,124.8,124.75,124.79,29384
2025-02-28 22:50:00+00:00,124.7894,124.81,124.5607,124.6,105162
2025-02-28 22:55:00+00:00,124.6,124.65,124.52,124.59,113801
2025-02-28 23:00:00+00:00,124.59,124.64,124.52,124.57,61581
2025-02-28 23:05:00+00:00,124.5699,124.71,124.56,124.61,30093
2025-02-28 23:10:00+00:00,124.6,124.67,124.56,124.59,35406
2025-02-28 23:15:00+00:00,124.5726,124.7701,124.5726,124.7701,43943
2025-02-28 23:20:00+00:00,124.77,125.0,124.7698,124.97,81454
2025-02-28 23:25:00+00:00,124.92,124.96,124.71,124.71,173567
2025-02-28 23:30:00+00:00,124.85,124.85,124.79,124.79,14828
2025-02-28 23:35:00+00:00,124.76,124.8,124.7,124.7,28665
2025-02-28 23:40:00+00:00,124.72,124.73,124.7,124.73,21701
2025-02-28 23:45:00+00:00,124.73,124.73,124.6,124.65,39774
2025-02-28 23:50:00+00:00,124.65,124.74,124.64,124.73,20719
2025-02-28 23:55:00+00:00,124.73,124.8,124.7107,124.751,18385
2025-03-01 00:00:00+00:00,124.75,124.78,124.7,124.78,17780
2025-03-01 00:05:00+00:00,124.74,124.7497,124.6801,124.69,8523
2025-03-01 00:10:00+00:00,124.69,124.71,124.59,124.6,33613
2025-03-01 00:15:00+00:00,124.5897,124.6,124.56,124.58,50167
2025-03-01 00:20:00+00:00,124.58,124.69,124.58,124.69,39444
2025-03-01 00:25:00+00:00,124.6897,124.75,124.68,124.73,34298
2025-03-01 00:30:00+00:00,124.73,124.7897,124.7,124.76,16802
2025-03-01 00:35:00+00:00,124.7501,124.88,124.7501,124.88,38969
2025-03-01 00:40:00+00:00,124.8799,124.8801,124.85,124.86,19851
2025-03-01 00:45:00+00:00,124.87,124.9,124.83,124.89,49220
2025-03-01 00:50:00+00:00,124.89,124.92,124.86,124.87,57967
2025-03-01 00:55:00+00:00,124.87,125.0,124.87,125.0,104189
2025-03-03 09:00:00+00:00,124.12,125.38,124.12,124.4,144539
2025-03-03 09:05:00+00:00,124.42,124.45,123.62,123.66,154798
2025-03-03 09:10:00+00:00,123.63,123.8,123.05,123.38,227464
2025-03-03 09:15:00+00:00,123.42,123.71,123.2,123.64,135984
2025-03-03 09:20:00+00:00,123.64,124.11,123.62,124.1,65180
2025-03-03 09:25:00+00:00,124.08,124.3,123.88,123.9,85171
2025-03-03 09:30:00+00:00,123.94,124.39,123.94,124.34,64185
2025-03-03 09:35:00+00:00,124.37,124.5,124.0,124.3,72675
2025-03-03 09:40:00+00:00,124.31,124.36,123.93,123.95,49188
2025-03-03 09:45:00+00:00,123.95,124.14,123.64,123.68,56335
2025-03-03 09:50:00+00:00,123.71,124.28,123.71,124.2,71265
2025-03-03 09:55:00+00:00,124.15,124.2,123.97,124.2,32636
2025-03-03 10:00:00+00:00,124.23,124.35,123.84,123.95,66557
2025-03-03 10:05:00+00:00,123.99,124.08,123.77,123.8,38796
2025-03-03 10:10:00+00:00,123.81,123.83,123.69,123.75,34883
2025-03-03 10:15:00+00:00,123.76,123.87,123.72,123.72,31141
2025-03-03 10:20:00+00:00,123.73,123.83,123.72,123.73,39249
2025-03-03 10:25:00+00:00,123.71,123.82,123.55,123.82,48967
2025-03-03 10:30:00+00:00,123.82,124.2,123.76,124.04,66792
2025-03-03 10:35:00+00:00,123.99,124.14,123.93,124.14,29317
2025-03-03 10:40:00+00:00,124.11,124.14,123.68,123.75,41283
2025-03-03 10:45:00+00:00,123.73,123.8,123.62,123.74,46072
2025-03-03 10:50:00+00:00,123.73,123.75,123.37,123.38,92489
2025-03-03 10:55:00+00:00,123.4,123.61,123.32,123.51,73078
2025-03-03 11:00:00+00:00,123.51,123.51,123.11,123.44,165280
2025-03-03 11:05:00+00:00,123.44,123.71,123.3,123.68,61435
2025-03-03 11:10:00+00:00,123.67,123.75,123.4,123.55,45841
2025-03-03 11:15:00+00:00,123.57,123.75,123.57,123.72,46355
2025-03-03 11:20:00+00:00,123.75,123.95,123.73,123.92,44765
2025-03-03 11:25:00+00:00,123.91,123.92,123.6,123.7,51918
2025-03-03 11:30:00+00:00,123.74,123.79,123.64,123.79,24328
2025-03-03 11:35:00+00:00,123.79,123.82,123.63,123.69,37842
2025-03-03 11:40:00+00:00,123.69,123.83,123.62,123.8,32619
2025-03-03 11:45:00+00:00,123.78,123.78,123.52,123.78,30705
2025-03-03 11:50:00+00:00,123.78,123.8,123.68,123.75,30251
2025-03-03 11:55:00+00:00,123.73,124.1,123.71,123.97,76355
2025-03-03 12:00:00+00:00,123.96,124.41,123.8,124.37,232718
2025-03-03 12:05:00+00:00,124.38,124.48,124.31,124.35,115008
2025-03-03 12:10:00+00:00,124.34,124.71,124.2,124.66,128802
2025-03-03 12:15:00+00:00,124.66,124.77,124.48,124.51,99079
2025-03-03 12:20:00+00:00,124.54,124.94,124.54,124.76,137255
2025-03-03 12:25:00+00:00,124.789,124.789,124.5,124.62,74161
2025-03-03 12:30:00+00:00,124.63,124.76,124.37,124.46,124333
2025-03-03 12:35:00+00:00,124.46,124.59,124.41,124.5,71998
2025-03-03 12:40:00+00:00,124.5,124.57,124.44,124.56,45042
2025-03-03 12:45:00+00:00,124.57,124.63,124.41,124.48,66548
2025-03-03 12:50:00+00:00,124.48,124.615,124.47,124.53,67564
2025-03-03 12:55:00+00:00,124.5,124.559,124.17,124.25,143672
2025-03-03 13:00:00+00:00,124.24,125.77,123.2148,123.9799,1515284
2025-03-03 13:05:00+00:00,123.97,124.06,123.81,123.87,192614
2025-03-03 13:10:00+00:00,123.8501,123.95,123.81,123.93,138604
2025-03-03 13:15:00+00:00,123.92,124.29,123.85,124.29,143946
2025-03-03 13:20:00+00:00,124.28,124.45,124.05,124.4195,135516
2025-03-03 13:25:00+00:00,124.4199,124.44,124.23,124.29,94956
2025-03-03 13:30:00+00:00,124.33,124.38,123.96,124.27,141094
2025-03-03 13:35:00+00:00,124.2699,124.2699,123.96,123.98,100379
2025-03-03 13:40:00+00:00,123.97,123.99,123.81,123.86,185730
2025-03-03 13:45:00+00:00,123.86,123.98,123.81,123.96,113245
2025-03-03 13:50:00+00:00,123.9502,124.06,123.81,123.9892,153147
2025-03-03 13:55:00+00:00,123.96,124.0,123.87,123.91,153818
2025-03-03 14:00:00+00:00,123.9099,124.0,123.81,123.99,227988
2025-03-03 14:05:00+00:00,123.98,124.19,123.98,124.01,148785
2025-03-03 14:10:00+00:00,124.0,124.0693,123.9001,123.97,162187
2025-03-03 14:15:00+00:00,123.97,124.2,123.93,123.9899,194577
2025-03-03 14:20:00+00:00,123.98,124.0585,123.85,124.0381,112211
2025-03-03 14:25:00+00:00,124.02,124.09,123.47,123.5,353607
2025-03-03 14:30:00+00:00,123.5,123.7,122.12,122.34,10577567
2025-03-03 14:35:00+00:00,122.33,122.73,120.48,120.72,9192212
2025-03-03 14:40:00+00:00,120.61,120.9,119.57,120.14,10076937
2025-03-03 14:45:00+00:00,120.13,120.94,119.8,120.05,7186355
2025-03-03 14:50:00+00:00,120.05,120.625,119.8407,120.005,4822537
2025-03-03 14:55:00+00:00,119.9901,120.105,118.64,119.0,8080490
2025-03-03 15:00:00+00:00,119.04,119.4699,118.4,119.06,6395968
2025-03-03 15:05:00+00:00,119.05,119.53,118.35,118.53,6019984
2025-03-03 15:10:00+00:00,118.515,119.1,118.33,118.6702,4904276
2025-03-03 15:15:00+00:00,118.67,118.7899,118.3,118.61,4507927
2025-03-03 15:20:00+00:00,118.6,119.92,118.53,119.39,6001077
2025-03-03 15:25:00+00:00,119.38,119.555,118.96,119.51,4537487
2025-03-03 15:30:00+00:00,119.515,120.03,119.25,119.67,5038593
2025-03-03 15:35:00+00:00,119.64,119.74,118.515,119.145,4636910
2025-03-03 15:40:00+00:00,119.145,119.6,118.83,119.535,3153295
2025-03-03 15:45:00+00:00,119.53,119.55,118.675,118.9,3579512
2025-03-03 15:50:00+00:00,118.9,119.26,118.82,119.18,2523949
2025-03-03 15:55:00+00:00,119.1885,119.23,118.51,118.6178,3159562
2025-03-03 16:00:00+00:00,118.61,119.09,118.61,118.88,2672659
2025-03-03 16:05:00+00:00,118.88,119.3083,118.8701,119.15,2525273
2025-03-03 16:10:00+00:00,119.16,119.48,118.875,119.27,2800580
2025-03-03 16:15:00+00:00,119.27,119.65,119.055,119.485,2378621
2025-03-03 16:20:00+00:00,119.48,120.2,119.3864,120.03,3490338
2025-03-03 16:25:00+00:00,120.03,120.06,119.21,119.22,2981426
2025-03-03 16:30:00+00:00,119.22,119.5,118.85,118.905,2892822
2025-03-03 16:35:00+00:00,118.9003,119.19,118.6,118.8,3049573
2025-03-03 16:40:00+00:00,118.81,119.16,118.62,118.745,2438787
2025-03-03 16:45:00+00:00,118.74,119.26,118.69,119.14,2278133
2025-03-03 16:50:00+00:00,119.14,119.4,119.06,119.245,2143566
2025-03-03 16:55:00+00:00,119.25,119.405,118.9603,119.0,1771282
2025-03-03 17:00:00+00:00,119.01,119.02,118.6601,118.8,2122656
2025-03-03 17:05:00+00:00,118.7901,119.035,118.61,118.6291,2037496
2025-03-03 17:10:00+00:00,118.625,118.8,118.3,118.67,3676807
2025-03-03 17:15:00+00:00,118.66,118.99,118.36,118.815,2419547
2025-03-03 17:20:00+00:00,118.825,118.8283,118.42,118.675,2317086
2025-03-03 17:25:00+00:00,118.67,118.9,118.25,118.41,3342628
2025-03-03 17:30:00+00:00,118.41,118.42,117.68,117.753,5869206
2025-03-03 17:35:00+00:00,117.7589,117.96,117.52,117.9599,3888440
2025-03-03 17:40:00+00:00,117.95,118.43,117.83,117.94,3092427
2025-03-03 17:45:00+00:00,117.94,117.96,117.1,117.445,4062878
2025-03-03 17:50:00+00:00,117.44,117.5193,116.83,116.86,4874339
2025-03-03 17:55:00+00:00,116.86,116.98,116.45,116.81,5474677
2025-03-03 18:00:00+00:00,116.8,117.01,116.13,116.1499,5107702
2025-03-03 18:05:00+00:00,116.14,116.2,115.15,115.235,7415403
2025-03-03 18:10:00+00:00,115.235,115.4,114.51,115.265,11294475
2025-03-03 18:15:00+00:00,115.265,115.8,115.14,115.6,5432574
2025-03-03 18:20:00+00:00,115.605,116.27,115.245,116.06,4161317
2025-03-03 18:25:00+00:00,116.055,116.06,115.17,115.24,4024212
2025-03-03 18:30:00+00:00,115.24,115.64,115.04,115.582,3627842
2025-03-03 18:35:00+00:00,115.59,115.89,115.33,115.52,3182584
2025-03-03 18:40:00+00:00,115.5306,116.205,115.45,115.76,3650799
2025-03-03 18:45:00+00:00,115.76,116.64,115.48,115.9,4119554
2025-03-03 18:50:00+00:00,115.89,116.44,115.7,116.1,3249187
2025-03-03 18:55:00+00:00,116.1,116.66,115.95,116.55,2930434
2025-03-03 19:00:00+00:00,116.54,117.25,116.3801,116.8287,4077452
2025-03-03 19:05:00+00:00,116.8287,117.27,116.6934,117.07,3019764
2025-03-03 19:10:00+00:00,117.07,117.1,116.21,116.36,3784637
2025-03-03 19:15:00+00:00,116.355,116.43,115.6,115.84,4155100
2025-03-03 19:20:00+00:00,115.84,116.4199,115.8001,116.2201,2399679
2025-03-03 19:25:00+00:00,116.22,116.2282,115.77,116.05,2239077
2025-03-03 19:30:00+00:00,116.04,116.92,115.95,116.7301,2935500
2025-03-03 19:35:00+00:00,116.73,117.0893,116.46,117.065,2735019
2025-03-03 19:40:00+00:00,117.065,117.62,117.03,117.3391,3901308
2025-03-03 19:45:00+00:00,117.32,117.3799,116.03,116.13,3787304
2025-03-03 19:50:00+00:00,116.13,116.395,115.08,115.4967,5115664
2025-03-03 19:55:00+00:00,115.5,115.89,115.01,115.1299,4051876
2025-03-03 20:00:00+00:00,115.13,115.17,114.12,114.48,7124348
2025-03-03 20:05:00+00:00,114.48,114.85,114.17,114.2506,4809911
2025-03-03 20:10:00+00:00,114.26,114.43,113.51,113.825,7537112
2025-03-03 20:15:00+00:00,113.81,114.27,113.49,113.57,5974512
2025-03-03 20:20:00+00:00,113.565,113.76,112.28,112.5103,9780100
2025-03-03 20:25:00+00:00,112.51,113.4199,112.41,113.17,7440267
2025-03-03 20:30:00+00:00,113.16,113.85,112.8,112.959,6386771
2025-03-03 20:35:00+00:00,112.95,113.38,112.78,112.92,4918749
2025-03-03 20:40:00+00:00,112.914,113.28,112.5,112.81,6204596
2025-03-03 20:45:00+00:00,112.8097,113.07,112.5,112.7399,5874945
2025-03-03 20:50:00+00:00,112.74,113.31,112.62,113.055,8177423
2025-03-03 20:55:00+00:00,113.05,114.2,113.0,114.01,12633597
2025-03-03 21:00:00+00:00,114.02,114.47,113.915,114.39,30555123
2025-03-03 21:05:00+00:00,114.38,114.51,114.06,114.29,430840
2025-03-03 21:10:00+00:00,114.29,114.7,114.28,114.59,363003
2025-03-03 21:15:00+00:00,114.56,114.95,114.54,114.95,354814
2025-03-03 21:20:00+00:00,114.91,114.9591,114.67,114.69,261018
2025-03-03 21:25:00+00:00,114.6897,114.79,114.5,114.6498,239413
2025-03-03 21:30:00+00:00,114.65,114.8,114.06,114.7,141638
2025-03-03 21:35:00+00:00,114.7,114.88,114.06,114.8607,143065
2025-03-03 21:40:00+00:00,114.87,114.9,114.7,114.76,208304
2025-03-03 21:45:00+00:00,114.73,114.8,114.5,114.5301,170255
2025-03-03 21:50:00+00:00,114.5399,114.61,114.47,114.475,137109
2025-03-03 21:55:00+00:00,114.47,114.6492,114.39,114.62,146273
2025-03-03 22:00:00+00:00,114.62,114.62,114.51,114.55,87699
2025-03-03 22:05:00+00:00,114.511,114.7288,114.51,114.65,106815
2025-03-03 22:10:00+00:00,114.66,114.6998,114.53,114.5506,87838
2025-03-03 22:15:00+00:00,114.5799,121.0,114.46,114.47,119166
2025-03-03 22:20:00+00:00,114.48,114.5,114.2,114.2,118902
2025-03-03 22:25:00+00:00,114.1901,114.25,114.1,114.15,130123
2025-03-03 22:30:00+00:00,114.18,114.3,114.14,114.22,101681
2025-03-03 22:35:00+00:00,114.24,114.24,113.9,113.91,186239
2025-03-03 22:40:00+00:00,113.95,113.95,113.7297,113.83,197386
2025-03-03 22:45:00+00:00,113.8291,114.09,113.79,113.87,116359
2025-03-03 22:50:00+00:00,113.86,113.98,113.65,113.69,139657
2025-03-03 22:55:00+00:00,113.71,113.9498,113.68,113.86,106662
2025-03-03 23:00:00+00:00,113.87,113.93,113.69,113.84,90486
2025-03-03 23:05:00+00:00,113.84,114.08,113.79,114.06,126684
2025-03-03 23:10:00+00:00,114.079,114.08,113.95,114.08,81381
2025-03-03 23:15:00+00:00,114.06,114.37,113.9801,114.36,116983
2025-03-03 23:20:00+00:00,114.32,114.3999,114.2001,114.37,109910
2025-03-03 23:25:00+00:00,114.37,114.5,114.34,114.4483,80364
2025-03-03 23:30:00+00:00,114.46,114.77,114.4502,114.73,144354
2025-03-03 23:35:00+00:00,114.733,114.87,114.65,114.84,96785
2025-03-03 23:40:00+00:00,114.85,114.89,114.2,114.5305,145103
2025-03-03 23:45:00+00:00,114.53,114.53,114.26,114.36,105538
2025-03-03 23:50:00+00:00,114.33,114.6,114.33,114.52,51243
2025-03-03 23:55:00+00:00,114.5399,114.55,114.44,114.47,62710
2025-03-04 00:00:00+00:00,114.44,114.44,114.08,114.13,112785
2025-03-04 00:05:00+00:00,114.12,114.22,114.06,114.09,102681
2025-03-04 00:10:00+00:00,114.09,114.12,114.001,114.1195,62106
2025-03-04 00:15:00+00:00,114.12,114.29,114.05,114.29,97516
2025-03-04 00:20:00+00:00,114.29,114.44,114.19,114.1989,87788
2025-03-04 00:25:00+00:00,114.2,114.2,113.9,113.96,137348
2025-03-04 00:30:00+00:00,113.93,114.2,113.84,114.0299,120476
2025-03-04 00:35:00+00:00,114.03,114.1,113.92,113.97,85607
2025-03-04 00:40:00+00:00,113.94,114.06,113.9,113.9601,64092
2025-03-04 00:45:00+00:00,113.96,113.96,113.72,113.82,124915
2025-03-04 00:50:00+00:00,113.85,113.98,113.7,113.9174,127105
2025-03-04 00:55:00+00:00,113.98,113.99,113.87,113.93,151746
2025-03-04 09:00:00+00:00,114.06,114.95,114.0,114.91,132143
2025-03-04 09:05:00+00:00,114.91,114.98,114.71,114.98,106241
2025-03-04 09:10:00+00:00,114.99,115.34,114.83,114.84,136659
2025-03-04 09:15:00+00:00,114.85,114.93,114.63,114.87,92510
2025-03-04 09:20:00+00:00,114.87,115.16,114.87,115.07,92431
2025-03-04 09:25:00+00:00,115.08,115.45,114.93,115.42,91290
2025-03-04 09:30:00+00:00,115.42,115.57,115.01,115.08,107803
2025-03-04 09:35:00+00:00,115.06,115.17,114.95,115.09,73688
2025-03-04 09:40:00+00:00,115.08,115.09,114.66,114.93,98029
2025-03-04 09:45:00+00:00,114.91,115.1,114.72,114.81,56335
2025-03-04 09:50:00+00:00,114.82,114.82,114.5,114.76,50222
2025-03-04 09:55:00+00:00,114.74,114.81,114.65,114.71,28893
2025-03-04 10:00:00+00:00,114.71,114.71,113.83,114.31,189600
2025-03-04 10:05:00+00:00,114.3,114.67,114.3,114.33,55786
2025-03-04 10:10:00+00:00,114.3,114.57,114.3,114.57,38642
2025-03-04 10:15:00+00:00,114.58,114.85,114.46,114.47,46468
2025-03-04 10:20:00+00:00,114.5,114.5,114.25,114.25,27164
2025-03-04 10:25:00+00:00,114.23,114.35,114.03,114.04,61518
2025-03-04 10:30:00+00:00,114.04,114.28,114.0,114.28,90177
2025-03-04 10:35:00+00:00,114.26,114.52,114.15,114.24,77345
2025-03-04 10:40:00+00:00,114.29,114.5,114.0,114.08,71762
2025-03-04 10:45:00+00:00,114.09,114.13,113.95,114.05,70544
2025-03-04 10:50:00+00:00,114.08,114.11,113.84,113.88,101755
2025-03-04 10:55:00+00:00,113.88,113.89,113.37,113.4,143224
2025-03-04 11:00:00+00:00,113.4,113.75,113.29,113.36,114532
2025-03-04 11:05:00+00:00,113.38,113.81,113.38,113.63,60442
2025-03-04 11:10:00+00:00,113.63,113.89,113.63,113.75,46250
2025-03-04 11:15:00+00:00,113.71,113.73,113.41,113.46,54859
2025-03-04 11:20:00+00:00,113.5,113.72,113.5,113.72,36899
2025-03-04 11:25:00+00:00,113.74,114.0,113.66,114.0,73372
2025-03-04 11:30:00+00:00,113.97,114.1,113.87,113.95,64509
2025-03-04 11:35:00+00:00,113.92,113.94,113.65,113.73,69708
2025-03-04 11:40:00+00:00,113.75,114.25,113.64,114.2,78756
2025-03-04 11:45:00+00:00,114.21,114.52,114.2,114.3,122308
2025-03-04 11:50:00+00:00,114.3,114.39,114.06,114.06,63302
2025-03-04 11:55:00+00:00,114.06,114.35,113.83,114.21,121744
2025-03-04 12:00:00+00:00,114.18,114.22,113.05,113.1,332314
2025-03-04 12:05:00+00:00,113.1,113.25,112.68,112.75,335194
2025-03-04 12:10:00+00:00,112.74,113.06,112.5,112.52,273384
2025-03-04 12:15:00+00:00,112.51,112.63,111.64,111.74,747551
2025-03-04 12:20:00+00:00,111.75,112.11,111.26,111.28,542893
2025-03-04 12:25:00+00:00,111.29,111.53,110.82,110.83,724272
2025-03-04 12:30:00+00:00,110.85,111.55,110.82,111.38,539344
2025-03-04 12:35:00+00:00,111.38,111.5,111.12,111.42,374991
2025-03-04 12:40:00+00:00,111.45,111.64,111.07,111.39,289591
2025-03-04 12:45:00+00:00,111.39,111.69,111.24,111.59,290515
2025-03-04 12:50:00+00:00,111.59,111.75,110.75,110.83,412127
2025-03-04 12:55:00+00:00,110.83,110.86,110.39,110.58,508132
2025-03-04 13:00:00+00:00,110.57,115.5,110.25,110.27,3763691
2025-03-04 13:05:00+00:00,110.27,110.99,110.26,110.57,509048
2025-03-04 13:10:00+00:00,110.55,110.74,110.08,110.1,555139
2025-03-04 13:15:00+00:00,110.0807,110.4,110.01,110.06,731840
2025-03-04 13:20:00+00:00,110.07,110.12,109.61,109.82,1426863
2025-03-04 13:25:00+00:00,109.83,109.84,108.85,108.95,1039209
2025-03-04 13:30:00+00:00,108.95,109.5,108.87,109.21,1188800
2025-03-04 13:35:00+00:00,109.21,109.73,109.2,109.47,825928
2025-03-04 13:40:00+00:00,109.47,109.98,109.29,109.75,761943
2025-03-04 13:45:00+00:00,109.74,110.22,109.66,110.19,685657
2025-03-04 13:50:00+00:00,110.19,114.06,109.55,110.0712,815375
2025-03-04 13:55:00+00:00,110.06,110.08,109.71,109.91,429358
2025-03-04 14:00:00+00:00,109.91,110.69,109.88,110.44,893853
2025-03-04 14:05:00+00:00,110.45,110.72,110.3,110.62,699603
2025-03-04 14:10:00+00:00,110.61,110.65,110.3,110.5,636283
2025-03-04 14:15:00+00:00,110.51,110.51,109.94,109.94,520035
2025-03-04 14:20:00+00:00,109.98,110.13,109.57,110.03,646710
2025-03-04 14:25:00+00:00,110.03,110.9,109.62,110.65,1200925
2025-03-04 14:30:00+00:00,110.65,113.7,110.14,113.355,21504225
2025-03-04 14:35:00+00:00,113.35,115.14,113.0,113.61,11746595
2025-03-04 14:40:00+00:00,113.615,114.25,112.38,113.3701,9252025
2025-03-04 14:45:00+00:00,113.38,115.08,112.96,114.06,8204266
2025-03-04 14:50:00+00:00,114.05,114.38,113.3,113.94,5966743
2025-03-04 14:55:00+00:00,113.95,114.48,112.7,112.911,5745167
2025-03-04 15:00:00+00:00,112.91,113.2,111.78,112.345,7969197
2025-03-04 15:05:00+00:00,112.34,112.7754,111.1503,111.71,6495927
2025-03-04 15:10:00+00:00,111.7157,112.43,111.27,111.8999,5574179
2025-03-04 15:15:00+00:00,111.89,111.895,110.15,110.27,7969012
2025-03-04 15:20:00+00:00,110.28,111.215,110.11,110.96,6354175
2025-03-04 15:25:00+00:00,110.96,111.83,110.68,111.61,5257836
2025-03-04 15:30:00+00:00,111.6,112.48,111.03,111.9593,5508529
2025-03-04 15:35:00+00:00,111.96,112.36,111.51,111.725,3608146
2025-03-04 15:40:00+00:00,111.725,112.97,111.5418,112.94,4898342
2025-03-04 15:45:00+00:00,112.92,113.3,112.47,112.8899,4739260
2025-03-04 15:50:00+00:00,112.87,113.01,111.84,111.92,4114086
2025-03-04 15:55:00+00:00,111.9192,112.7,111.38,112.405,3892867
2025-03-04 16:00:00+00:00,112.3609,112.8,111.81,111.9,3449133
2025-03-04 16:05:00+00:00,111.9,112.17,110.9,111.034,3952536
2025-03-04 16:10:00+00:00,111.04,111.89,110.96,111.83,3404180
2025-03-04 16:15:00+00:00,111.85,112.42,111.54,111.59,3130841
2025-03-04 16:20:00+00:00,111.5899,112.36,111.5401,111.935,3036223
2025-03-04 16:25:00+00:00,111.93,112.24,111.41,111.83,3254289
2025-03-04 16:30:00+00:00,111.82,112.9856,111.82,112.66,4134868
2025-03-04 16:35:00+00:00,112.66,113.44,112.52,113.01,4097812
2025-03-04 16:40:00+00:00,113.0124,113.88,112.7801,113.27,4579527
2025-03-04 16:45:00+00:00,113.27,113.87,112.92,113.7713,3576367
2025-03-04 16:50:00+00:00,113.7712,114.39,113.44,114.14,4271195
2025-03-04 16:55:00+00:00,114.14,115.18,114.025,114.384,6048723
2025-03-04 17:00:00+00:00,114.39,114.8565,113.86,114.7525,4123415
2025-03-04 17:05:00+00:00,114.755,114.86,114.19,114.2405,3110713
2025-03-04 17:10:00+00:00,114.245,114.9398,114.11,114.206,3017648
2025-03-04 17:15:00+00:00,114.21,115.07,114.01,114.81,3491758
2025-03-04 17:20:00+00:00,114.825,115.81,114.71,115.52,4954146
2025-03-04 17:25:00+00:00,115.52,116.6,115.5,116.0102,5748083
2025-03-04 17:30:00+00:00,116.015,116.1,115.1,115.42,3908243
2025-03-04 17:35:00+00:00,115.415,116.311,115.31,115.9323,3549976
2025-03-04 17:40:00+00:00,115.92,116.08,115.51,115.9176,3041329
2025-03-04 17:45:00+00:00,115.905,116.6,115.85,116.075,3762920
2025-03-04 17:50:00+00:00,116.08,116.22,115.48,115.775,2967556
2025-03-04 17:55:00+00:00,115.75,115.78,115.2101,115.5601,2466578
2025-03-04 18:00:00+00:00,115.57,115.95,115.24,115.69,5051225
2025-03-04 18:05:00+00:00,115.6988,116.66,115.63,116.645,3257561
2025-03-04 18:10:00+00:00,116.6417,117.58,116.45,117.15,4718940
2025-03-04 18:15:00+00:00,117.14,117.29,116.34,116.79,3548473
2025-03-04 18:20:00+00:00,116.79,116.95,116.37,116.53,2076097
2025-03-04 18:25:00+00:00,116.53,116.63,116.1,116.2,2174740
2025-03-04 18:30:00+00:00,116.21,116.69,115.88,116.62,2724427
2025-03-04 18:35:00+00:00,116.62,116.92,116.54,116.84,2390254
2025-03-04 18:40:00+00:00,116.85,117.2,116.6,116.7825,2419574
2025-03-04 18:45:00+00:00,116.785,116.98,116.42,116.6975,2055057
2025-03-04 18:50:00+00:00,116.705,117.2,116.505,117.1201,2498420
2025-03-04 18:55:00+00:00,117.1238,117.58,117.05,117.275,3100226
2025-03-04 19:00:00+00:00,117.27,117.9,117.15,117.7615,3122256
2025-03-04 19:05:00+00:00,117.76,117.95,117.63,117.8,2892852
2025-03-04 19:10:00+00:00,117.8,117.85,117.305,117.36,2935725
2025-03-04 19:15:00+00:00,117.37,117.7499,117.24,117.53,3266387
2025-03-04 19:20:00+00:00,117.52,118.1,117.46,117.9765,3163093
2025-03-04 19:25:00+00:00,117.97,118.25,117.71,117.765,3279660
2025-03-04 19:30:00+00:00,117.77,117.905,117.19,117.195,2858336
2025-03-04 19:35:00+00:00,117.2,117.63,117.04,117.45,2462861
2025-03-04 19:40:00+00:00,117.45,117.94,117.2617,117.745,3005142
2025-03-04 19:45:00+00:00,117.74,118.1,117.62,117.7077,2515506
2025-03-04 19:50:00+00:00,117.7001,117.96,117.62,117.7012,1987642
2025-03-04 19:55:00+00:00,117.7,118.22,117.65,118.12,2051031
2025-03-04 20:00:00+00:00,118.13,118.46,117.9201,117.985,3293385
2025-03-04 20:05:00+00:00,117.97,118.74,117.72,118.735,3179555
2025-03-04 20:10:00+00:00,118.73,119.06,118.58,118.8181,3438674
2025-03-04 20:15:00+00:00,118.8144,118.96,118.34,118.945,2797159
2025-03-04 20:20:00+00:00,118.95,119.31,118.73,119.2099,3460901
2025-03-04 20:25:00+00:00,119.2099,119.3099,118.86,118.9,3262505
2025-03-04 20:30:00+00:00,118.9,119.015,117.42,117.6535,5335359
2025-03-04 20:35:00+00:00,117.66,117.86,116.63,116.9,5143844
2025-03-04 20:40:00+00:00,116.895,117.42,116.7,117.36,4092553
2025-03-04 20:45:00+00:00,117.37,117.54,116.79,116.82,3494847
2025-03-04 20:50:00+00:00,116.8,116.8,115.05,115.91,7953074
2025-03-04 20:55:00+00:00,115.91,116.6,115.86,115.96,8534587
2025-03-04 21:00:00+00:00,115.93,116.29,115.2,116.1,23081383
2025-03-04 21:05:00+00:00,116.07,116.6,116.06,116.5,299616
2025-03-04 21:10:00+00:00,116.5,116.94,116.32,116.71,274368
2025-03-04 21:15:00+00:00,116.71,117.11,116.48,116.9,250610
2025-03-04 21:20:00+00:00,116.9,118.15,115.99,118.1,604382
2025-03-04 21:25:00+00:00,118.06,118.09,115.99,117.69,368009
2025-03-04 21:30:00+00:00,117.66,117.72,117.24,117.32,250948
2025-03-04 21:35:00+00:00,117.31,117.46,117.12,117.21,243863
2025-03-04 21:40:00+00:00,117.2102,117.61,115.99,117.42,253782
2025-03-04 21:45:00+00:00,117.4493,117.7,117.4,117.6399,157796
2025-03-04 21:50:00+00:00,117.63,117.68,117.41,117.56,119867
2025-03-04 21:55:00+00:00,117.57,117.8,117.55,117.7,152006
2025-03-04 22:00:00+00:00,117.68,117.7,117.56,117.6,84473
2025-03-04 22:05:00+00:00,117.6,117.7,117.5601,117.5717,73601
2025-03-04 22:10:00+00:00,117.6,117.63,117.53,117.5802,68909
2025-03-04 22:15:00+00:00,117.58,117.66,117.51,117.5595,85465
2025-03-04 22:20:00+00:00,117.5588,117.68,117.5,117.63,89723
2025-03-04 22:25:00+00:00,117.65,117.65,117.6,117.63,41717
2025-03-04 22:30:00+00:00,117.63,117.85,117.6,117.8399,84070
2025-03-04 22:35:00+00:00,117.83,118.09,117.7708,118.09,169124
2025-03-04 22:40:00+00:00,118.03,118.09,117.81,117.8302,78084
2025-03-04 22:45:00+00:00,117.83,118.0399,117.79,118.0,43544
2025-03-04 22:50:00+00:00,118.01,118.1,117.91,117.9497,78431
2025-03-04 22:55:00+00:00,117.95,118.0,117.9,117.97,42525
2025-03-04 23:00:00+00:00,117.97,118.05,117.8,118.0299,109666
2025-03-04 23:05:00+00:00,118.0787,118.19,117.9735,118.18,81700
2025-03-04 23:10:00+00:00,118.154,118.31,118.12,118.2502,92547
2025-03-04 23:15:00+00:00,118.26,118.49,118.25,118.45,107891
2025-03-04 23:20:00+00:00,118.48,118.67,118.45,118.5812,163338
2025-03-04 23:25:00+00:00,118.6184,118.85,118.58,118.8,132263
2025-03-04 23:30:00+00:00,118.7703,118.8487,118.65,118.68,122649
2025-03-04 23:35:00+00:00,118.68,118.86,118.67,118.72,107196
2025-03-04 23:40:00+00:00,118.72,118.77,118.6,118.6,90339
2025-03-04 23:45:00+00:00,118.61,118.61,118.43,118.47,78864
2025-03-04 23:50:00+00:00,118.47,118.55,118.22,118.2347,94412
2025-03-04 23:55:00+00:00,118.24,118.45,118.2124,118.26,88344
2025-03-05 00:00:00+00:00,118.26,118.46,118.26,118.44,55206
2025-03-05 00:05:00+00:00,118.4498,118.53,118.4,118.5,57185
2025-03-05 00:10:00+00:00,118.5,118.5393,118.26,118.29,63229
2025-03-05 00:15:00+00:00,118.29,118.35,118.1139,118.15,53793
2025-03-05 00:20:00+00:00,118.17,118.2,117.94,118.04,81948
2025-03-05 00:25:00+00:00,118.03,118.05,117.81,117.84,65482
2025-03-05 00:30:00+00:00,117.85,117.9495,117.76,117.7601,65079
2025-03-05 00:35:00+00:00,117.76,117.7799,117.61,117.62,78031
2025-03-05 00:40:00+00:00,117.61,117.72,117.56,117.6892,63022
2025-03-05 00:45:00+00:00,117.689,118.0,117.49,117.82,83951
2025-03-05 00:50:00+00:00,117.81,118.0,117.76,117.8799,61445
2025-03-05 00:55:00+00:00,117.87,117.99,117.84,117.96,101387
2025-03-05 09:00:00+00:00,119.0,119.19,118.02,118.42,211830
2025-03-05 09:05:00+00:00,118.39,118.5,118.27,118.45,63937
2025-03-05 09:10:00+00:00,118.46,118.7,118.37,118.5,74169
2025-03-05 09:15:00+00:00,118.52,118.6,118.27,118.36,58112
2025-03-05 09:20:00+00:00,118.38,118.6,118.38,118.44,44957
2025-03-05 09:25:00+00:00,118.47,118.54,118.38,118.43,31257
2025-03-05 09:30:00+00:00,118.42,118.8,118.41,118.72,63756
2025-03-05 09:35:00+00:00,118.72,118.75,118.44,118.53,71248
2025-03-05 09:40:00+00:00,118.55,118.59,118.42,118.54,39003
2025-03-05 09:45:00+00:00,118.59,118.61,118.46,118.56,33346
2025-03-05 09:50:00+00:00,118.57,118.58,118.36,118.4,53677
2025-03-05 09:55:00+00:00,118.39,118.5,118.28,118.49,40404
2025-03-05 10:00:00+00:00,118.48,118.53,118.24,118.35,45833
2025-03-05 10:05:00+00:00,118.38,118.46,118.3,118.3,23287
2025-03-05 10:10:00+00:00,118.31,118.31,117.88,118.01,114065
2025-03-05 10:15:00+00:00,118.02,118.03,117.68,118.0,76243
2025-03-05 10:20:00+00:00,118.03,118.1,117.68,117.7,115929
2025-03-05 10:25:00+00:00,117.7,117.83,117.46,117.72,72075
2025-03-05 10:30:00+00:00,117.69,118.05,117.65,117.87,50549
2025-03-05 10:35:00+00:00,117.85,118.12,117.84,118.09,24991
2025-03-05 10:40:00+00:00,118.16,118.25,117.96,117.96,59736
2025-03-05 10:45:00+00:00,117.95,118.16,117.91,117.94,45682
2025-03-05 10:50:00+00:00,117.91,117.96,117.69,117.69,34130
2025-03-05 10:55:00+00:00,117.71,117.94,117.62,117.89,40991
2025-03-05 11:00:00+00:00,117.93,118.02,117.81,117.96,34604
2025-03-05 11:05:00+00:00,117.94,118.08,117.77,117.86,30780
2025-03-05 11:10:00+00:00,117.91,117.96,117.72,117.85,23612
2025-03-05 11:15:00+00:00,117.83,117.92,117.8,117.85,26558
2025-03-05 11:20:00+00:00,117.88,117.91,117.49,117.57,38429
2025-03-05 11:25:00+00:00,117.56,117.87,117.45,117.81,37360
2025-03-05 11:30:00+00:00,117.73,118.01,117.69,117.95,63594
2025-03-05 11:35:00+00:00,117.95,118.1,117.94,118.0,82658
2025-03-05 11:40:00+00:00,118.0,118.14,117.95,118.14,41844
2025-03-05 11:45:00+00:00,118.12,118.21,118.1,118.19,47862
2025-03-05 11:50:00+00:00,118.18,118.18,117.08,117.21,218397
2025-03-05 11:55:00+00:00,117.21,117.64,117.19,117.51,100998
2025-03-05 12:00:00+00:00,117.59,118.1,117.41,117.49,190549
2025-03-05 12:05:00+00:00,117.47,117.9,117.41,117.85,84779
2025-03-05 12:10:00+00:00,117.86,118.1,117.66,117.87,111057
2025-03-05 12:15:00+00:00,117.82,117.92,117.63,117.65,71862
2025-03-05 12:20:00+00:00,117.69,117.78,117.39,117.67,118891
2025-03-05 12:25:00+00:00,117.65,117.8,117.45,117.65,80137
2025-03-05 12:30:00+00:00,117.67,117.9,117.67,117.86,72512
2025-03-05 12:35:00+00:00,117.84,117.99,117.8,117.99,59511
2025-03-05 12:40:00+00:00,117.98,118.03,117.88,117.95,61127
2025-03-05 12:45:00+00:00,117.96,117.97,117.65,117.75,71898
2025-03-05 12:50:00+00:00,117.75,117.84,117.65,117.7,42942
2025-03-05 12:55:00+00:00,117.68,117.75,117.56,117.7,68171
2025-03-05 13:00:00+00:00,117.75,119.22,117.4,117.8014,1367940
2025-03-05 13:05:00+00:00,117.81,117.81,117.58,117.68,152106
2025-03-05 13:10:00+00:00,117.6707,117.83,117.58,117.64,136442
2025-03-05 13:15:00+00:00,117.65,117.76,117.31,117.37,235501
2025-03-05 13:20:00+00:00,117.35,117.57,117.27,117.3035,196554
2025-03-05 13:25:00+00:00,117.33,117.42,116.67,116.83,419506
2025-03-05 13:30:00+00:00,116.85,117.3,116.8,117.19,234733
2025-03-05 13:35:00+00:00,117.19,117.19,116.8,116.8731,209801
2025-03-05 13:40:00+00:00,116.9,117.09,116.75,116.77,167208
2025-03-05 13:45:00+00:00,116.7766,117.1,116.68,116.88,201832
2025-03-05 13:50:00+00:00,116.87,117.14,116.83,117.1024,131954
2025-03-05 13:55:00+00:00,117.11,117.11,116.65,116.66,169764
2025-03-05 14:00:00+00:00,116.65,116.86,116.13,116.1954,409996
2025-03-05 14:05:00+00:00,116.17,116.6784,116.1201,116.47,219693
2025-03-05 14:10:00+00:00,116.47,116.8,116.4201,116.79,167585
2025-03-05 14:15:00+00:00,116.78,116.94,116.61,116.9002,208708
2025-03-05 14:20:00+00:00,116.91,116.98,116.73,116.75,106237
2025-03-05 14:25:00+00:00,116.83,117.78,116.8,117.56,601558
2025-03-05 14:30:00+00:00,117.58,118.0,115.4703,115.9492,11370944
2025-03-05 14:35:00+00:00,115.94,116.42,115.04,115.97,7418522
2025-03-05 14:40:00+00:00,115.965,117.0754,115.95,116.36,6802102
2025-03-05 14:45:00+00:00,116.3609,116.46,115.41,115.438,4725793
2025-03-05 14:50:00+00:00,115.42,116.58,115.27,115.51,4506361
2025-03-05 14:55:00+00:00,115.51,115.85,114.64,115.15,6644224
2025-03-05 15:00:00+00:00,115.16,116.99,115.16,116.4504,6177830
2025-03-05 15:05:00+00:00,116.47,117.0,116.1,116.4099,4434663
2025-03-05 15:10:00+00:00,116.395,116.7899,115.86,116.1,3775879
2025-03-05 15:15:00+00:00,116.06,116.23,115.15,115.39,3777231
2025-03-05 15:20:00+00:00,115.4,115.8799,114.7,115.47,5628820
2025-03-05 15:25:00+00:00,115.46,116.205,115.39,115.97,4203697
2025-03-05 15:30:00+00:00,115.97,116.37,115.71,115.87,2768009
2025-03-05 15:35:00+00:00,115.8635,116.86,115.83,116.7,3086080
2025-03-05 15:40:00+00:00,116.72,116.765,116.05,116.35,2535376
2025-03-05 15:45:00+00:00,116.33,116.7,115.5502,115.7828,3082078
2025-03-05 15:50:00+00:00,115.77,116.43,115.385,116.365,3483147
2025-03-05 15:55:00+00:00,116.37,116.52,115.77,115.92,2583813
2025-03-05 16:00:00+00:00,115.9,115.9,115.4,115.6965,2604043
2025-03-05 16:05:00+00:00,115.6805,115.91,115.24,115.35,6099681
2025-03-05 16:10:00+00:00,115.33,115.41,114.69,115.08,4238387
2025-03-05 16:15:00+00:00,115.08,115.2798,114.78,114.8401,2389271
2025-03-05 16:20:00+00:00,114.855,115.26,114.51,115.16,3562966
2025-03-05 16:25:00+00:00,115.14,115.52,114.78,115.4099,2760266
2025-03-05 16:30:00+00:00,115.4,115.48,114.77,114.9303,2535185
2025-03-05 16:35:00+00:00,114.95,115.55,114.8,115.205,2060769
2025-03-05 16:40:00+00:00,115.21,115.27,114.58,114.655,2431441
2025-03-05 16:45:00+00:00,114.655,115.19,114.52,115.01,2280739
2025-03-05 16:50:00+00:00,115.0,115.25,114.68,115.1709,2067861
2025-03-05 16:55:00+00:00,115.175,116.4,115.11,115.89,4039588
2025-03-05 17:00:00+00:00,115.88,116.3771,115.45,115.52,2850633
2025-03-05 17:05:00+00:00,115.53,116.11,115.46,116.09,1752447
2025-03-05 17:10:00+00:00,116.0986,116.38,115.875,115.925,2061577
2025-03-05 17:15:00+00:00,115.92,116.49,115.85,116.225,2182998
2025-03-05 17:20:00+00:00,116.225,116.82,116.05,116.67,2707548
2025-03-05 17:25:00+00:00,116.67,116.805,116.3,116.5631,2072385
2025-03-05 17:30:00+00:00,116.56,116.66,116.335,116.56,1524598
2025-03-05 17:35:00+00:00,116.55,117.1,116.3,117.0458,2391917
2025-03-05 17:40:00+00:00,117.04,117.1,116.66,116.87,1939913
2025-03-05 17:45:00+00:00,116.87,116.98,116.16,116.88,2608866
2025-03-05 17:50:00+00:00,116.9,117.77,116.88,117.59,3701498
2025-03-05 17:55:00+00:00,117.58,117.91,117.445,117.735,2388879
2025-03-05 18:00:00+00:00,117.72,117.91,117.23,117.685,2499234
2025-03-05 18:05:00+00:00,117.685,117.76,116.13,116.385,3534249
2025-03-05 18:10:00+00:00,116.37,117.3,116.33,116.94,2941240
2025-03-05 18:15:00+00:00,116.9015,117.18,116.41,116.83,2600231
2025-03-05 18:20:00+00:00,116.84,117.05,116.31,116.59,1712820
2025-03-05 18:25:00+00:00,116.6,116.69,116.11,116.27,1819112
2025-03-05 18:30:00+00:00,116.27,116.8,115.82,116.45,2921465
2025-03-05 18:35:00+00:00,116.45,116.74,116.17,116.57,1918801
2025-03-05 18:40:00+00:00,116.57,116.58,116.01,116.3506,1462331
2025-03-05 18:45:00+00:00,116.35,116.9799,116.31,116.84,1948471
2025-03-05 18:50:00+00:00,116.84,117.14,116.775,117.03,1692406
2025-03-05 18:55:00+00:00,117.02,117.44,116.95,117.33,1885024
2025-03-05 19:00:00+00:00,117.32,117.4207,116.8801,117.24,1941647
2025-03-05 19:05:00+00:00,117.23,117.78,117.1,117.7493,2287982
2025-03-05 19:10:00+00:00,117.75,118.17,117.57,117.96,2896262
2025-03-05 19:15:00+00:00,117.97,118.23,117.34,117.431,3202262
2025-03-05 19:20:00+00:00,117.44,117.85,117.21,117.82,1946615
2025-03-05 19:25:00+00:00,117.81,117.85,117.06,117.1098,1900753
2025-03-05 19:30:00+00:00,117.11,117.525,117.1,117.3799,1625452
2025-03-05 19:35:00+00:00,117.37,117.59,116.73,117.0398,2280165
2025-03-05 19:40:00+00:00,117.04,117.39,117.02,117.11,1377139
2025-03-05 19:45:00+00:00,117.13,117.48,116.9182,117.37,1676461
2025-03-05 19:50:00+00:00,117.375,117.53,117.12,117.5099,1550903
2025-03-05 19:55:00+00:00,117.51,117.9858,117.4233,117.5145,2639444
2025-03-05 20:00:00+00:00,117.5,118.12,117.41,117.9799,2833943
2025-03-05 20:05:00+00:00,117.979,118.2781,117.78,118.1701,2496620
2025-03-05 20:10:00+00:00,118.16,118.18,117.7,118.045,2215971
2025-03-05 20:15:00+00:00,118.05,118.149,116.98,117.36,2900377
2025-03-05 20:20:00+00:00,117.38,117.49,116.76,117.32,2531302
2025-03-05 20:25:00+00:00,117.29,117.69,117.15,117.65,2089502
2025-03-05 20:30:00+00:00,117.64,117.66,117.18,117.5224,2368537
2025-03-05 20:35:00+00:00,117.54,117.83,117.19,117.69,2179611
2025-03-05 20:40:00+00:00,117.6701,117.98,117.58,117.96,3248752
2025-03-05 20:45:00+00:00,117.96,117.985,117.52,117.8001,2424350
2025-03-05 20:50:00+00:00,117.8,118.209,117.2,118.11,4135913
2025-03-05 20:55:00+00:00,118.1,118.1,117.12,117.3,6455847
2025-03-05 21:00:00+00:00,117.29,117.8,116.99,117.12,19773826
2025-03-05 21:05:00+00:00,117.14,117.3,116.44,116.85,649771
2025-03-05 21:10:00+00:00,116.87,117.0,116.7,116.7407,348071
2025-03-05 21:15:00+00:00,116.741,117.13,116.7,117.05,208980
2025-03-05 21:20:00+00:00,117.0799,117.3,116.7209,117.2,8853224
2025-03-05 21:25:00+00:00,117.18,117.38,117.0615,117.38,92972
2025-03-05 21:30:00+00:00,117.36,117.3696,117.12,117.1203,73716
2025-03-05 21:35:00+00:00,117.12,117.37,117.03,117.3,1114326
2025-03-05 21:40:00+00:00,117.3,117.3,117.15,117.2101,29928
2025-03-05 21:45:00+00:00,117.23,117.27,117.05,117.15,34851
2025-03-05 21:50:00+00:00,117.15,117.17,117.03,117.17,52160
2025-03-05 21:55:00+00:00,117.17,117.3,117.1,117.1801,309962
2025-03-05 22:00:00+00:00,117.18,117.22,117.0601,117.08,44654
2025-03-05 22:05:00+00:00,117.07,117.16,117.03,117.05,35848
2025-03-05 22:10:00+00:00,117.06,117.0895,116.94,117.0002,51215
2025-03-05 22:15:00+00:00,117.0,117.04,116.9,116.9,36200
2025-03-05 22:20:00+00:00,116.881,117.05,116.85,116.98,53070
2025-03-05 22:25:00+00:00,116.98,117.1,116.87,116.87,72332
2025-03-05 22:30:00+00:00,116.9,117.04,116.85,117.0,2599628
2025-03-05 22:35:00+00:00,116.94,117.0,116.8703,116.92,24279
2025-03-05 22:40:00+00:00,116.93,116.9796,116.88,116.9211,23949
2025-03-05 22:45:00+00:00,116.921,116.96,116.9,116.949,26192
2025-03-05 22:50:00+00:00,116.95,116.95,116.9,116.93,19930
2025-03-05 22:55:00+00:00,116.9,116.92,116.7993,116.7993,27221
2025-03-05 23:00:00+00:00,116.78,116.9,116.6,116.8797,106429
2025-03-05 23:05:00+00:00,116.85,116.93,116.85,116.8807,17262
2025-03-05 23:10:00+00:00,116.9,116.93,116.85,116.86,25941
2025-03-05 23:15:00+00:00,116.87,116.89,116.85,116.85,25785
2025-03-05 23:20:00+00:00,116.8501,116.9,116.76,116.78,24163
2025-03-05 23:25:00+00:00,116.8,116.9,116.8,116.84,25017
2025-03-05 23:30:00+00:00,116.84,116.84,116.67,116.75,49973
2025-03-05 23:35:00+00:00,116.75,116.84,116.71,116.84,25226
2025-03-05 23:40:00+00:00,116.84,116.89,116.79,116.8,22270
2025-03-05 23:45:00+00:00,116.78,116.79,116.68,116.71,27327
2025-03-05 23:50:00+00:00,116.7447,116.75,116.72,116.72,15421
2025-03-05 23:55:00+00:00,116.73,116.81,116.64,116.65,42053
2025-03-06 00:00:00+00:00,116.65,116.7292,116.6412,116.7101,25906
2025-03-06 00:05:00+00:00,116.72,116.72,116.65,116.7,19559
2025-03-06 00:10:00+00:00,116.69,116.72,116.65,116.69,25441
2025-03-06 00:15:00+00:00,116.69,116.7788,116.66,116.7,32220
2025-03-06 00:20:00+00:00,116.71,116.77,116.7,116.7374,17332
2025-03-06 00:25:00+00:00,116.7393,116.79,116.71,116.79,31393
2025-03-06 00:30:00+00:00,116.789,116.79,116.7394,116.7796,18369
2025-03-06 00:35:00+00:00,116.7793,116.82,116.73,116.75,21457
2025-03-06 00:40:00+00:00,116.7498,116.76,116.7,116.76,21670
2025-03-06 00:45:00+00:00,116.75,116.78,116.72,116.74,21831
2025-03-06 00:50:00+00:00,116.7274,116.7394,116.61,116.62,32407
2025-03-06 00:55:00+00:00,116.61,116.65,116.5,116.5199,101453
2025-03-06 09:00:00+00:00,119.64,119.64,115.71,116.11,150472
2025-03-06 09:05:00+00:00,116.1,116.27,115.51,115.53,92407
2025-03-06 09:10:00+00:00,115.51,115.63,114.92,115.06,224361
2025-03-06 09:15:00+00:00,115.08,115.34,114.85,114.91,110664
2025-03-06 09:20:00+00:00,114.93,115.4,114.92,115.08,98465
2025-03-06 09:25:00+00:00,115.08,115.21,114.81,114.82,81479
2025-03-06 09:30:00+00:00,114.81,115.05,114.65,114.84,99343
2025-03-06 09:35:00+00:00,114.83,115.03,114.8,114.94,81955
2025-03-06 09:40:00+00:00,114.94,115.11,114.94,114.98,57425
2025-03-06 09:45:00+00:00,114.95,115.17,114.84,114.96,61490
2025-03-06 09:50:00+00:00,114.93,115.05,114.8,114.8,81407
2025-03-06 09:55:00+00:00,114.76,114.93,114.56,114.93,90095
2025-03-06 10:00:00+00:00,114.9,114.92,114.27,114.64,142648
2025-03-06 10:05:00+00:00,114.68,114.8,114.59,114.79,60086
2025-03-06 10:10:00+00:00,114.82,115.14,114.8,114.9,88882
2025-03-06 10:15:00+00:00,114.9,115.1,114.86,115.0,37722
2025-03-06 10:20:00+00:00,115.05,115.36,115.01,115.32,78259
2025-03-06 10:25:00+00:00,115.32,115.49,115.18,115.2,66350
2025-03-06 10:30:00+00:00,115.2,115.33,115.2,115.23,26203
2025-03-06 10:35:00+00:00,115.2,115.38,115.07,115.09,57159
2025-03-06 10:40:00+00:00,115.1,115.12,114.91,114.97,63098
2025-03-06 10:45:00+00:00,114.98,115.11,114.95,115.0,33091
2025-03-06 10:50:00+00:00,115.04,115.04,114.81,114.95,55673
2025-03-06 10:55:00+00:00,114.87,115.01,114.83,114.95,47865
2025-03-06 11:00:00+00:00,114.92,114.96,114.58,114.71,109237
2025-03-06 11:05:00+00:00,114.74,115.08,114.72,114.84,58822
2025-03-06 11:10:00+00:00,114.88,115.0,114.75,114.83,31873
2025-03-06 11:15:00+00:00,114.85,114.99,114.72,114.95,30841
2025-03-06 11:20:00+00:00,114.98,115.04,114.9,115.0,34767
2025-03-06 11:25:00+00:00,115.03,115.03,114.85,114.91,31449
2025-03-06 11:30:00+00:00,114.9,115.04,114.71,114.9,48242
2025-03-06 11:35:00+00:00,114.9,115.0,114.85,114.93,46532
2025-03-06 11:40:00+00:00,114.93,115.15,114.92,115.14,34938
2025-03-06 11:45:00+00:00,115.14,115.2,115.02,115.02,37727
2025-03-06 11:50:00+00:00,115.03,115.03,114.94,114.94,47473
2025-03-06 11:55:00+00:00,114.96,114.98,114.72,114.79,85058
2025-03-06 12:00:00+00:00,114.82,115.09,114.33,114.65,255969
2025-03-06 12:05:00+00:00,114.65,114.65,114.35,114.351,120411
2025-03-06 12:10:00+00:00,114.35,114.5,114.18,114.4,124125
2025-03-06 12:15:00+00:00,114.38,114.43,114.05,114.23,139767
2025-03-06 12:20:00+00:00,114.23,114.36,114.01,114.09,134151
2025-03-06 12:25:00+00:00,114.11,114.44,114.09,114.39,85869
2025-03-06 12:30:00+00:00,114.38,114.41,114.08,114.12,86982
2025-03-06 12:35:00+00:00,114.12,114.12,113.45,113.46,375232
2025-03-06 12:40:00+00:00,113.43,113.64,113.42,113.49,186221
2025-03-06 12:45:00+00:00,113.49,113.83,113.47,113.52,133964
2025-03-06 12:50:00+00:00,113.52,113.75,113.45,113.66,121562
2025-03-06 12:55:00+00:00,113.69,113.79,113.61,113.69,86596
2025-03-06 13:00:00+00:00,113.66,117.28,113.0,113.15,1963343
2025-03-06 13:05:00+00:00,113.2182,113.45,113.0,113.32,331372
2025-03-06 13:10:00+00:00,113.34,113.41,113.0,113.11,181877
2025-03-06 13:15:00+00:00,113.1,113.4189,113.05,113.13,221418
2025-03-06 13:20:00+00:00,113.13,113.3396,113.1,113.19,218076
2025-03-06 13:25:00+00:00,113.19,113.62,113.19,113.62,247342
2025-03-06 13:30:00+00:00,113.62,113.95,113.57,113.91,397657
2025-03-06 13:35:00+00:00,113.91,113.96,113.66,113.67,372246
2025-03-06 13:40:00+00:00,113.6769,113.6769,113.32,113.43,287107
2025-03-06 13:45:00+00:00,113.4493,113.55,113.25,113.54,348991
2025-03-06 13:50:00+00:00,113.52,113.5399,113.23,113.36,250283
2025-03-06 13:55:00+00:00,113.42,113.54,113.26,113.3,188592
2025-03-06 14:00:00+00:00,113.3,113.52,113.14,113.42,320887
2025-03-06 14:05:00+00:00,113.4001,113.68,113.34,113.56,236763
2025-03-06 14:10:00+00:00,113.56,113.56,113.4,113.48,127011
2025-03-06 14:15:00+00:00,113.47,113.47,113.22,113.32,223492
2025-03-06 14:20:00+00:00,113.35,113.48,113.2507,113.44,177524
2025-03-06 14:25:00+00:00,113.41,113.6,113.03,113.5,409233
2025-03-06 14:30:00+00:00,113.48,113.795,112.5801,113.645,11080102
2025-03-06 14:35:00+00:00,113.64,113.7,112.3,113.42,7741042
2025-03-06 14:40:00+00:00,113.4,114.07,113.09,113.11,5557232
2025-03-06 14:45:00+00:00,113.11,113.975,112.84,113.76,5587618
2025-03-06 14:50:00+00:00,113.77,114.35,113.5999,113.95,5094645
2025-03-06 14:55:00+00:00,113.92,114.17,113.31,113.58,3448554
2025-03-06 15:00:00+00:00,113.585,114.68,113.2901,114.2958,5267210
2025-03-06 15:05:00+00:00,114.29,114.88,114.15,114.5902,4051428
2025-03-06 15:10:00+00:00,114.59,114.78,114.0803,114.4773,3498548
2025-03-06 15:15:00+00:00,114.465,115.08,114.39,114.9707,3960344
2025-03-06 15:20:00+00:00,114.9701,115.35,114.8,114.84,3557175
2025-03-06 15:25:00+00:00,114.835,114.935,114.3209,114.8444,3665348
2025-03-06 15:30:00+00:00,114.84,115.0176,114.52,114.59,2154052
2025-03-06 15:35:00+00:00,114.6,115.08,114.45,114.965,2294219
2025-03-06 15:40:00+00:00,114.98,115.25,114.76,115.13,2665155
2025-03-06 15:45:00+00:00,115.12,115.34,114.88,114.88,2685062
2025-03-06 15:50:00+00:00,114.88,114.94,114.1101,114.2199,2887161
2025-03-06 15:55:00+00:00,114.23,114.32,113.86,114.2464,2943403
2025-03-06 16:00:00+00:00,114.2495,114.83,114.2495,114.4777,6961091
2025-03-06 16:05:00+00:00,114.4798,114.85,114.23,114.805,2120758
2025-03-06 16:10:00+00:00,114.801,115.0,114.52,114.7188,2400964
2025-03-06 16:15:00+00:00,114.71,114.83,114.56,114.565,1483565
2025-03-06 16:20:00+00:00,114.585,114.6399,113.96,114.265,2282604
2025-03-06 16:25:00+00:00,114.265,114.37,113.57,114.03,3343681
2025-03-06 16:30:00+00:00,114.04,114.76,113.99,114.32,2923939
2025-03-06 16:35:00+00:00,114.34,114.38,113.31,113.37,2983642
2025-03-06 16:40:00+00:00,113.38,113.44,113.13,113.3028,2674315
2025-03-06 16:45:00+00:00,113.32,113.57,113.1,113.29,2373520
2025-03-06 16:50:00+00:00,113.29,113.3098,112.8001,113.0185,3448707
2025-03-06 16:55:00+00:00,113.0,113.13,112.71,112.76,3025709
2025-03-06 17:00:00+00:00,112.755,113.04,111.88,111.92,5081426
2025-03-06 17:05:00+00:00,111.92,112.345,111.7805,112.29,4270846
2025-03-06 17:10:00+00:00,112.29,112.32,111.73,111.775,2919647
2025-03-06 17:15:00+00:00,111.79,111.9187,111.26,111.8,4204204
2025-03-06 17:20:00+00:00,111.8,112.4388,111.7716,111.865,3812376
2025-03-06 17:25:00+00:00,111.8688,111.875,111.21,111.6356,3588970
2025-03-06 17:30:00+00:00,111.64,112.245,111.48,111.98,3162111
2025-03-06 17:35:00+00:00,111.96,112.0393,111.41,111.63,2352163
2025-03-06 17:40:00+00:00,111.64,112.29,111.58,111.9901,2640909
2025-03-06 17:45:00+00:00,111.99,112.0,110.95,110.97,4668343
2025-03-06 17:50:00+00:00,110.97,111.5402,110.95,111.21,3775996
2025-03-06 17:55:00+00:00,111.2,111.86,111.165,111.565,2593011
2025-03-06 18:00:00+00:00,111.56,111.74,111.13,111.36,2500042
2025-03-06 18:05:00+00:00,111.35,111.66,111.23,111.26,1831186
2025-03-06 18:10:00+00:00,111.25,111.5,111.05,111.46,2190299
2025-03-06 18:15:00+00:00,111.455,111.83,111.4401,111.7099,2563858
2025-03-06 18:20:00+00:00,111.71,112.0,111.55,111.91,2196005
2025-03-06 18:25:00+00:00,111.91,112.04,111.4,111.535,3107489
2025-03-06 18:30:00+00:00,111.53,111.905,111.29,111.765,2207236
2025-03-06 18:35:00+00:00,111.77,111.9,110.92,110.945,3380315
2025-03-06 18:40:00+00:00,110.94,110.965,110.44,110.465,4606523
2025-03-06 18:45:00+00:00,110.47,111.2,110.45,110.903,3216235
2025-03-06 18:50:00+00:00,110.91,111.48,110.86,111.3398,2589073
2025-03-06 18:55:00+00:00,111.3301,111.63,111.18,111.54,2051175
2025-03-06 19:00:00+00:00,111.54,111.745,110.8307,110.855,2660011
2025-03-06 19:05:00+00:00,110.86,111.22,110.8,110.97,2215407
2025-03-06 19:10:00+00:00,110.97,111.25,110.86,110.91,1917303
2025-03-06 19:15:00+00:00,110.91,111.15,110.34,110.48,3405560
2025-03-06 19:20:00+00:00,110.49,110.76,110.37,110.69,2465999
2025-03-06 19:25:00+00:00,110.6965,110.6965,110.34,110.53,3056656
2025-03-06 19:30:00+00:00,110.52,110.81,110.25,110.57,2944324
2025-03-06 19:35:00+00:00,110.57,110.62,110.22,110.27,3400778
2025-03-06 19:40:00+00:00,110.27,110.99,110.22,110.76,3252907
2025-03-06 19:45:00+00:00,110.77,111.82,110.71,111.6288,4243189
2025-03-06 19:50:00+00:00,111.63,112.22,111.41,111.89,4645022
2025-03-06 19:55:00+00:00,111.88,111.91,110.8,110.845,3526041
2025-03-06 20:00:00+00:00,110.85,111.58,110.51,111.415,3546617
2025-03-06 20:05:00+00:00,111.41,111.8,111.2,111.41,2671345
2025-03-06 20:10:00+00:00,111.4,111.7888,111.3,111.6899,2499753
2025-03-06 20:15:00+00:00,111.68,111.85,111.15,111.41,2508571
2025-03-06 20:20:00+00:00,111.4,111.56,110.5219,110.6789,3401508
2025-03-06 20:25:00+00:00,110.68,111.1774,110.62,111.09,2591553
2025-03-06 20:30:00+00:00,111.1,111.5,110.965,111.08,3880050
2025-03-06 20:35:00+00:00,111.09,111.385,110.73,110.8581,3241683
2025-03-06 20:40:00+00:00,110.85,110.95,110.53,110.615,3757428
2025-03-06 20:45:00+00:00,110.62,110.895,110.47,110.88,3979936
2025-03-06 20:50:00+00:00,110.9,111.31,110.55,110.89,5522746
2025-03-06 20:55:00+00:00,110.88,110.9787,110.41,110.58,9628936
2025-03-06 21:00:00+00:00,110.57,110.86,110.56,110.84,24585979
2025-03-06 21:05:00+00:00,110.8402,110.86,110.57,110.66,218991
2025-03-06 21:10:00+00:00,110.71,110.77,110.45,110.5408,162678
2025-03-06 21:15:00+00:00,110.54,111.87,110.54,111.86,1692369
2025-03-06 21:20:00+00:00,111.87,112.18,111.59,111.7,940692
2025-03-06 21:25:00+00:00,111.75,112.2,111.65,112.0888,456586
2025-03-06 21:30:00+00:00,112.04,112.08,110.57,111.8817,313259
2025-03-06 21:35:00+00:00,111.8817,112.04,110.57,112.0,269171
2025-03-06 21:40:00+00:00,112.0,112.0,111.73,111.82,150749
2025-03-06 21:45:00+00:00,111.84,113.2289,111.71,111.77,121366
2025-03-06 21:50:00+00:00,111.79,111.89,111.75,111.8,100388
2025-03-06 21:55:00+00:00,111.79,111.89,111.7507,111.85,2793024
2025-03-06 22:00:00+00:00,111.85,111.85,111.58,111.6397,128604
2025-03-06 22:05:00+00:00,111.64,111.85,111.53,111.82,155557
2025-03-06 22:10:00+00:00,111.81,112.19,111.76,112.1499,383576
2025-03-06 22:15:00+00:00,112.15,112.37,111.95,112.0613,441136
2025-03-06 22:20:00+00:00,112.1,112.127,111.9,111.97,121752
2025-03-06 22:25:00+00:00,111.97,112.03,111.6,111.74,179648
2025-03-06 22:30:00+00:00,111.7899,111.7899,111.3,111.7,181380
2025-03-06 22:35:00+00:00,111.65,111.8,111.6,111.77,86019
2025-03-06 22:40:00+00:00,111.7999,111.81,111.7,111.7901,60095
2025-03-06 22:45:00+00:00,111.79,111.96,111.7,111.9,80825
2025-03-06 22:50:00+00:00,111.86,112.02,111.8,112.02,143434
2025-03-06 22:55:00+00:00,112.02,112.08,111.9,112.0297,82349
2025-03-06 23:00:00+00:00,112.03,112.07,111.82,111.83,109361
2025-03-06 23:05:00+00:00,111.83,111.85,111.5,111.7,128822
2025-03-06 23:10:00+00:00,111.7,111.75,111.6514,111.74,63371
2025-03-06 23:15:00+00:00,111.74,111.7787,111.66,111.704,34162
2025-03-06 23:20:00+00:00,111.71,111.72,111.49,111.55,76015
2025-03-06 23:25:00+00:00,111.551,111.6,111.28,111.32,67699
2025-03-06 23:30:00+00:00,111.28,111.54,111.26,111.5013,60418
2025-03-06 23:35:00+00:00,111.54,111.6,111.3,111.35,49819
2025-03-06 23:40:00+00:00,111.3311,111.47,111.2812,111.34,37969
2025-03-06 23:45:00+00:00,111.3613,111.3613,111.11,111.31,59489
2025-03-06 23:50:00+00:00,111.32,111.33,111.25,111.2599,40347
2025-03-06 23:55:00+00:00,111.25,111.3,111.15,111.29,62899
2025-03-07 00:00:00+00:00,111.29,111.3,111.2,111.2701,48077
2025-03-07 00:05:00+00:00,111.29,111.4,111.22,111.31,132453
2025-03-07 00:10:00+00:00,111.31,111.48,111.3001,111.44,50109
2025-03-07 00:15:00+00:00,111.45,111.4802,111.37,111.4,49295
2025-03-07 00:20:00+00:00,111.4,111.4,111.21,111.22,42870
2025-03-07 00:25:00+00:00,111.2,111.22,111.07,111.1,132426
2025-03-07 00:30:00+00:00,111.1081,111.37,111.08,111.26,66219
2025-03-07 00:35:00+00:00,111.35,111.51,111.3,111.46,93913
2025-03-07 00:40:00+00:00,111.46,111.679,111.411,111.62,123727
2025-03-07 00:45:00+00:00,111.6005,111.62,111.46,111.55,67607
2025-03-07 00:50:00+00:00,111.56,111.5999,111.5,111.5301,53598
2025-03-07 00:55:00+00:00,111.55,111.57,111.41,111.5,110394
2025-03-07 09:00:00+00:00,111.7,113.5,111.7,112.3,128019
2025-03-07 09:05:00+00:00,112.3,112.77,112.3,112.73,113968
2025-03-07 09:10:00+00:00,112.75,112.75,112.39,112.64,70815
2025-03-07 09:15:00+00:00,112.63,112.66,112.23,112.35,74445
2025-03-07 09:20:00+00:00,112.36,112.4,112.17,112.18,53197
2025-03-07 09:25:00+00:00,112.23,112.38,112.2,112.31,41570
2025-03-07 09:30:00+00:00,112.3,112.3,112.05,112.09,36534
2025-03-07 09:35:00+00:00,112.12,112.13,111.96,111.96,36194
2025-03-07 09:40:00+00:00,111.96,112.08,111.83,112.08,40239
2025-03-07 09:45:00+00:00,112.09,112.39,112.07,112.39,32747
2025-03-07 09:50:00+00:00,112.39,112.4,112.11,112.18,35550
2025-03-07 09:55:00+00:00,112.2,112.24,112.15,112.16,17369
2025-03-07 10:00:00+00:00,112.16,112.25,112.08,112.15,25937
2025-03-07 10:05:00+00:00,112.19,112.19,111.92,111.92,38993
2025-03-07 10:10:00+00:00,111.92,112.14,111.92,112.08,25689
2025-03-07 10:15:00+00:00,112.1,112.14,111.94,112.14,17898
2025-03-07 10:20:00+00:00,112.15,112.21,112.11,112.21,11913
2025-03-07 10:25:00+00:00,112.21,112.25,112.04,112.07,10524
2025-03-07 10:30:00+00:00,112.1,112.2,112.07,112.2,10440
2025-03-07 10:35:00+00:00,112.2,112.27,112.17,112.17,11711
2025-03-07 10:40:00+00:00,112.22,112.38,112.2,112.22,26396
2025-03-07 10:45:00+00:00,112.2,112.3,112.16,112.3,24277
2025-03-07 10:50:00+00:00,112.3,112.32,112.12,112.2,40061
2025-03-07 10:55:00+00:00,112.16,112.26,112.05,112.15,33354
2025-03-07 11:00:00+00:00,112.18,112.2,111.92,112.19,52193
2025-03-07 11:05:00+00:00,112.2,112.25,112.13,112.19,21522
2025-03-07 11:10:00+00:00,112.17,112.18,112.08,112.11,20160
2025-03-07 11:15:00+00:00,112.13,112.2,112.13,112.2,19048
2025-03-07 11:20:00+00:00,112.19,112.22,112.15,112.2,20234
2025-03-07 11:25:00+00:00,112.18,112.24,112.15,112.24,29671
2025-03-07 11:30:00+00:00,112.22,112.59,112.22,112.56,49793
2025-03-07 11:35:00+00:00,112.57,112.7,112.49,112.64,54632
2025-03-07 11:40:00+00:00,112.65,112.65,112.33,112.4,47333
2025-03-07 11:45:00+00:00,112.39,112.4,112.3,112.3,24888
2025-03-07 11:50:00+00:00,112.3,112.33,112.25,112.3,16384
2025-03-07 11:55:00+00:00,112.28,112.3,112.0,112.2,64396
2025-03-07 12:00:00+00:00,112.2,112.2,111.32,111.68,240246
2025-03-07 12:05:00+00:00,111.67,111.75,111.41,111.74,105146
2025-03-07 12:10:00+00:00,111.73,112.07,111.57,111.93,117901
2025-03-07 12:15:00+00:00,111.93,111.94,111.63,111.63,98768
2025-03-07 12:20:00+00:00,111.65,111.7,111.51,111.61,75881
2025-03-07 12:25:00+00:00,111.61,111.63,111.53,111.57,44825
2025-03-07 12:30:00+00:00,111.56,111.7,111.49,111.62,65893
2025-03-07 12:35:00+00:00,111.63,111.68,111.49,111.5,58105
2025-03-07 12:40:00+00:00,111.49,111.5,111.04,111.04,149369
2025-03-07 12:45:00+00:00,111.05,111.15,110.8,111.13,240565
2025-03-07 12:50:00+00:00,111.13,111.36,110.98,111.24,175029
2025-03-07 12:55:00+00:00,111.23,111.49,111.2,111.39,71379
2025-03-07 13:00:00+00:00,111.39,112.7288,110.8,111.3803,1215712
2025-03-07 13:05:00+00:00,111.38,111.59,111.27,111.42,151413
2025-03-07 13:10:00+00:00,111.44,111.62,111.34,111.53,163065
2025-03-07 13:15:00+00:00,111.5201,111.74,111.42,111.7201,349691
2025-03-07 13:20:00+00:00,111.74,111.84,111.6401,111.6888,145061
2025-03-07 13:25:00+00:00,111.67,111.7498,110.57,111.74,171879
2025-03-07 13:30:00+00:00,111.7,112.68,111.45,112.22,1193262
2025-03-07 13:35:00+00:00,112.17,112.67,112.0,112.2722,538781
2025-03-07 13:40:00+00:00,112.3601,112.4,111.9,112.1605,364037
2025-03-07 13:45:00+00:00,112.18,112.4,111.9901,112.09,261926
2025-03-07 13:50:00+00:00,112.09,112.12,111.8,111.8733,217369
2025-03-07 13:55:00+00:00,111.93,111.93,111.43,111.6399,371513
2025-03-07 14:00:00+00:00,111.62,111.92,111.5,111.9,250608
2025-03-07 14:05:00+00:00,111.87,111.9,111.46,111.65,187384
2025-03-07 14:10:00+00:00,111.63,111.66,110.9,111.2095,494887
2025-03-07 14:15:00+00:00,111.21,111.3591,111.05,111.29,269686
2025-03-07 14:20:00+00:00,111.3288,111.81,111.25,111.59,315246
2025-03-07 14:25:00+00:00,111.46,111.71,111.06,111.15,281844
2025-03-07 14:30:00+00:00,111.25,112.5,111.0,112.0184,9779662
2025-03-07 14:35:00+00:00,112.01,112.39,110.73,112.27,7381707
2025-03-07 14:40:00+00:00,112.235,112.88,111.85,112.025,7034572
2025-03-07 14:45:00+00:00,112.025,113.06,111.86,112.73,5723161
2025-03-07 14:50:00+00:00,112.7202,113.4343,112.37,113.1773,6210872
2025-03-07 14:55:00+00:00,113.18,113.48,112.45,112.505,4865670
2025-03-07 15:00:00+00:00,112.505,112.74,111.8601,112.4444,4734782
2025-03-07 15:05:00+00:00,112.44,112.98,112.15,112.7,3577897
2025-03-07 15:10:00+00:00,112.7,112.875,112.05,112.2,3238021
2025-03-07 15:15:00+00:00,112.21,112.23,111.58,111.8746,4367694
2025-03-07 15:20:00+00:00,111.875,112.07,111.08,111.78,4937351
2025-03-07 15:25:00+00:00,111.78,111.8136,110.825,111.04,4404722
2025-03-07 15:30:00+00:00,111.03,111.08,109.6,109.91,10932435
2025-03-07 15:35:00+00:00,109.91,110.44,109.51,110.025,6097661
2025-03-07 15:40:00+00:00,110.03,110.68,109.57,110.57,4766520
2025-03-07 15:45:00+00:00,110.59,111.78,110.45,111.33,6670619
2025-03-07 15:50:00+00:00,111.3,111.79,110.79,111.517,4368906
2025-03-07 15:55:00+00:00,111.52,111.6962,110.96,111.24,2989333
2025-03-07 16:00:00+00:00,111.21,111.21,110.57,110.84,3153298
2025-03-07 16:05:00+00:00,110.83,111.26,110.6919,110.86,2562200
2025-03-07 16:10:00+00:00,110.8968,111.0,110.51,110.8188,2182198
2025-03-07 16:15:00+00:00,110.82,110.89,109.9,110.02,3799446
2025-03-07 16:20:00+00:00,110.02,110.3652,109.87,110.1708,3272028
2025-03-07 16:25:00+00:00,110.16,110.225,109.53,109.7,3823944
2025-03-07 16:30:00+00:00,109.705,110.0,109.51,109.73,3222256
2025-03-07 16:35:00+00:00,109.73,109.81,108.84,108.945,6054207
2025-03-07 16:40:00+00:00,108.94,109.34,108.52,109.3,6027073
2025-03-07 16:45:00+00:00,109.29,109.405,108.5,108.56,3792629
2025-03-07 16:50:00+00:00,108.5757,108.67,107.72,108.07,7457682
2025-03-07 16:55:00+00:00,108.066,108.25,107.56,107.93,5077419
2025-03-07 17:00:00+00:00,107.935,108.84,107.83,108.44,4370329
2025-03-07 17:05:00+00:00,108.45,108.675,107.94,108.1679,3111962
2025-03-07 17:10:00+00:00,108.165,108.365,107.75,108.14,3190954
2025-03-07 17:15:00+00:00,108.1401,108.41,107.78,108.0789,2641576
2025-03-07 17:20:00+00:00,108.08,109.02,108.01,108.97,3283157
2025-03-07 17:25:00+00:00,108.98,109.12,108.67,109.005,2793617
2025-03-07 17:30:00+00:00,109.0,109.64,108.7,109.56,3517372
2025-03-07 17:35:00+00:00,109.56,109.86,109.31,109.475,3213069
2025-03-07 17:40:00+00:00,109.47,110.39,109.3703,110.25,6305777
2025-03-07 17:45:00+00:00,110.25,110.6,109.7524,110.01,4713617
2025-03-07 17:50:00+00:00,110.0,110.91,109.83,110.9,3398868
2025-03-07 17:55:00+00:00,110.9,110.9999,109.265,109.495,5555520
2025-03-07 18:00:00+00:00,109.5,110.91,109.48,110.75,3831688
2025-03-07 18:05:00+00:00,110.74,111.29,110.56,110.625,4175994
2025-03-07 18:10:00+00:00,110.62,111.06,110.155,111.02,3239070
2025-03-07 18:15:00+00:00,111.06,111.07,110.65,110.94,2583023
2025-03-07 18:20:00+00:00,110.93,111.18,110.1909,110.27,3145243
2025-03-07 18:25:00+00:00,110.24,110.78,110.13,110.51,2252635
2025-03-07 18:30:00+00:00,110.53,110.81,110.36,110.54,2087522
2025-03-07 18:35:00+00:00,110.53,111.1,110.33,110.92,2496183
2025-03-07 18:40:00+00:00,110.915,111.4436,110.83,111.27,3935873
2025-03-07 18:45:00+00:00,111.29,111.36,111.02,111.13,2881942
2025-03-07 18:50:00+00:00,111.16,111.34,110.86,111.25,2409675
2025-03-07 18:55:00+00:00,111.27,111.33,110.86,111.27,2065607
2025-03-07 19:00:00+00:00,111.28,111.63,111.03,111.2243,2762902
2025-03-07 19:05:00+00:00,111.22,111.35,110.52,110.62,2790220
2025-03-07 19:10:00+00:00,110.62,111.38,110.62,111.205,2543022
2025-03-07 19:15:00+00:00,111.2,111.84,111.105,111.82,2904609
2025-03-07 19:20:00+00:00,111.82,112.515,111.74,112.465,4360506
2025-03-07 19:25:00+00:00,112.4519,112.5,111.81,112.25,3424332
2025-03-07 19:30:00+00:00,112.25,112.62,112.14,112.3599,2719205
2025-03-07 19:35:00+00:00,112.34,112.44,111.85,112.15,2694055
2025-03-07 19:40:00+00:00,112.16,112.24,111.42,111.575,2612710
2025-03-07 19:45:00+00:00,111.58,111.79,111.29,111.59,2939223
2025-03-07 19:50:00+00:00,111.59,111.9999,111.41,111.7805,2333141
2025-03-07 19:55:00+00:00,111.79,112.14,111.79,111.9,1984198
2025-03-07 20:00:00+00:00,111.8909,112.04,111.67,111.93,2450674
2025-03-07 20:05:00+00:00,111.93,112.77,111.89,112.72,3659368
2025-03-07 20:10:00+00:00,112.715,112.92,112.36,112.4489,3665586
2025-03-07 20:15:00+00:00,112.42,112.705,112.06,112.6501,2991965
2025-03-07 20:20:00+00:00,112.66,112.7,112.3,112.6,2347272
2025-03-07 20:25:00+00:00,112.59,112.69,112.45,112.605,2062145
2025-03-07 20:30:00+00:00,112.6,112.72,112.1199,112.5,2819637
2025-03-07 20:35:00+00:00,112.5,112.57,111.46,111.63,3610692
2025-03-07 20:40:00+00:00,111.63,111.94,111.035,111.935,4294533
2025-03-07 20:45:00+00:00,111.89,112.39,111.8,112.3199,3876059
2025-03-07 20:50:00+00:00,112.29,112.6987,111.74,112.6618,5490218
2025-03-07 20:55:00+00:00,112.67,113.1,112.63,112.72,8938615
2025-03-07 21:00:00+00:00,112.71,112.72,111.2004,112.51,15719636
2025-03-07 21:05:00+00:00,112.51,112.5101,112.2704,112.4794,182057
2025-03-07 21:10:00+00:00,112.48,112.58,112.38,112.51,139235
2025-03-07 21:15:00+00:00,112.51,112.53,112.27,112.36,78379
2025-03-07 21:20:00+00:00,112.36,112.44,112.26,112.39,119041
2025-03-07 21:25:00+00:00,112.4,112.58,112.39,112.48,79394
2025-03-07 21:30:00+00:00,112.4801,112.69,112.41,112.49,36732
2025-03-07 21:35:00+00:00,112.5,112.5198,112.38,112.41,57776
2025-03-07 21:40:00+00:00,112.44,112.48,112.38,112.42,25375
2025-03-07 21:45:00+00:00,112.4205,112.55,112.42,112.549,42490
2025-03-07 21:50:00+00:00,112.55,112.62,112.52,112.55,60220
2025-03-07 21:55:00+00:00,112.55,112.72,112.55,112.72,78978
2025-03-07 22:00:00+00:00,112.72,112.74,112.62,112.6693,162043
2025-03-07 22:05:00+00:00,112.64,112.6776,112.52,112.6002,34490
2025-03-07 22:10:00+00:00,112.6,112.7,112.52,112.538,85362
2025-03-07 22:15:00+00:00,112.5392,112.54,112.41,112.4699,51167
2025-03-07 22:20:00+00:00,112.46,112.5,112.44,112.4793,32010
2025-03-07 22:25:00+00:00,112.45,112.69,112.4125,112.48,56217
2025-03-07 22:30:00+00:00,112.46,112.5,112.41,112.4899,38291
2025-03-07 22:35:00+00:00,112.46,112.55,112.46,112.53,31350
2025-03-07 22:40:00+00:00,112.5156,112.54,112.51,112.52,43071
2025-03-07 22:45:00+00:00,112.53,112.55,112.48,112.48,23757
2025-03-07 22:50:00+00:00,112.5,112.52,112.41,112.42,26398
2025-03-07 22:55:00+00:00,112.43,112.45,112.42,112.44,15341
2025-03-07 23:00:00+00:00,112.43,112.43,112.34,112.34,29128
2025-03-07 23:05:00+00:00,112.35,112.38,112.28,112.335,51931
2025-03-07 23:10:00+00:00,112.37,112.38,112.3215,112.3796,17207
2025-03-07 23:15:00+00:00,112.3805,112.42,112.35,112.35,45275
2025-03-07 23:20:00+00:00,112.39,112.39,112.22,112.23,37326
2025-03-07 23:25:00+00:00,112.21,112.24,112.1497,112.1497,69382
2025-03-07 23:30:00+00:00,112.14,112.25,112.1201,112.24,22564
2025-03-07 23:35:00+00:00,112.2401,112.25,112.15,112.1895,22040
2025-03-07 23:40:00+00:00,112.1895,112.1895,112.09,112.09,24246
2025-03-07 23:45:00+00:00,112.09,112.16,112.061,112.1202,21670
2025-03-07 23:50:00+00:00,112.13,112.19,112.11,112.1899,19178
2025-03-07 23:55:00+00:00,112.1893,112.19,112.09,112.09,51609
2025-03-08 00:00:00+00:00,112.0709,112.1,111.8,112.0902,74590
2025-03-08 00:05:00+00:00,112.0999,112.189,112.05,112.05,40953
2025-03-08 00:10:00+00:00,112.09,112.1,112.06,112.08,16650
2025-03-08 00:15:00+00:00,112.07,112.0993,112.0,112.09,20598
2025-03-08 00:20:00+00:00,112.08,112.2,112.06,112.18,25813
2025-03-08 00:25:00+00:00,112.15,112.22,112.15,112.1801,15901
2025-03-08 00:30:00+00:00,112.1998,112.2,112.18,112.18,9957
2025-03-08 00:35:00+00:00,112.1897,112.3201,112.18,112.2515,37857
2025-03-08 00:40:00+00:00,112.3,112.3,112.1501,112.17,24779
2025-03-08 00:45:00+00:00,112.1501,112.2,112.1224,112.14,21049
2025-03-08 00:50:00+00:00,112.14,112.15,112.11,112.1105,34094
2025-03-08 00:55:00+00:00,112.1295,112.15,112.06,112.06,56574
2025-03-10 08:00:00+00:00,111.22,111.75,110.9,110.9,144686
2025-03-10 08:05:00+00:00,110.91,110.91,110.41,110.5,126224
2025-03-10 08:10:00+00:00,110.5,110.85,110.44,110.56,83940
2025-03-10 08:15:00+00:00,110.56,110.65,110.28,110.62,78177
2025-03-10 08:20:00+00:00,110.58,110.83,110.58,110.67,38732
2025-03-10 08:25:00+00:00,110.69,111.07,110.56,110.64,66878
2025-03-10 08:30:00+00:00,110.63,110.63,110.33,110.33,39412
2025-03-10 08:35:00+00:00,110.35,110.48,110.22,110.32,49960
2025-03-10 08:40:00+00:00,110.33,110.5,109.82,109.82,106520
2025-03-10 08:45:00+00:00,109.86,110.17,109.8,110.09,74136
2025-03-10 08:50:00+00:00,110.05,110.27,109.65,109.68,60725
2025-03-10 08:55:00+00:00,109.7,109.95,109.55,109.88,76790
2025-03-10 09:00:00+00:00,109.83,110.11,109.75,110.1,59539
2025-03-10 09:05:00+00:00,110.09,110.25,110.05,110.05,49045
2025-03-10 09:10:00+00:00,110.05,110.08,109.9,109.9,40152
2025-03-10 09:15:00+00:00,109.96,110.33,109.86,110.15,59085
2025-03-10 09:20:00+00:00,110.15,110.46,110.0,110.34,65939
2025-03-10 09:25:00+00:00,110.34,110.38,110.11,110.21,41654
2025-03-10 09:30:00+00:00,110.26,110.35,110.22,110.33,32218
2025-03-10 09:35:00+00:00,110.33,110.62,110.3,110.55,47364
2025-03-10 09:40:00+00:00,110.5,110.69,110.48,110.58,28476
2025-03-10 09:45:00+00:00,110.57,110.69,110.2,110.4,31382
2025-03-10 09:50:00+00:00,110.38,110.41,109.91,109.96,46234
2025-03-10 09:55:00+00:00,110.0,110.29,109.98,110.28,33375
2025-03-10 10:00:00+00:00,110.27,110.39,110.12,110.19,27003
2025-03-10 10:05:00+00:00,110.25,110.29,109.92,109.97,33974
2025-03-10 10:10:00+00:00,109.94,110.1,109.91,110.0,24291
2025-03-10 10:15:00+00:00,110.03,110.2,109.87,110.06,59604
2025-03-10 10:20:00+00:00,110.07,110.14,109.68,109.7,64279
2025-03-10 10:25:00+00:00,109.69,109.9,109.69,109.79,44644
2025-03-10 10:30:00+00:00,109.78,110.1,109.73,109.89,43859
2025-03-10 10:35:00+00:00,109.88,110.03,109.85,109.98,25837
2025-03-10 10:40:00+00:00,109.93,109.99,109.61,109.72,44719
2025-03-10 10:45:00+00:00,109.7,109.82,109.55,109.67,54886
2025-03-10 10:50:00+00:00,109.68,110.0,109.65,109.98,41574
2025-03-10 10:55:00+00:00,109.96,110.0,109.87,109.9,33382
2025-03-10 11:00:00+00:00,109.9,110.45,109.86,110.02,261227
2025-03-10 11:05:00+00:00,110.02,110.4,109.88,110.35,78881
2025-03-10 11:10:00+00:00,110.33,110.8,110.27,110.54,146097
2025-03-10 11:15:00+00:00,110.5,110.63,110.29,110.55,82532
2025-03-10 11:20:00+00:00,110.51,110.89,110.5,110.81,100206
2025-03-10 11:25:00+00:00,110.79,110.81,110.61,110.77,47823
2025-03-10 11:30:00+00:00,110.75,110.75,110.5,110.55,63188
2025-03-10 11:35:00+00:00,110.54,110.63,110.5,110.55,70325
2025-03-10 11:40:00+00:00,110.52,110.67,110.35,110.57,91224
2025-03-10 11:45:00+00:00,110.54,110.75,110.3,110.36,83629
2025-03-10 11:50:00+00:00,110.3,110.49,110.27,110.38,66591
2025-03-10 11:55:00+00:00,110.38,110.48,110.13,110.3,79363
2025-03-10 12:00:00+00:00,110.29,112.971,109.59,109.901,1239909
2025-03-10 12:05:00+00:00,109.93,109.95,109.6,109.8,302527
2025-03-10 12:10:00+00:00,109.78,110.07,109.7,109.92,123141
2025-03-10 12:15:00+00:00,109.94,110.04,109.81,109.93,94742
2025-03-10 12:20:00+00:00,109.93,110.22,109.89,110.02,172524
2025-03-10 12:25:00+00:00,110.0,110.05,109.74,109.81,166890
2025-03-10 12:30:00+00:00,109.8199,109.97,109.63,109.63,198457
2025-03-10 12:35:00+00:00,109.649,109.85,109.52,109.75,202304
2025-03-10 12:40:00+00:00,109.7215,110.05,109.61,109.88,191269
2025-03-10 12:45:00+00:00,109.909,109.909,109.54,109.55,151201
2025-03-10 12:50:00+00:00,109.55,109.85,109.51,109.8,176255
2025-03-10 12:55:00+00:00,109.8,109.8,109.62,109.7,119392
2025-03-10 13:00:00+00:00,109.73,109.7798,109.25,109.25,352547
2025-03-10 13:05:00+00:00,109.24,109.2865,109.02,109.1899,353947
2025-03-10 13:10:00+00:00,109.19,109.5,109.16,109.28,273608
2025-03-10 13:15:00+00:00,109.31,109.45,109.28,109.33,117623
2025-03-10 13:20:00+00:00,109.3092,109.389,109.22,109.3,162092
2025-03-10 13:25:00+00:00,109.31,109.99,109.28,109.97,352215
2025-03-10 13:30:00+00:00,109.94,110.67,109.235,109.935,10542914
2025-03-10 13:35:00+00:00,109.94,110.7,109.55,110.37,5267967
2025-03-10 13:40:00+00:00,110.37,111.71,110.04,111.4536,5593731
2025-03-10 13:45:00+00:00,111.46,111.85,110.33,110.73,5428778
2025-03-10 13:50:00+00:00,110.73,111.14,109.78,110.01,4949556
2025-03-10 13:55:00+00:00,110.0,110.72,109.98,110.0789,4073384
2025-03-10 14:00:00+00:00,110.075,110.08,108.58,108.8485,7012175
2025-03-10 14:05:00+00:00,108.84,109.25,108.78,108.83,4462954
2025-03-10 14:10:00+00:00,108.855,109.0,108.54,108.945,4688507
2025-03-10 14:15:00+00:00,108.9489,109.39,108.65,108.655,4296090
2025-03-10 14:20:00+00:00,108.7301,109.2,108.06,109.075,5616963
2025-03-10 14:25:00+00:00,109.07,109.11,108.01,108.0644,4797339
2025-03-10 14:30:00+00:00,108.07,108.479,107.77,107.85,6069108
2025-03-10 14:35:00+00:00,107.845,108.28,107.57,108.0,5112406
2025-03-10 14:40:00+00:00,108.01,108.07,107.26,107.275,5229482
2025-03-10 14:45:00+00:00,107.265,107.5,106.83,107.15,7288821
2025-03-10 14:50:00+00:00,107.14,107.28,106.66,106.87,4961002
2025-03-10 14:55:00+00:00,106.87,106.97,106.18,106.23,6595030
2025-03-10 15:00:00+00:00,106.21,106.76,106.2,106.4906,5941980
2025-03-10 15:05:00+00:00,106.46,106.95,106.42,106.8724,4951702
2025-03-10 15:10:00+00:00,106.8865,107.26,106.61,107.165,4425223
2025-03-10 15:15:00+00:00,107.15,107.35,106.78,106.815,4143644
2025-03-10 15:20:00+00:00,106.82,107.68,106.73,107.54,3873675
2025-03-10 15:25:00+00:00,107.53,107.8,107.45,107.6582,3715094
2025-03-10 15:30:00+00:00,107.66,108.59,107.63,108.48,5323202
2025-03-10 15:35:00+00:00,108.47,108.92,108.3017,108.4999,4178823
2025-03-10 15:40:00+00:00,108.5,108.61,107.57,107.73,4523168
2025-03-10 15:45:00+00:00,107.73,108.39,107.72,108.24,3532989
2025-03-10 15:50:00+00:00,108.2401,108.3,107.86,107.98,2585719
2025-03-10 15:55:00+00:00,107.99,107.99,107.0494,107.18,3797020
2025-03-10 16:00:00+00:00,107.18,107.76,107.03,107.11,3577249
2025-03-10 16:05:00+00:00,107.1099,107.2,106.85,107.11,2829209
2025-03-10 16:10:00+00:00,107.12,107.98,107.12,107.915,3506531
2025-03-10 16:15:00+00:00,107.91,108.1125,107.5,108.0484,3810680
2025-03-10 16:20:00+00:00,108.045,108.1289,107.83,108.02,2816367
2025-03-10 16:25:00+00:00,108.03,108.25,107.75,108.085,2967238
2025-03-10 16:30:00+00:00,108.09,108.85,107.985,108.715,3665246
2025-03-10 16:35:00+00:00,108.71,108.7269,107.63,107.635,3231202
2025-03-10 16:40:00+00:00,107.61,108.1,107.6001,107.8232,2746218
2025-03-10 16:45:00+00:00,107.81,108.1,107.37,107.4707,3015422
2025-03-10 16:50:00+00:00,107.47,108.03,107.43,107.99,2867780
2025-03-10 16:55:00+00:00,107.995,108.06,107.57,107.607,2076858
2025-03-10 17:00:00+00:00,107.62,107.71,106.93,106.995,3538950
2025-03-10 17:05:00+00:00,106.99,107.33,106.8205,106.89,3034263
2025-03-10 17:10:00+00:00,106.87,107.1,106.51,106.8589,4097529
2025-03-10 17:15:00+00:00,106.85,107.33,106.75,107.2599,3533845
2025-03-10 17:20:00+00:00,107.2732,107.56,107.155,107.475,2564101
2025-03-10 17:25:00+00:00,107.46,107.47,107.0,107.0601,2245335
2025-03-10 17:30:00+00:00,107.055,107.21,106.83,107.0298,2346078
2025-03-10 17:35:00+00:00,107.02,107.205,106.55,106.9,2753174
2025-03-10 17:40:00+00:00,106.895,107.03,106.615,106.69,2045194
2025-03-10 17:45:00+00:00,106.69,106.97,106.31,106.45,3323394
2025-03-10 17:50:00+00:00,106.45,106.99,106.3,106.96,3051781
2025-03-10 17:55:00+00:00,106.96,107.07,106.6701,106.78,2384636
2025-03-10 18:00:00+00:00,106.785,106.9,106.5493,106.65,1760678
2025-03-10 18:05:00+00:00,106.66,106.8,106.23,106.665,3197671
2025-03-10 18:10:00+00:00,106.67,107.75,106.61,106.9675,3502338
2025-03-10 18:15:00+00:00,106.975,107.32,106.755,106.83,2675165
2025-03-10 18:20:00+00:00,106.83,107.0799,106.7,106.7,2072531
2025-03-10 18:25:00+00:00,106.7,106.8482,106.52,106.76,2390666
2025-03-10 18:30:00+00:00,106.76,107.19,106.76,107.062,2144517
2025-03-10 18:35:00+00:00,107.045,107.09,106.77,106.8219,1425780
2025-03-10 18:40:00+00:00,106.82,107.02,106.66,106.825,2152211
2025-03-10 18:45:00+00:00,106.82,106.97,106.705,106.8154,1632683
2025-03-10 18:50:00+00:00,106.8,106.96,106.45,106.47,2479163
2025-03-10 18:55:00+00:00,106.49,106.4906,105.84,105.9574,4843629
2025-03-10 19:00:00+00:00,105.95,106.26,105.56,105.6839,4858432
2025-03-10 19:05:00+00:00,105.68,105.8,105.46,105.66,5897822
2025-03-10 19:10:00+00:00,105.65,106.3,105.535,106.24,4458403
2025-03-10 19:15:00+00:00,106.24,106.84,106.22,106.7498,4843584
2025-03-10 19:20:00+00:00,106.75,107.25,106.55,107.187,5191604
2025-03-10 19:25:00+00:00,107.1864,107.4,106.59,106.6499,4699506
2025-03-10 19:30:00+00:00,106.64,107.85,106.6,107.725,5443299
2025-03-10 19:35:00+00:00,107.725,107.92,107.265,107.745,5599361
2025-03-10 19:40:00+00:00,107.75,107.78,106.615,106.62,4615553
2025-03-10 19:45:00+00:00,106.62,107.07,106.45,106.97,4780598
2025-03-10 19:50:00+00:00,106.98,107.515,106.38,106.62,6466858
2025-03-10 19:55:00+00:00,106.62,107.295,106.29,107.02,12180758
2025-03-10 20:00:00+00:00,107.02,107.2,106.87,107.09,26810661
2025-03-10 20:05:00+00:00,107.13,107.2,106.93,107.19,813190
2025-03-10 20:10:00+00:00,107.2,107.38,107.16,107.32,268073
2025-03-10 20:15:00+00:00,107.34,107.6588,107.2604,107.39,251004
2025-03-10 20:20:00+00:00,107.39,107.4,106.98,107.33,513417
2025-03-10 20:25:00+00:00,107.33,107.33,106.93,107.0726,231257
2025-03-10 20:30:00+00:00,107.07,107.1,106.83,106.85,157841
2025-03-10 20:35:00+00:00,106.8207,106.9483,106.68,106.75,130201
2025-03-10 20:40:00+00:00,106.76,106.88,106.71,106.88,66082
2025-03-10 20:45:00+00:00,106.92,107.1,106.8102,106.88,142199
2025-03-10 20:50:00+00:00,106.84,106.98,106.83,106.93,92028
2025-03-10 20:55:00+00:00,106.94,107.06,106.91,107.04,130934
2025-03-10 21:00:00+00:00,107.05,107.1,106.9,107.04,75891
2025-03-10 21:05:00+00:00,107.03,107.03,106.85,106.87,55747
2025-03-10 21:10:00+00:00,106.86,106.98,106.85,106.96,63226
2025-03-10 21:15:00+00:00,106.95,106.95,106.74,106.75,65472
2025-03-10 21:20:00+00:00,106.75,106.78,106.61,106.61,78098
2025-03-10 21:25:00+00:00,106.639,106.639,106.32,106.5,116878
2025-03-10 21:30:00+00:00,106.5,106.5,106.21,106.21,117374
2025-03-10 21:35:00+00:00,106.2201,106.26,106.03,106.1799,103335
2025-03-10 21:40:00+00:00,106.16,106.34,106.06,106.1887,87364
2025-03-10 21:45:00+00:00,106.19,106.23,105.68,105.77,189968
2025-03-10 21:50:00+00:00,105.77,105.89,105.5503,105.5608,173533
2025-03-10 21:55:00+00:00,105.6,105.69,105.49,105.6,167568
2025-03-10 22:00:00+00:00,105.59,106.26,105.59,106.1385,149992
2025-03-10 22:05:00+00:00,106.14,106.15,105.62,105.6293,110193
2025-03-10 22:10:00+00:00,105.6001,105.63,105.43,105.59,220161
2025-03-10 22:15:00+00:00,105.59,105.78,105.5,105.7015,144870
2025-03-10 22:20:00+00:00,105.7,105.91,105.63,105.8,92937
2025-03-10 22:25:00+00:00,105.8,105.98,105.71,105.8,62615
2025-03-10 22:30:00+00:00,105.81,105.97,105.7524,105.9,76268
2025-03-10 22:35:00+00:00,105.9199,105.92,105.65,105.7499,131400
2025-03-10 22:40:00+00:00,105.74,105.98,105.72,105.98,73123
2025-03-10 22:45:00+00:00,105.97,106.17,105.91,106.14,86823
2025-03-10 22:50:00+00:00,106.14,106.25,106.04,106.04,74926
2025-03-10 22:55:00+00:00,106.03,106.1,105.9,105.9,57897
2025-03-10 23:00:00+00:00,105.9,106.0,105.88,105.92,45714
2025-03-10 23:05:00+00:00,105.9,105.93,105.64,105.71,56610
2025-03-10 23:10:00+00:00,105.71,105.72,105.4014,105.44,126480
2025-03-10 23:15:00+00:00,105.45,105.48,105.01,105.01,180656
2025-03-10 23:20:00+00:00,105.02,105.2,105.01,105.15,160551
2025-03-10 23:25:00+00:00,105.13,105.2488,105.1,105.1,119673
2025-03-10 23:30:00+00:00,105.09,105.1,104.73,104.74,511329
2025-03-10 23:35:00+00:00,104.73,104.75,104.4,104.65,281723
2025-03-10 23:40:00+00:00,104.6505,104.7,104.5,104.69,170487
2025-03-10 23:45:00+00:00,104.69,104.82,104.65,104.8,114482
2025-03-10 23:50:00+00:00,104.8,104.82,104.67,104.6702,121165
2025-03-10 23:55:00+00:00,104.69,104.78,104.67,104.67,195987
2025-03-11 08:00:00+00:00,106.0,106.85,105.39,106.75,227322
2025-03-11 08:05:00+00:00,106.78,107.53,106.78,107.5,313175
2025-03-11 08:10:00+00:00,107.52,108.1,107.52,108.08,230648
2025-03-11 08:15:00+00:00,108.09,108.29,107.72,107.96,180096
2025-03-11 08:20:00+00:00,107.95,108.05,107.7,108.02,91785
2025-03-11 08:25:00+00:00,108.05,108.36,108.02,108.27,117679
2025-03-11 08:30:00+00:00,108.28,108.3,107.93,108.2,77643
2025-03-11 08:35:00+00:00,108.24,108.39,108.2,108.26,81041
2025-03-11 08:40:00+00:00,108.24,108.27,107.9,108.22,71317
2025-03-11 08:45:00+00:00,108.23,108.27,107.91,108.14,96271
2025-03-11 08:50:00+00:00,108.1,108.21,108.01,108.2,64363
2025-03-11 08:55:00+00:00,108.195,108.47,108.16,108.47,95334
2025-03-11 09:00:00+00:00,108.45,108.6,108.25,108.45,117608
2025-03-11 09:05:00+00:00,108.46,108.64,108.38,108.42,96973
2025-03-11 09:10:00+00:00,108.43,108.79,108.37,108.78,99939
2025-03-11 09:15:00+00:00,108.78,109.0,108.57,108.67,129296
2025-03-11 09:20:00+00:00,108.65,108.81,108.37,108.55,89794
2025-03-11 09:25:00+00:00,108.57,108.89,108.56,108.85,57246
2025-03-11 09:30:00+00:00,108.86,109.0,108.59,108.76,65981
2025-03-11 09:35:00+00:00,108.76,108.76,108.57,108.66,60334
2025-03-11 09:40:00+00:00,108.66,108.79,108.45,108.68,56808
2025-03-11 09:45:00+00:00,108.66,108.69,108.51,108.56,43845
2025-03-11 09:50:00+00:00,108.58,108.86,108.44,108.53,69825
2025-03-11 09:55:00+00:00,108.54,108.74,108.45,108.62,31556
2025-03-11 10:00:00+00:00,108.64,108.75,107.81,107.86,164254
2025-03-11 10:05:00+00:00,107.88,108.45,107.88,108.34,80715
2025-03-11 10:10:00+00:00,108.36,108.5,108.3,108.38,66883
2025-03-11 10:15:00+00:00,108.37,108.47,108.22,108.25,44929
2025-03-11 10:20:00+00:00,108.22,108.3,108.1,108.11,41783
2025-03-11 10:25:00+00:00,108.1,108.34,107.91,108.28,72251
2025-03-11 10:30:00+00:00,108.3,108.3,107.77,107.85,117239
2025-03-11 10:35:00+00:00,107.83,108.0,107.76,107.79,80695
2025-03-11 10:40:00+00:00,107.8,108.0,107.66,107.87,90819
2025-03-11 10:45:00+00:00,107.89,107.97,107.8,107.92,41473
2025-03-11 10:50:00+00:00,107.94,107.96,107.72,107.9,46724
2025-03-11 10:55:00+00:00,107.9,107.98,107.77,107.8,69822
2025-03-11 11:00:00+00:00,107.82,107.83,106.92,106.95,331217
2025-03-11 11:05:00+00:00,106.92,107.29,106.69,106.85,175850
2025-03-11 11:10:00+00:00,106.9,107.2,106.89,107.03,100939
2025-03-11 11:15:00+00:00,107.08,107.32,106.88,106.96,118353
2025-03-11 11:20:00+00:00,107.0,107.16,106.87,107.12,77451
2025-03-11 11:25:00+00:00,107.1,107.36,107.0,107.25,140906
2025-03-11 11:30:00+00:00,107.21,107.58,107.08,107.5,101838
2025-03-11 11:35:00+00:00,107.51,107.7,107.5,107.5,113043
2025-03-11 11:40:00+00:00,107.5,107.69,107.49,107.69,27609
2025-03-11 11:45:00+00:00,107.67,107.69,107.31,107.51,59631
2025-03-11 11:50:00+00:00,107.51,107.65,107.48,107.55,46633
2025-03-11 11:55:00+00:00,107.57,107.8,107.41,107.78,80817
2025-03-11 12:00:00+00:00,107.77,108.9864,105.1,107.5299,1554966
2025-03-11 12:05:00+00:00,107.48,107.69,107.42,107.5,138776
2025-03-11 12:10:00+00:00,107.49,107.52,107.02,107.05,214450
2025-03-11 12:15:00+00:00,107.04,107.36,107.0,107.32,192240
2025-03-11 12:20:00+00:00,107.34,107.59,107.21,107.3,144735
2025-03-11 12:25:00+00:00,107.29,107.319,107.0,107.05,134754
2025-03-11 12:30:00+00:00,107.04,107.05,106.83,106.86,172563
2025-03-11 12:35:00+00:00,106.86,107.1,106.85,106.9,155854
2025-03-11 12:40:00+00:00,106.91,106.95,106.78,106.95,138795
2025-03-11 12:45:00+00:00,106.95,106.95,106.58,106.7284,167301
2025-03-11 12:50:00+00:00,106.7001,106.93,106.65,106.74,174649
2025-03-11 12:55:00+00:00,106.74,107.1,106.72,106.95,180890
2025-03-11 13:00:00+00:00,106.96,106.98,106.68,106.98,126696
2025-03-11 13:05:00+00:00,106.98,107.1,106.88,106.92,167837
2025-03-11 13:10:00+00:00,106.9,107.43,106.9,107.22,218679
2025-03-11 13:15:00+00:00,107.25,107.41,107.15,107.35,167273
2025-03-11 13:20:00+00:00,107.3796,107.57,107.35,107.45,161040
2025-03-11 13:25:00+00:00,107.45,107.45,106.68,107.02,420291
2025-03-11 13:30:00+00:00,107.02,108.0,106.22,107.7,11223100
2025-03-11 13:35:00+00:00,107.69,110.08,107.41,110.025,10722950
2025-03-11 13:40:00+00:00,110.01,110.49,109.33,109.3545,8628250
2025-03-11 13:45:00+00:00,109.3529,110.99,109.16,110.74,9022710
2025-03-11 13:50:00+00:00,110.73,110.94,109.51,109.885,6489394
2025-03-11 13:55:00+00:00,109.8805,110.38,109.43,109.48,4806451
2025-03-11 14:00:00+00:00,109.49,110.61,107.77,108.09,8821166
2025-03-11 14:05:00+00:00,108.09,109.79,108.03,109.61,6506417
2025-03-11 14:10:00+00:00,109.61,109.84,108.5,108.64,5142337
2025-03-11 14:15:00+00:00,108.64,109.03,108.19,108.701,4730474
2025-03-11 14:20:00+00:00,108.7,108.81,107.11,107.39,5248931
2025-03-11 14:25:00+00:00,107.41,107.5,106.1,106.31,6637516
2025-03-11 14:30:00+00:00,106.305,107.3,105.83,106.035,6360218
2025-03-11 14:35:00+00:00,106.03,106.25,104.77,105.26,10112097
2025-03-11 14:40:00+00:00,105.2662,106.1879,105.0,106.0,5477114
2025-03-11 14:45:00+00:00,106.02,106.58,105.69,105.97,5071941
2025-03-11 14:50:00+00:00,105.96,107.39,105.79,107.29,5292945
2025-03-11 14:55:00+00:00,107.3,107.32,106.34,106.435,3352963
2025-03-11 15:00:00+00:00,106.435,107.17,106.09,107.05,3713207
2025-03-11 15:05:00+00:00,107.02,108.84,106.96,108.745,6160704
2025-03-11 15:10:00+00:00,108.71,109.44,108.45,109.165,5495550
2025-03-11 15:15:00+00:00,109.185,109.47,108.66,108.8298,3569467
2025-03-11 15:20:00+00:00,108.8,108.93,108.26,108.62,3309510
2025-03-11 15:25:00+00:00,108.61,109.2897,108.54,108.895,3085532
2025-03-11 15:30:00+00:00,108.88,109.78,108.79,109.627,3471868
2025-03-11 15:35:00+00:00,109.61,109.92,109.16,109.8418,3394645
2025-03-11 15:40:00+00:00,109.86,110.6,109.81,110.1599,5339413
2025-03-11 15:45:00+00:00,110.14,110.25,109.54,110.095,3461447
2025-03-11 15:50:00+00:00,110.12,110.19,109.52,109.88,2505506
2025-03-11 15:55:00+00:00,109.88,109.95,108.97,109.03,2745348
2025-03-11 16:00:00+00:00,109.02,109.4,108.57,108.88,3974656
2025-03-11 16:05:00+00:00,108.89,108.97,108.34,108.5502,2532640
2025-03-11 16:10:00+00:00,108.57,108.69,108.27,108.457,2572670
2025-03-11 16:15:00+00:00,108.46,108.8793,108.37,108.835,2338316
2025-03-11 16:20:00+00:00,108.82,109.05,108.56,108.88,2323184
2025-03-11 16:25:00+00:00,108.89,109.19,108.76,108.82,1928050
2025-03-11 16:30:00+00:00,108.805,109.32,108.75,109.25,1927262
2025-03-11 16:35:00+00:00,109.26,109.4,108.63,108.7168,3746405
2025-03-11 16:40:00+00:00,108.715,109.05,108.325,108.43,2436059
2025-03-11 16:45:00+00:00,108.44,108.98,108.39,108.89,1366937
2025-03-11 16:50:00+00:00,108.88,109.05,108.183,108.425,2183008
2025-03-11 16:55:00+00:00,108.42,108.64,108.035,108.205,2084924
2025-03-11 17:00:00+00:00,108.22,108.25,107.85,107.92,1857994
2025-03-11 17:05:00+00:00,107.925,108.67,107.86,108.525,2572331
2025-03-11 17:10:00+00:00,108.53,108.666,108.06,108.295,2090274
2025-03-11 17:15:00+00:00,108.3,108.735,108.12,108.31,2747967
2025-03-11 17:20:00+00:00,108.3,108.55,107.48,107.96,3681104
2025-03-11 17:25:00+00:00,107.97,108.0,107.54,107.56,1541266
2025-03-11 17:30:00+00:00,107.565,108.11,107.51,107.84,2185345
2025-03-11 17:35:00+00:00,107.84,108.06,107.45,108.03,2420538
2025-03-11 17:40:00+00:00,108.03,108.59,107.96,108.58,2749417
2025-03-11 17:45:00+00:00,108.5729,109.24,108.4,109.0,2802384
2025-03-11 17:50:00+00:00,109.0,109.28,108.74,109.08,2544839
2025-03-11 17:55:00+00:00,109.09,109.1099,108.415,108.98,2369204
2025-03-11 18:00:00+00:00,108.98,109.91,108.85,109.65,3684053
2025-03-11 18:05:00+00:00,109.66,110.05,109.365,109.81,3253175
2025-03-11 18:10:00+00:00,109.81,110.26,109.79,110.19,2607977
2025-03-11 18:15:00+00:00,110.18,110.33,109.79,110.1644,2487655
2025-03-11 18:20:00+00:00,110.17,110.74,109.905,110.305,3582354
2025-03-11 18:25:00+00:00,110.29,110.5567,110.05,110.43,2208660
2025-03-11 18:30:00+00:00,110.44,110.55,109.98,110.2598,2391187
2025-03-11 18:35:00+00:00,110.26,110.65,110.04,110.52,2459992
2025-03-11 18:40:00+00:00,110.51,112.0,110.31,110.94,3949210
2025-03-11 18:45:00+00:00,110.93,111.5,110.76,111.39,4821371
2025-03-11 18:50:00+00:00,111.39,112.236,111.3,111.94,6276257
2025-03-11 18:55:00+00:00,111.945,112.15,111.6507,111.74,3636759
2025-03-11 19:00:00+00:00,111.75,111.785,110.62,111.1613,4034730
2025-03-11 19:05:00+00:00,111.165,111.94,111.05,111.57,3688977
2025-03-11 19:10:00+00:00,111.56,111.59,110.8,110.86,3610169
2025-03-11 19:15:00+00:00,110.87,110.89,110.27,110.49,3180151
2025-03-11 19:20:00+00:00,110.49,111.245,110.14,110.22,5123985
2025-03-11 19:25:00+00:00,110.245,111.2,110.19,110.8086,2638607
2025-03-11 19:30:00+00:00,110.81,110.99,110.52,110.5882,2205856
2025-03-11 19:35:00+00:00,110.585,111.03,110.31,110.395,2790211
2025-03-11 19:40:00+00:00,110.37,110.7,110.21,110.6101,3302564
2025-03-11 19:45:00+00:00,110.61,110.98,110.34,110.85,2525956
2025-03-11 19:50:00+00:00,110.85,110.872,109.86,110.081,4339719
2025-03-11 19:55:00+00:00,110.08,110.14,108.64,108.64,9723291
2025-03-11 20:00:00+00:00,108.65,108.78,108.5,108.7003,22609425
2025-03-11 20:05:00+00:00,108.705,108.76,108.31,108.68,1223042
2025-03-11 20:10:00+00:00,108.7,108.79,108.6,108.75,312737
2025-03-11 20:15:00+00:00,108.7206,108.76,108.55,108.631,123584
2025-03-11 20:20:00+00:00,108.6674,108.69,108.2,108.29,315492
2025-03-11 20:25:00+00:00,108.281,108.3184,108.01,108.15,189303
2025-03-11 20:30:00+00:00,108.19,108.58,108.1812,108.4306,164860
2025-03-11 20:35:00+00:00,108.44,108.53,108.25,108.3,94707
2025-03-11 20:40:00+00:00,108.3,108.65,108.2011,108.65,92095
2025-03-11 20:45:00+00:00,108.6205,108.81,108.57,108.6691,168351
2025-03-11 20:50:00+00:00,108.65,108.66,108.51,108.6404,97177
2025-03-11 20:55:00+00:00,108.6391,108.68,108.45,108.45,103924
2025-03-11 21:00:00+00:00,108.45,108.58,108.41,108.52,72473
2025-03-11 21:05:00+00:00,108.5,108.57,108.42,108.5594,34754
2025-03-11 21:10:00+00:00,108.56,108.59,108.52,108.55,725146
2025-03-11 21:15:00+00:00,108.55,108.58,108.52,108.5797,17143
2025-03-11 21:20:00+00:00,108.5696,108.6,108.49,108.6,39529
2025-03-11 21:25:00+00:00,108.5995,108.6,108.46,108.49,32563
2025-03-11 21:30:00+00:00,108.49,108.55,108.42,108.45,38867
2025-03-11 21:35:00+00:00,108.45,108.45,108.3,108.3991,52210
2025-03-11 21:40:00+00:00,108.4,108.54,108.4,108.5001,24154
2025-03-11 21:45:00+00:00,108.51,108.55,108.49,108.5,22176
2025-03-11 21:50:00+00:00,108.5192,108.66,108.51,108.55,47518
2025-03-11 21:55:00+00:00,108.55,108.6,108.55,108.58,39598
2025-03-11 22:00:00+00:00,108.6,108.76,108.6,108.68,61311
2025-03-11 22:05:00+00:00,108.69,108.99,108.66,108.97,55101
2025-03-11 22:10:00+00:00,108.95,109.3,108.94,109.2415,98994
2025-03-11 22:15:00+00:00,109.26,109.3,108.93,109.04,79623
2025-03-11 22:20:00+00:00,109.0701,109.2502,109.0348,109.2,61195
2025-03-11 22:25:00+00:00,109.2384,109.25,109.05,109.19,52597
2025-03-11 22:30:00+00:00,109.1995,109.33,109.11,109.18,48174
2025-03-11 22:35:00+00:00,109.1436,109.33,109.11,109.33,26444
2025-03-11 22:40:00+00:00,109.27,109.38,109.25,109.34,47937
2025-03-11 22:45:00+00:00,109.38,109.5,109.34,109.45,56031
2025-03-11 22:50:00+00:00,109.44,109.63,109.4304,109.61,79967
2025-03-11 22:55:00+00:00,109.61,109.63,109.51,109.58,70312
2025-03-11 23:00:00+00:00,109.59,109.65,109.4013,109.55,66020
2025-03-11 23:05:00+00:00,109.52,109.65,109.5113,109.6,40998
2025-03-11 23:10:00+00:00,109.6097,109.61,109.43,109.54,33814
2025-03-11 23:15:00+00:00,109.5401,109.58,109.47,109.5,48427
2025-03-11 23:20:00+00:00,109.57,109.6399,109.5,109.55,38931
2025-03-11 23:25:00+00:00,109.54,109.55,109.3511,109.3812,45084
2025-03-11 23:30:00+00:00,109.4,109.47,109.35,109.43,42780
2025-03-11 23:35:00+00:00,109.43,109.45,109.33,109.3601,36407
2025-03-11 23:40:00+00:00,109.37,109.37,109.16,109.18,52811
2025-03-11 23:45:00+00:00,109.2,109.35,109.18,109.291,59784
2025-03-11 23:50:00+00:00,109.31,109.42,109.29,109.37,50145
2025-03-11 23:55:00+00:00,109.3799,109.46,109.34,109.43,83624
2025-03-12 08:00:00+00:00,110.01,110.14,109.8,110.07,148207
2025-03-12 08:05:00+00:00,110.04,110.1,109.54,109.71,86087
2025-03-12 08:10:00+00:00,109.72,109.81,109.6,109.7,32926
2025-03-12 08:15:00+00:00,109.73,109.89,109.67,109.74,37833
2025-03-12 08:20:00+00:00,109.74,109.75,109.64,109.73,28841
2025-03-12 08:25:00+00:00,109.7,109.82,109.61,109.68,31784
2025-03-12 08:30:00+00:00,109.7,109.85,109.66,109.69,16286
2025-03-12 08:35:00+00:00,109.69,109.94,109.64,109.91,51518
2025-03-12 08:40:00+00:00,109.93,110.1,109.92,110.01,65961
2025-03-12 08:45:00+00:00,110.0,110.49,110.0,110.49,69853
2025-03-12 08:50:00+00:00,110.44,110.49,110.21,110.27,29858
2025-03-12 08:55:00+00:00,110.23,110.38,110.19,110.34,68760
2025-03-12 09:00:00+00:00,110.33,110.48,110.27,110.3,34662
2025-03-12 09:05:00+00:00,110.34,110.34,110.16,110.31,58574
2025-03-12 09:10:00+00:00,110.32,110.36,110.16,110.36,44588
2025-03-12 09:15:00+00:00,110.34,110.34,110.15,110.16,21656
2025-03-12 09:20:00+00:00,110.15,110.33,110.15,110.31,24746
2025-03-12 09:25:00+00:00,110.3,110.44,110.27,110.4,26838
2025-03-12 09:30:00+00:00,110.35,110.49,110.33,110.46,42161
2025-03-12 09:35:00+00:00,110.45,110.51,110.35,110.42,49150
2025-03-12 09:40:00+00:00,110.41,110.45,110.22,110.24,33194
2025-03-12 09:45:00+00:00,110.23,110.4,110.2,110.4,17172
2025-03-12 09:50:00+00:00,110.42,110.49,110.37,110.37,53293
2025-03-12 09:55:00+00:00,110.37,110.49,110.31,110.46,26900
2025-03-12 10:00:00+00:00,110.48,110.6,110.46,110.47,50798
2025-03-12 10:05:00+00:00,110.48,110.49,110.28,110.4,36025
2025-03-12 10:10:00+00:00,110.39,110.41,110.25,110.29,25089
2025-03-12 10:15:00+00:00,110.28,110.5,110.13,110.43,44425
2025-03-12 10:20:00+00:00,110.41,110.44,110.3,110.42,32011
2025-03-12 10:25:00+00:00,110.43,110.43,110.28,110.28,19375
2025-03-12 10:30:00+00:00,110.29,110.41,110.29,110.39,27616
2025-03-12 10:35:00+00:00,110.38,110.73,110.31,110.64,58132
2025-03-12 10:40:00+00:00,110.65,110.84,110.6,110.65,76060
2025-03-12 10:45:00+00:00,110.62,110.79,110.57,110.73,47552
2025-03-12 10:50:00+00:00,110.76,110.79,110.63,110.65,36745
2025-03-12 10:55:00+00:00,110.67,110.9,110.56,110.68,92001
2025-03-12 11:00:00+00:00,110.7,111.41,110.61,111.0,290012
2025-03-12 11:05:00+00:00,111.0,111.28,110.91,111.13,78855
2025-03-12 11:10:00+00:00,111.16,111.48,111.11,111.33,105036
2025-03-12 11:15:00+00:00,111.32,111.44,111.26,111.39,73241
2025-03-12 11:20:00+00:00,111.37,111.5,111.27,111.49,84290
2025-03-12 11:25:00+00:00,111.489,111.55,111.27,111.4,109059
2025-03-12 11:30:00+00:00,111.37,111.7,111.29,111.55,114699
2025-03-12 11:35:00+00:00,111.55,111.78,111.42,111.58,126007
2025-03-12 11:40:00+00:00,111.6,111.66,111.42,111.44,65984
2025-03-12 11:45:00+00:00,111.43,111.5,111.31,111.39,82173
2025-03-12 11:50:00+00:00,111.38,111.42,111.23,111.24,82146
2025-03-12 11:55:00+00:00,111.24,111.45,111.24,111.34,91107
2025-03-12 12:00:00+00:00,111.33,111.7435,109.11,111.03,1236642
2025-03-12 12:05:00+00:00,111.04,111.2,111.02,111.09,129853
2025-03-12 12:10:00+00:00,111.0899,111.21,111.05,111.19,110865
2025-03-12 12:15:00+00:00,111.18,111.54,111.18,111.44,271917
2025-03-12 12:20:00+00:00,111.4396,111.55,111.3,111.48,169430
2025-03-12 12:25:00+00:00,111.5,111.65,111.39,111.65,214179
2025-03-12 12:30:00+00:00,111.5909,113.87,111.54,113.5,1872629
2025-03-12 12:35:00+00:00,113.47,113.82,113.13,113.23,1414099
2025-03-12 12:40:00+00:00,113.2,113.4,112.88,113.11,769666
2025-03-12 12:45:00+00:00,113.12,113.75,112.99,113.51,720881
2025-03-12 12:50:00+00:00,113.5101,113.8,113.31,113.68,561851
2025-03-12 12:55:00+00:00,113.71,113.97,113.5,113.72,488940
2025-03-12 13:00:00+00:00,113.71,113.84,113.56,113.77,474527
2025-03-12 13:05:00+00:00,113.78,113.99,113.53,113.8502,512553
2025-03-12 13:10:00+00:00,113.89,113.95,113.28,113.43,556378
2025-03-12 13:15:00+00:00,113.4101,113.75,113.37,113.51,391101
2025-03-12 13:20:00+00:00,113.51,113.68,113.38,113.6001,318834
2025-03-12 13:25:00+00:00,113.64,114.25,113.64,114.12,667022
2025-03-12 13:30:00+00:00,114.12,115.63,113.92,115.125,17068492
2025-03-12 13:35:00+00:00,115.1275,116.76,115.02,116.72,12009187
2025-03-12 13:40:00+00:00,116.715,116.76,115.07,115.28,9254235
2025-03-12 13:45:00+00:00,115.29,115.92,114.81,115.2299,6584396
2025-03-12 13:50:00+00:00,115.2499,116.08,115.24,115.55,6225026
2025-03-12 13:55:00+00:00,115.55,115.765,114.57,115.39,6428654
2025-03-12 14:00:00+00:00,115.37,115.8,114.8627,115.49,6120088
2025-03-12 14:05:00+00:00,115.49,116.2,115.44,115.975,5937143
2025-03-12 14:10:00+00:00,115.98,116.11,114.38,114.6,5367843
2025-03-12 14:15:00+00:00,114.609,114.84,113.88,114.785,6565999
2025-03-12 14:20:00+00:00,114.7895,115.09,114.26,114.615,4830479
2025-03-12 14:25:00+00:00,114.64,115.11,114.31,114.6501,3736607
2025-03-12 14:30:00+00:00,114.65,114.78,113.58,113.75,4577901
2025-03-12 14:35:00+00:00,113.74,114.29,113.58,113.9609,3922950
2025-03-12 14:40:00+00:00,113.9605,114.13,113.41,113.73,4153955
2025-03-12 14:45:00+00:00,113.71,114.51,113.65,114.42,3782446
2025-03-12 14:50:00+00:00,114.43,115.2291,114.24,115.0801,4202170
2025-03-12 14:55:00+00:00,115.0801,115.09,114.08,114.1307,3503344
2025-03-12 15:00:00+00:00,114.135,114.35,113.34,113.45,4974121
2025-03-12 15:05:00+00:00,113.45,113.71,112.88,113.34,4631605
2025-03-12 15:10:00+00:00,113.34,113.8,113.18,113.4099,3628588
2025-03-12 15:15:00+00:00,113.4,114.4029,113.285,114.32,3607938
2025-03-12 15:20:00+00:00,114.315,114.51,113.92,114.2688,2912052
2025-03-12 15:25:00+00:00,114.28,114.675,114.15,114.5074,3236926
2025-03-12 15:30:00+00:00,114.51,114.89,114.36,114.505,2813409
2025-03-12 15:35:00+00:00,114.51,115.125,114.49,114.8984,2799687
2025-03-12 15:40:00+00:00,114.9,115.21,114.56,115.09,2665013
2025-03-12 15:45:00+00:00,115.09,115.27,114.78,115.13,2802544
2025-03-12 15:50:00+00:00,115.125,115.5,115.06,115.475,2716141
2025-03-12 15:55:00+00:00,115.47,115.525,114.93,115.43,2863725
2025-03-12 16:00:00+00:00,115.44,115.4499,114.9,115.17,2065471
2025-03-12 16:05:00+00:00,115.19,115.75,115.07,115.68,2576652
2025-03-12 16:10:00+00:00,115.68,116.19,115.52,116.05,4548768
2025-03-12 16:15:00+00:00,116.055,116.155,115.66,115.795,3059036
2025-03-12 16:20:00+00:00,115.79,116.105,115.71,116.03,2304754
2025-03-12 16:25:00+00:00,116.03,116.05,115.6501,115.845,2418070
2025-03-12 16:30:00+00:00,115.84,116.1599,115.81,116.15,1937028
2025-03-12 16:35:00+00:00,116.155,116.6,116.06,116.3799,3550934
2025-03-12 16:40:00+00:00,116.37,116.37,115.44,115.565,4761748
2025-03-12 16:45:00+00:00,115.57,116.39,115.45,116.365,3182830
2025-03-12 16:50:00+00:00,116.3607,116.435,115.95,116.295,2853160
2025-03-12 16:55:00+00:00,116.31,116.35,115.83,115.855,2590033
2025-03-12 17:00:00+00:00,115.86,116.18,115.65,115.86,2392733
2025-03-12 17:05:00+00:00,115.87,116.14,115.5,116.1306,2401869
2025-03-12 17:10:00+00:00,116.13,116.13,115.68,115.97,2189790
2025-03-12 17:15:00+00:00,115.975,116.1,115.69,115.9501,1991976
2025-03-12 17:20:00+00:00,115.96,116.19,115.82,116.18,1674334
2025-03-12 17:25:00+00:00,116.17,116.24,115.83,116.115,1780570
2025-03-12 17:30:00+00:00,116.11,116.23,115.925,116.07,1671829
2025-03-12 17:35:00+00:00,116.06,116.26,115.8411,115.86,1592070
2025-03-12 17:40:00+00:00,115.8686,116.0,115.59,115.6118,1836120
2025-03-12 17:45:00+00:00,115.61,115.8,115.465,115.495,2238236
2025-03-12 17:50:00+00:00,115.49,115.52,114.83,114.9,3099600
2025-03-12 17:55:00+00:00,114.88,114.945,114.3,114.475,3877195
2025-03-12 18:00:00+00:00,114.48,115.1,114.37,114.8999,3328468
2025-03-12 18:05:00+00:00,114.89,114.96,114.3317,114.387,2639045
2025-03-12 18:10:00+00:00,114.39,114.98,114.39,114.9701,2472266
2025-03-12 18:15:00+00:00,114.97,115.31,114.89,115.28,2555064
2025-03-12 18:20:00+00:00,115.275,115.31,114.91,115.19,2334901
2025-03-12 18:25:00+00:00,115.19,115.56,115.04,115.555,2028610
2025-03-12 18:30:00+00:00,115.555,115.63,115.36,115.6,1716929
2025-03-12 18:35:00+00:00,115.595,115.78,115.38,115.734,1934382
2025-03-12 18:40:00+00:00,115.76,115.98,115.5,115.9199,2553556
2025-03-12 18:45:00+00:00,115.92,116.04,115.805,115.8901,2033675
2025-03-12 18:50:00+00:00,115.895,115.95,115.5601,115.735,2204988
2025-03-12 18:55:00+00:00,115.72,115.88,115.45,115.79,1776245
2025-03-12 19:00:00+00:00,115.78,115.98,115.6,115.86,2649367
2025-03-12 19:05:00+00:00,115.855,115.895,115.6399,115.76,1645005
2025-03-12 19:10:00+00:00,115.765,115.84,115.57,115.73,1965095
2025-03-12 19:15:00+00:00,115.7213,115.83,115.48,115.585,1983708
2025-03-12 19:20:00+00:00,115.585,115.715,115.08,115.395,2757241
2025-03-12 19:25:00+00:00,115.4,115.7,115.32,115.45,2639223
2025-03-12 19:30:00+00:00,115.44,115.74,115.43,115.68,2155245
2025-03-12 19:35:00+00:00,115.68,115.7,115.26,115.405,2590157
2025-03-12 19:40:00+00:00,115.41,115.5488,115.14,115.28,2455577
2025-03-12 19:45:00+00:00,115.28,115.75,115.2719,115.68,3563967
2025-03-12 19:50:00+00:00,115.67,115.99,114.98,115.755,6092476
2025-03-12 19:55:00+00:00,115.75,115.9799,115.67,115.74,8171634
2025-03-12 20:00:00+00:00,115.74,115.88,115.59,115.7296,23702825
2025-03-12 20:05:00+00:00,115.73,115.94,115.52,115.6393,363550
2025-03-12 20:10:00+00:00,115.62,115.74,115.6,115.64,96314
2025-03-12 20:15:00+00:00,115.65,115.75,115.63,115.74,106035
2025-03-12 20:20:00+00:00,115.74,115.74,115.63,115.73,65404
2025-03-12 20:25:00+00:00,115.71,115.74,115.6403,115.71,60077
2025-03-12 20:30:00+00:00,115.7,115.76,115.6807,115.74,115076
2025-03-12 20:35:00+00:00,115.74,115.74,115.4795,115.55,159471
2025-03-12 20:40:00+00:00,115.55,115.74,115.5,115.55,116338
2025-03-12 20:45:00+00:00,115.53,115.63,115.52,115.63,52198
2025-03-12 20:50:00+00:00,115.63,115.67,115.54,115.55,74847
2025-03-12 20:55:00+00:00,115.54,115.6,115.51,115.59,55086
2025-03-12 21:00:00+00:00,115.58,115.7,115.55,115.69,34808
2025-03-12 21:05:00+00:00,115.6898,115.85,115.6801,115.84,39226
2025-03-12 21:10:00+00:00,115.84,115.9,115.74,115.82,41328
2025-03-12 21:15:00+00:00,115.83,115.9,115.83,115.87,43708
2025-03-12 21:20:00+00:00,115.9,116.04,115.9,116.02,134905
2025-03-12 21:25:00+00:00,116.01,116.1299,116.01,116.08,95834
2025-03-12 21:30:00+00:00,116.1,116.1,115.95,115.95,51329
2025-03-12 21:35:00+00:00,115.951,116.15,115.9501,116.06,70196
2025-03-12 21:40:00+00:00,116.08,116.13,115.82,115.89,88014
2025-03-12 21:45:00+00:00,115.88,116.0,115.87,115.96,17670
2025-03-12 21:50:00+00:00,115.9699,115.97,115.94,115.96,25939
2025-03-12 21:55:00+00:00,115.95,116.0,115.95,115.97,26607
2025-03-12 22:00:00+00:00,115.96,115.99,115.81,115.92,35927
2025-03-12 22:05:00+00:00,115.95,116.0,115.9,116.0,44725
2025-03-12 22:10:00+00:00,116.0,116.1602,115.96,116.09,54483
2025-03-12 22:15:00+00:00,116.09,116.28,116.09,116.24,86377
2025-03-12 22:20:00+00:00,116.25,116.38,116.18,116.2314,97852
2025-03-12 22:25:00+00:00,116.29,116.38,116.22,116.32,59661
2025-03-12 22:30:00+00:00,116.339,116.38,116.27,116.28,49702
2025-03-12 22:35:00+00:00,116.28,116.4,116.27,116.3402,48505
2025-03-12 22:40:00+00:00,116.35,116.49,116.33,116.4795,58261
2025-03-12 22:45:00+00:00,116.47,116.55,116.38,116.38,93561
2025-03-12 22:50:00+00:00,116.4,116.45,116.34,116.44,38054
2025-03-12 22:55:00+00:00,116.44,116.47,116.3902,116.4001,45626
2025-03-12 23:00:00+00:00,116.43,116.57,116.4001,116.5302,62311
2025-03-12 23:05:00+00:00,116.54,116.74,116.52,116.74,111228
2025-03-12 23:10:00+00:00,116.74,116.75,116.65,116.6998,75235
2025-03-12 23:15:00+00:00,116.6809,116.74,116.59,116.69,47740
2025-03-12 23:20:00+00:00,116.6656,116.82,116.4,116.7401,128051
2025-03-12 23:25:00+00:00,116.74,116.75,116.6,116.74,61494
2025-03-12 23:30:00+00:00,116.74,116.77,116.69,116.76,85643
2025-03-12 23:35:00+00:00,116.77,116.77,116.72,116.74,35168
2025-03-12 23:40:00+00:00,116.77,116.83,116.73,116.819,57168
2025-03-12 23:45:00+00:00,116.8,116.87,116.79,116.8199,60040
2025-03-12 23:50:00+00:00,116.8,116.9,116.79,116.89,63576
2025-03-12 23:55:00+00:00,116.9,116.98,116.89,116.9799,125334
2025-03-13 08:00:00+00:00,114.8,115.46,114.43,114.76,122576
2025-03-13 08:05:00+00:00,114.81,114.92,114.47,114.9,56788
2025-03-13 08:10:00+00:00,114.83,114.9,114.53,114.59,40341
2025-03-13 08:15:00+00:00,114.54,114.73,114.06,114.06,67010
2025-03-13 08:20:00+00:00,114.08,114.55,114.07,114.4,48117
2025-03-13 08:25:00+00:00,114.4,114.75,114.4,114.61,27215
2025-03-13 08:30:00+00:00,114.67,114.75,114.52,114.6,37738
2025-03-13 08:35:00+00:00,114.64,114.7,114.31,114.42,58887
2025-03-13 08:40:00+00:00,114.46,114.69,114.31,114.66,36010
2025-03-13 08:45:00+00:00,114.69,114.78,114.6,114.77,33189
2025-03-13 08:50:00+00:00,114.77,114.87,114.62,114.65,47213
2025-03-13 08:55:00+00:00,114.65,115.03,114.58,114.97,50304
2025-03-13 09:00:00+00:00,114.95,115.1,114.62,114.62,64565
2025-03-13 09:05:00+00:00,114.63,114.78,114.59,114.78,34273
2025-03-13 09:10:00+00:00,114.79,115.09,114.78,115.05,42054
2025-03-13 09:15:00+00:00,115.07,115.57,115.07,115.5,95700
2025-03-13 09:20:00+00:00,115.49,115.58,115.3,115.3,62708
2025-03-13 09:25:00+00:00,115.32,115.37,115.24,115.36,25327
2025-03-13 09:30:00+00:00,115.36,115.54,115.28,115.53,45062
2025-03-13 09:35:00+00:00,115.53,116.1,115.37,116.1,131435
2025-03-13 09:40:00+00:00,116.12,116.15,115.83,115.99,107181
2025-03-13 09:45:00+00:00,115.99,116.1,115.86,115.97,60928
2025-03-13 09:50:00+00:00,115.99,116.07,115.82,115.98,50771
2025-03-13 09:55:00+00:00,116.0,116.33,115.94,116.33,69081
2025-03-13 10:00:00+00:00,116.33,116.54,116.11,116.2,108931
2025-03-13 10:05:00+00:00,116.22,116.39,116.2,116.23,66459
2025-03-13 10:10:00+00:00,116.24,116.69,116.17,116.62,86845
2025-03-13 10:15:00+00:00,116.66,116.68,116.32,116.49,100614
2025-03-13 10:20:00+00:00,116.49,116.59,116.4,116.5,66360
2025-03-13 10:25:00+00:00,116.5,116.87,116.48,116.61,81705
2025-03-13 10:30:00+00:00,116.64,116.79,116.6,116.63,60607
2025-03-13 10:35:00+00:00,116.61,116.84,116.61,116.7,100100
2025-03-13 10:40:00+00:00,116.76,117.0,116.75,116.94,177744
2025-03-13 10:45:00+00:00,116.93,117.19,116.91,117.1,130989
2025-03-13 10:50:00+00:00,117.13,117.13,116.69,116.72,178297
2025-03-13 10:55:00+00:00,116.7,116.75,116.31,116.49,183318
2025-03-13 11:00:00+00:00,116.5,116.81,116.27,116.35,221573
2025-03-13 11:05:00+00:00,116.38,116.6,116.21,116.3,120140
2025-03-13 11:10:00+00:00,116.34,116.58,116.34,116.37,94520
2025-03-13 11:15:00+00:00,116.37,116.8,116.3,116.5,128239
2025-03-13 11:20:00+00:00,116.51,116.53,116.2,116.33,86079
2025-03-13 11:25:00+00:00,116.33,116.33,115.75,115.98,178400
2025-03-13 11:30:00+00:00,115.97,116.22,115.88,115.94,100990
2025-03-13 11:35:00+00:00,115.95,116.03,115.55,115.6,105675
2025-03-13 11:40:00+00:00,115.65,115.88,115.6,115.67,75641
2025-03-13 11:45:00+00:00,115.69,115.75,115.25,115.53,95752
2025-03-13 11:50:00+00:00,115.55,115.95,115.49,115.95,62095
2025-03-13 11:55:00+00:00,115.94,116.13,115.58,115.95,160710
2025-03-13 12:00:00+00:00,115.94,117.17,113.8,115.7188,1799615
2025-03-13 12:05:00+00:00,115.72,115.82,115.5702,115.58,119451
2025-03-13 12:10:00+00:00,115.58,115.818,115.45,115.59,107250
2025-03-13 12:15:00+00:00,115.59,115.83,115.58,115.6316,137042
2025-03-13 12:20:00+00:00,115.68,115.88,115.56,115.8401,115878
2025-03-13 12:25:00+00:00,115.84,115.93,115.62,115.85,152566
2025-03-13 12:30:00+00:00,115.85,116.5,115.81,116.21,714545
2025-03-13 12:35:00+00:00,116.23,116.29,115.91,116.13,329540
2025-03-13 12:40:00+00:00,116.14,116.22,115.98,116.13,212294
2025-03-13 12:45:00+00:00,116.13,116.13,115.75,115.8501,235167
2025-03-13 12:50:00+00:00,115.89,116.18,115.86,116.0,169049
2025-03-13 12:55:00+00:00,116.05,116.43,116.05,116.43,194302
2025-03-13 13:00:00+00:00,116.42,116.7,116.35,116.61,301438
2025-03-13 13:05:00+00:00,116.6296,116.679,116.42,116.47,196115
2025-03-13 13:10:00+00:00,116.46,116.5,116.2207,116.3,161300
2025-03-13 13:15:00+00:00,116.31,116.6499,116.25,116.6,188840
2025-03-13 13:20:00+00:00,116.56,116.96,116.51,116.93,293811
2025-03-13 13:25:00+00:00,116.91,117.18,116.85,116.99,441267
2025-03-13 13:30:00+00:00,117.03,117.03,115.57,116.36,10079626
2025-03-13 13:35:00+00:00,116.36,116.77,115.59,116.155,6645550
2025-03-13 13:40:00+00:00,116.14,116.51,115.03,115.19,6507374
2025-03-13 13:45:00+00:00,115.21,115.86,115.065,115.8,4821283
2025-03-13 13:50:00+00:00,115.78,116.15,114.41,114.655,6502409
2025-03-13 13:55:00+00:00,114.655,115.11,113.96,114.41,5758036
2025-03-13 14:00:00+00:00,114.41,115.15,113.79,114.82,5410328
2025-03-13 14:05:00+00:00,114.84,115.81,114.78,115.685,5258457
2025-03-13 14:10:00+00:00,115.68,116.11,114.97,116.07,5420489
2025-03-13 14:15:00+00:00,116.08,116.94,116.01,116.92,6139453
2025-03-13 14:20:00+00:00,116.92,117.58,116.54,117.55,6607398
2025-03-13 14:25:00+00:00,117.56,117.76,116.54,116.655,6153373
2025-03-13 14:30:00+00:00,116.655,117.25,116.48,116.81,4609997
2025-03-13 14:35:00+00:00,116.82,116.97,116.23,116.515,3493226
2025-03-13 14:40:00+00:00,116.5,116.63,115.86,116.12,3568953
2025-03-13 14:45:00+00:00,116.11,116.53,115.69,116.04,3465328
2025-03-13 14:50:00+00:00,116.05,116.99,116.02,116.65,4194967
2025-03-13 14:55:00+00:00,116.6419,116.69,116.1,116.485,2577571
2025-03-13 15:00:00+00:00,116.49,117.05,116.485,116.91,3017821
2025-03-13 15:05:00+00:00,116.9126,117.03,115.83,115.95,3360329
2025-03-13 15:10:00+00:00,115.955,116.24,115.61,115.78,3411200
2025-03-13 15:15:00+00:00,115.78,116.4091,115.73,116.3467,2793741
2025-03-13 15:20:00+00:00,116.34,116.54,115.9905,116.53,2135388
2025-03-13 15:25:00+00:00,116.54,116.7,115.89,116.08,2633249
2025-03-13 15:30:00+00:00,116.08,116.5,116.01,116.21,2118911
2025-03-13 15:35:00+00:00,116.2118,116.26,115.41,115.6002,3739227
2025-03-13 15:40:00+00:00,115.615,116.7,115.43,116.45,3996393
2025-03-13 15:45:00+00:00,116.45,116.59,116.0,116.34,2762602
2025-03-13 15:50:00+00:00,116.35,116.3677,115.48,115.62,3437528
2025-03-13 15:55:00+00:00,115.62,116.03,115.44,115.7125,2889995
2025-03-13 16:00:00+00:00,115.72,116.26,115.57,116.19,2817424
2025-03-13 16:05:00+00:00,116.18,116.39,115.85,116.3,2508514
2025-03-13 16:10:00+00:00,116.28,116.305,115.87,115.9815,1935101
2025-03-13 16:15:00+00:00,115.9823,116.3691,115.94,116.1712,1761162
2025-03-13 16:20:00+00:00,116.17,116.35,115.83,115.8705,1791351
2025-03-13 16:25:00+00:00,115.88,116.1,115.62,115.85,1874755
2025-03-13 16:30:00+00:00,115.85,116.3,115.61,116.2701,2321186
2025-03-13 16:35:00+00:00,116.29,116.8,116.145,116.59,2747771
2025-03-13 16:40:00+00:00,116.585,116.62,115.93,115.975,2632327
2025-03-13 16:45:00+00:00,115.97,116.1,115.12,115.435,3931078
2025-03-13 16:50:00+00:00,115.435,115.9602,115.17,115.48,3028711
2025-03-13 16:55:00+00:00,115.49,115.56,115.26,115.5039,1671025
2025-03-13 17:00:00+00:00,115.5,115.9,115.29,115.751,1925826
2025-03-13 17:05:00+00:00,115.76,115.86,115.31,115.36,1939578
2025-03-13 17:10:00+00:00,115.35,115.43,114.81,115.1301,2986240
2025-03-13 17:15:00+00:00,115.14,115.17,114.45,114.59,2372431
2025-03-13 17:20:00+00:00,114.585,115.1501,114.475,115.06,2658622
2025-03-13 17:25:00+00:00,115.06,115.3,114.8812,115.265,2333065
2025-03-13 17:30:00+00:00,115.265,115.42,115.1102,115.32,2203201
2025-03-13 17:35:00+00:00,115.33,115.52,115.16,115.29,2518207
2025-03-13 17:40:00+00:00,115.29,115.525,115.23,115.32,1784422
2025-03-13 17:45:00+00:00,115.3,115.52,115.2,115.5,1789285
2025-03-13 17:50:00+00:00,115.51,115.98,115.44,115.93,2860450
2025-03-13 17:55:00+00:00,115.92,115.98,115.42,115.4601,1955127
2025-03-13 18:00:00+00:00,115.46,116.25,115.4,116.215,3803743
2025-03-13 18:05:00+00:00,116.21,116.54,116.06,116.32,2702468
2025-03-13 18:10:00+00:00,116.315,116.83,116.24,116.745,2537726
2025-03-13 18:15:00+00:00,116.75,116.78,116.315,116.55,2182795
2025-03-13 18:20:00+00:00,116.54,116.89,116.39,116.83,1796904
2025-03-13 18:25:00+00:00,116.84,116.96,116.59,116.95,2030880
2025-03-13 18:30:00+00:00,116.95,117.2,116.725,116.99,2929964
2025-03-13 18:35:00+00:00,117.0,117.49,116.8719,117.3318,2939345
2025-03-13 18:40:00+00:00,117.335,117.53,117.1414,117.48,2178522
2025-03-13 18:45:00+00:00,117.48,117.57,117.28,117.48,2384635
2025-03-13 18:50:00+00:00,117.48,117.565,116.73,117.059,3407179
2025-03-13 18:55:00+00:00,117.0689,117.41,116.91,117.295,2383533
2025-03-13 19:00:00+00:00,117.29,117.73,117.09,117.17,3118312
2025-03-13 19:05:00+00:00,117.17,117.17,116.45,116.6799,3205893
2025-03-13 19:10:00+00:00,116.67,116.93,116.54,116.85,2192106
2025-03-13 19:15:00+00:00,116.85,116.91,116.58,116.84,2117979
2025-03-13 19:20:00+00:00,116.84,116.84,116.55,116.775,1698347
2025-03-13 19:25:00+00:00,116.77,116.785,115.89,116.005,3211382
2025-03-13 19:30:00+00:00,116.01,116.35,115.77,116.235,3147096
2025-03-13 19:35:00+00:00,116.23,116.25,115.47,115.4911,2995059
2025-03-13 19:40:00+00:00,115.495,115.89,115.24,115.665,3730655
2025-03-13 19:45:00+00:00,115.67,115.8105,115.38,115.78,2846900
2025-03-13 19:50:00+00:00,115.77,116.27,115.12,116.055,5397694
2025-03-13 19:55:00+00:00,116.06,116.11,115.41,115.71,7682268
2025-03-13 20:00:00+00:00,115.58,115.99,115.58,115.88,22593393
2025-03-13 20:05:00+00:00,115.87,115.99,115.83,115.96,203792
2025-03-13 20:10:00+00:00,115.96,116.2,115.9,116.08,237017
2025-03-13 20:15:00+00:00,116.0701,116.14,115.58,115.96,114385
2025-03-13 20:20:00+00:00,115.9983,116.05,115.58,115.91,98016
2025-03-13 20:25:00+00:00,115.93,116.0,115.9136,115.95,37828
2025-03-13 20:30:00+00:00,115.94,116.05,115.93,116.02,62315
2025-03-13 20:35:00+00:00,116.02,116.05,115.9,115.959,49189
2025-03-13 20:40:00+00:00,115.9248,115.99,115.58,115.81,104981
2025-03-13 20:45:00+00:00,115.8,115.95,115.75,115.9018,50499
2025-03-13 20:50:00+00:00,115.9387,115.9387,115.83,115.83,41085
2025-03-13 20:55:00+00:00,115.84,115.9,115.83,115.8607,33608
2025-03-13 21:00:00+00:00,115.86,115.93,115.85,115.8705,60794
2025-03-13 21:05:00+00:00,115.87,115.88,115.82,115.83,25133
2025-03-13 21:10:00+00:00,115.85,115.89,115.7707,115.82,52397
2025-03-13 21:15:00+00:00,115.83,115.84,115.75,115.76,38449
2025-03-13 21:20:00+00:00,115.7896,115.7896,115.71,115.75,25751
2025-03-13 21:25:00+00:00,115.74,115.76,115.71,115.72,50256
2025-03-13 21:30:00+00:00,115.7107,115.75,115.61,115.641,1158049
2025-03-13 21:35:00+00:00,115.68,115.69,115.59,115.5999,48675
2025-03-13 21:40:00+00:00,115.6,115.66,115.59,115.6501,38949
2025-03-13 21:45:00+00:00,115.6518,115.8,115.6504,115.76,21904
2025-03-13 21:50:00+00:00,115.76,115.85,115.76,115.8,16049
2025-03-13 21:55:00+00:00,115.8,115.8,115.7303,115.79,19368
2025-03-13 22:00:00+00:00,115.86,116.0,115.7999,115.9996,66444
2025-03-13 22:05:00+00:00,116.0,116.28,115.99,116.25,110181
2025-03-13 22:10:00+00:00,116.25,116.29,116.2003,116.2492,77488
2025-03-13 22:15:00+00:00,116.24,116.3,116.12,116.2316,49213
2025-03-13 22:20:00+00:00,116.2695,116.28,116.18,116.1995,75920
2025-03-13 22:25:00+00:00,116.2,116.3,116.2,116.2516,45735
2025-03-13 22:30:00+00:00,116.26,116.38,116.26,116.38,38652
2025-03-13 22:35:00+00:00,116.35,116.38,116.3,116.38,30868
2025-03-13 22:40:00+00:00,116.38,116.46,116.3507,116.43,65446
2025-03-13 22:45:00+00:00,116.44,116.48,116.41,116.47,38008
2025-03-13 22:50:00+00:00,116.4603,116.6,116.4601,116.56,80865
2025-03-13 22:55:00+00:00,116.58,116.6299,116.4705,116.4999,65811
2025-03-13 23:00:00+00:00,116.48,116.52,116.34,116.35,38843
2025-03-13 23:05:00+00:00,116.35,116.5,116.35,116.49,53068
2025-03-13 23:10:00+00:00,116.4998,116.6,116.46,116.53,38780
2025-03-13 23:15:00+00:00,116.53,116.53,116.42,116.48,24391
2025-03-13 23:20:00+00:00,116.48,116.53,115.58,116.51,53531
2025-03-13 23:25:00+00:00,116.52,116.58,116.5,116.54,44749
2025-03-13 23:30:00+00:00,116.513,116.55,116.4304,116.48,40689
2025-03-13 23:35:00+00:00,116.4774,116.49,116.3104,116.33,50605
2025-03-13 23:40:00+00:00,116.34,116.4,116.3006,116.4,35108
2025-03-13 23:45:00+00:00,116.38,116.47,116.38,116.45,62290
2025-03-13 23:50:00+00:00,116.46,116.48,116.3805,116.4199,52711
2025-03-13 23:55:00+00:00,116.42,116.43,116.38,116.411,77681
2025-03-14 08:00:00+00:00,117.2,117.25,116.9,117.08,67361
2025-03-14 08:05:00+00:00,117.13,117.26,117.08,117.15,33416
2025-03-14 08:10:00+00:00,117.2,117.4,117.11,117.4,48404
2025-03-14 08:15:00+00:00,117.42,117.5,117.29,117.37,62891
2025-03-14 08:20:00+00:00,117.38,117.58,117.34,117.53,33446
2025-03-14 08:25:00+00:00,117.54,117.69,117.48,117.62,48287
2025-03-14 08:30:00+00:00,117.62,117.67,117.5,117.5,53482
2025-03-14 08:35:00+00:00,117.5,117.55,117.41,117.47,38071
2025-03-14 08:40:00+00:00,117.47,117.49,117.38,117.48,38220
2025-03-14 08:45:00+00:00,117.46,117.66,117.46,117.64,25661
2025-03-14 08:50:00+00:00,117.66,117.67,117.52,117.57,29229
2025-03-14 08:55:00+00:00,117.57,117.57,117.42,117.48,17310
2025-03-14 09:00:00+00:00,117.49,117.65,117.44,117.62,38604
2025-03-14 09:05:00+00:00,117.62,117.73,117.6,117.69,52202
2025-03-14 09:10:00+00:00,117.66,117.66,117.51,117.6,35882
2025-03-14 09:15:00+00:00,117.58,117.62,117.55,117.55,17250
2025-03-14 09:20:00+00:00,117.55,117.7,117.52,117.66,25686
2025-03-14 09:25:00+00:00,117.65,117.74,117.55,117.6,35903
2025-03-14 09:30:00+00:00,117.6,117.6,117.43,117.59,49018
2025-03-14 09:35:00+00:00,117.59,117.68,117.55,117.57,29938
2025-03-14 09:40:00+00:00,117.58,117.72,117.57,117.66,26884
2025-03-14 09:45:00+00:00,117.68,117.84,117.61,117.82,44630
2025-03-14 09:50:00+00:00,117.82,117.87,117.78,117.8,36873
2025-03-14 09:55:00+00:00,117.78,117.84,117.69,117.84,24081
2025-03-14 10:00:00+00:00,117.84,117.86,117.72,117.75,31953
2025-03-14 10:05:00+00:00,117.77,117.81,117.73,117.81,17861
2025-03-14 10:10:00+00:00,117.79,117.84,117.56,117.68,47330
2025-03-14 10:15:00+00:00,117.7,117.78,117.63,117.69,22921
2025-03-14 10:20:00+00:00,117.68,117.72,117.56,117.63,24158
2025-03-14 10:25:00+00:00,117.59,117.72,117.59,117.71,16677
2025-03-14 10:30:00+00:00,117.71,117.75,117.42,117.44,89840
2025-03-14 10:35:00+00:00,117.44,117.66,117.39,117.58,45920
2025-03-14 10:40:00+00:00,117.56,117.64,117.52,117.59,17075
2025-03-14 10:45:00+00:00,117.58,117.75,117.58,117.71,37003
2025-03-14 10:50:00+00:00,117.73,117.92,117.72,117.78,80767
2025-03-14 10:55:00+00:00,117.8,117.8,117.65,117.65,47674
2025-03-14 11:00:00+00:00,117.65,117.72,117.5,117.72,122977
2025-03-14 11:05:00+00:00,117.74,117.79,117.62,117.74,68248
2025-03-14 11:10:00+00:00,117.73,117.89,117.73,117.83,66872
2025-03-14 11:15:00+00:00,117.84,117.85,117.7,117.8,44610
2025-03-14 11:20:00+00:00,117.81,117.99,117.8,117.97,108739
2025-03-14 11:25:00+00:00,117.96,118.18,117.95,118.16,171132
2025-03-14 11:30:00+00:00,118.17,118.4,118.07,118.21,184051
2025-03-14 11:35:00+00:00,118.2,118.26,118.18,118.26,78631
2025-03-14 11:40:00+00:00,118.27,118.49,118.27,118.43,131184
2025-03-14 11:45:00+00:00,118.46,118.47,118.32,118.46,65507
2025-03-14 11:50:00+00:00,118.45,118.49,118.26,118.27,115717
2025-03-14 11:55:00+00:00,118.27,118.49,118.25,118.38,49428
2025-03-14 12:00:00+00:00,117.54,118.54,116.71,118.46,1407868
2025-03-14 12:05:00+00:00,118.47,118.65,118.44,118.65,261661
2025-03-14 12:10:00+00:00,118.6207,118.67,118.5,118.61,158122
2025-03-14 12:15:00+00:00,118.61,118.68,118.52,118.6308,142322
2025-03-14 12:20:00+00:00,118.63,118.94,118.63,118.91,359649
2025-03-14 12:25:00+00:00,118.91,119.13,118.9,119.12,524402
2025-03-14 12:30:00+00:00,119.1299,119.18,119.0,119.0793,330281
2025-03-14 12:35:00+00:00,119.0535,119.08,118.86,118.88,279834
2025-03-14 12:40:00+00:00,118.87,118.9,118.73,118.83,257096
2025-03-14 12:45:00+00:00,118.85,118.95,118.81,118.9,731772
2025-03-14 12:50:00+00:00,118.88,119.06,118.84,118.9301,179210
2025-03-14 12:55:00+00:00,118.93,119.0,118.8301,119.0,151785
2025-03-14 13:00:00+00:00,118.9995,119.06,118.78,119.0,275588
2025-03-14 13:05:00+00:00,119.0098,119.15,118.98,119.03,405455
2025-03-14 13:10:00+00:00,119.0299,119.05,118.88,118.8899,198763
2025-03-14 13:15:00+00:00,118.86,118.9,118.68,118.73,240547
2025-03-14 13:20:00+00:00,118.74,118.89,118.72,118.8799,153700
2025-03-14 13:25:00+00:00,118.88,119.0,118.5,118.6,403280
2025-03-14 13:30:00+00:00,118.6,119.83,118.15,119.5372,11679141
2025-03-14 13:35:00+00:00,119.51,120.47,119.37,120.25,9020657
2025-03-14 13:40:00+00:00,120.25,120.33,119.3303,119.8199,9014470
2025-03-14 13:45:00+00:00,119.815,119.95,119.37,119.7889,4575272
2025-03-14 13:50:00+00:00,119.79,120.565,119.73,120.2889,6246563
2025-03-14 13:55:00+00:00,120.29,120.29,119.59,119.72,3717918
2025-03-14 14:00:00+00:00,119.71,119.77,119.1,119.68,5670650
2025-03-14 14:05:00+00:00,119.68,120.27,119.34,119.39,4941905
2025-03-14 14:10:00+00:00,119.385,119.61,118.96,119.29,4969441
2025-03-14 14:15:00+00:00,119.29,119.68,119.14,119.5725,3122134
2025-03-14 14:20:00+00:00,119.57,120.12,119.07,120.035,4835236
2025-03-14 14:25:00+00:00,120.0386,120.08,119.43,119.5249,3200775
2025-03-14 14:30:00+00:00,119.529,119.99,119.5001,119.96,2485664
2025-03-14 14:35:00+00:00,119.96,120.35,119.63,120.32,3667688
2025-03-14 14:40:00+00:00,120.31,120.68,120.12,120.4101,4539638
2025-03-14 14:45:00+00:00,120.41,120.55,120.18,120.275,2835845
2025-03-14 14:50:00+00:00,120.28,120.37,119.95,119.965,2872551
2025-03-14 14:55:00+00:00,119.965,120.29,119.85,120.25,2956113
2025-03-14 15:00:00+00:00,120.2412,120.96,120.21,120.8951,4627822
2025-03-14 15:05:00+00:00,120.895,120.92,120.53,120.56,2819083
2025-03-14 15:10:00+00:00,120.57,120.84,120.44,120.5963,2498870
2025-03-14 15:15:00+00:00,120.6,120.97,120.55,120.9582,2267856
2025-03-14 15:20:00+00:00,120.95,121.19,120.87,120.9682,3612535
2025-03-14 15:25:00+00:00,120.965,121.115,120.82,120.93,2525237
2025-03-14 15:30:00+00:00,120.93,121.09,120.78,120.9813,2149606
2025-03-14 15:35:00+00:00,120.99,121.59,120.98,121.585,3843585
2025-03-14 15:40:00+00:00,121.59,121.88,121.445,121.735,4422389
2025-03-14 15:45:00+00:00,121.74,121.785,121.16,121.32,3585042
2025-03-14 15:50:00+00:00,121.32,121.35,120.93,121.2301,3111258
2025-03-14 15:55:00+00:00,121.23,121.23,120.82,120.9186,2582136
2025-03-14 16:00:00+00:00,120.92,121.05,120.73,120.76,2335947
2025-03-14 16:05:00+00:00,120.77,120.98,120.52,120.675,2958557
2025-03-14 16:10:00+00:00,120.675,120.75,120.5,120.66,2376147
2025-03-14 16:15:00+00:00,120.65,120.88,120.5,120.7601,2486515
2025-03-14 16:20:00+00:00,120.76,120.99,120.72,120.85,2038075
2025-03-14 16:25:00+00:00,120.85,120.92,120.5,120.515,2004744
2025-03-14 16:30:00+00:00,120.5101,120.69,120.36,120.58,1950325
2025-03-14 16:35:00+00:00,120.57,121.05,120.54,120.8516,2442285
2025-03-14 16:40:00+00:00,120.855,121.09,120.84,121.03,1555878
2025-03-14 16:45:00+00:00,121.035,121.065,120.81,120.9701,1600445
2025-03-14 16:50:00+00:00,120.98,121.285,120.93,121.09,2195402
2025-03-14 16:55:00+00:00,121.08,121.195,120.86,120.88,1877829
2025-03-14 17:00:00+00:00,120.87,121.0764,120.6102,120.6899,2389622
2025-03-14 17:05:00+00:00,120.68,120.97,120.64,120.9184,1574563
2025-03-14 17:10:00+00:00,120.915,120.95,120.75,120.83,1408649
2025-03-14 17:15:00+00:00,120.83,121.055,120.8,120.8383,1684903
2025-03-14 17:20:00+00:00,120.83,120.99,120.6,120.62,1709711
2025-03-14 17:25:00+00:00,120.625,120.71,120.38,120.545,1994366
2025-03-14 17:30:00+00:00,120.54,120.79,120.41,120.4966,1690550
2025-03-14 17:35:00+00:00,120.51,120.6698,120.4,120.6282,1528569
2025-03-14 17:40:00+00:00,120.62,120.67,120.37,120.41,1268249
2025-03-14 17:45:00+00:00,120.41,120.51,120.28,120.4056,1627989
2025-03-14 17:50:00+00:00,120.41,120.81,120.37,120.7601,1807471
2025-03-14 17:55:00+00:00,120.76,120.8594,120.365,120.4244,1661882
2025-03-14 18:00:00+00:00,120.43,120.7,120.425,120.645,1971211
2025-03-14 18:05:00+00:00,120.6411,120.76,120.5,120.57,1307304
2025-03-14 18:10:00+00:00,120.56,120.73,120.32,120.385,1661505
2025-03-14 18:15:00+00:00,120.39,120.43,120.18,120.3199,1599850
2025-03-14 18:20:00+00:00,120.31,120.46,120.11,120.1482,1389689
2025-03-14 18:25:00+00:00,120.14,120.37,120.13,120.275,2081421
2025-03-14 18:30:00+00:00,120.28,120.66,120.245,120.62,1921989
2025-03-14 18:35:00+00:00,120.61,120.74,120.475,120.7102,1515749
2025-03-14 18:40:00+00:00,120.715,120.74,120.45,120.6493,2228586
2025-03-14 18:45:00+00:00,120.6499,120.86,120.6,120.7299,2121299
2025-03-14 18:50:00+00:00,120.73,120.81,120.56,120.695,1511125
2025-03-14 18:55:00+00:00,120.695,120.7,120.37,120.59,1732094
2025-03-14 19:00:00+00:00,120.58,120.72,120.415,120.695,2032494
2025-03-14 19:05:00+00:00,120.695,120.98,120.68,120.925,2598282
2025-03-14 19:10:00+00:00,120.9201,121.0685,120.73,120.975,2591243
2025-03-14 19:15:00+00:00,120.9782,121.01,120.72,120.89,2067401
2025-03-14 19:20:00+00:00,120.9,120.96,120.67,120.8103,1559111
2025-03-14 19:25:00+00:00,120.815,120.89,120.53,120.585,1855511
2025-03-14 19:30:00+00:00,120.59,120.94,120.58,120.9,2350907
2025-03-14 19:35:00+00:00,120.905,121.0,120.7,120.845,2347646
2025-03-14 19:40:00+00:00,120.8401,120.93,120.72,120.865,2198622
2025-03-14 19:45:00+00:00,120.865,121.0,120.72,120.9701,2614134
2025-03-14 19:50:00+00:00,120.97,121.5,120.725,121.47,6003099
2025-03-14 19:55:00+00:00,121.46,121.8,121.44,121.47,13007925
2025-03-14 20:00:00+00:00,121.67,121.67,121.29,121.41,27285874
2025-03-14 20:05:00+00:00,121.42,121.67,120.545,121.41,539538
2025-03-14 20:10:00+00:00,121.4,121.67,121.3,121.42,342123
2025-03-14 20:15:00+00:00,121.4114,121.5,121.4114,121.46,82926
2025-03-14 20:20:00+00:00,121.46,121.67,121.01,121.13,260035
2025-03-14 20:25:00+00:00,121.12,121.2913,121.12,121.2,167989
2025-03-14 20:30:00+00:00,121.19,121.44,121.18,121.34,107649
2025-03-14 20:35:00+00:00,121.35,121.37,121.25,121.29,72161
2025-03-14 20:40:00+00:00,121.29,121.3,121.22,121.24,49997
2025-03-14 20:45:00+00:00,121.24,121.67,121.16,121.2491,57518
2025-03-14 20:50:00+00:00,121.22,121.25,121.17,121.21,984924
2025-03-14 20:55:00+00:00,121.2,121.2197,121.17,121.21,52177
2025-03-14 21:00:00+00:00,121.2,121.21,121.17,121.17,121164
2025-03-14 21:05:00+00:00,121.18,121.1895,120.87,120.98,240727
2025-03-14 21:10:00+00:00,120.9807,121.67,120.9801,121.02,41152
2025-03-14 21:15:00+00:00,121.02,121.05,120.98,121.0019,79523
2025-03-14 21:20:00+00:00,121.03,121.15,121.03,121.12,29235
2025-03-14 21:25:00+00:00,121.17,121.3,121.13,121.3,51122
2025-03-14 21:30:00+00:00,121.29,121.37,121.18,121.181,62939
2025-03-14 21:35:00+00:00,121.19,121.36,121.18,121.279,35305
2025-03-14 21:40:00+00:00,121.29,121.35,121.29,121.3,19064
2025-03-14 21:45:00+00:00,121.2991,121.33,121.2616,121.32,19512
2025-03-14 21:50:00+00:00,121.28,121.3388,121.28,121.3,40037
2025-03-14 21:55:00+00:00,121.29,121.35,121.25,121.3497,19747
2025-03-14 22:00:00+00:00,121.34,121.35,121.29,121.3208,30920
2025-03-14 22:05:00+00:00,121.34,121.37,121.32,121.34,40385
2025-03-14 22:10:00+00:00,121.35,121.37,121.33,121.36,22351
2025-03-14 22:15:00+00:00,121.3598,121.39,121.33,121.39,29477
2025-03-14 22:20:00+00:00,121.39,121.56,121.37,121.52,65197
2025-03-14 22:25:00+00:00,121.53,121.55,121.4501,121.4502,68861
2025-03-14 22:30:00+00:00,121.46,121.4899,121.45,121.47,37731
2025-03-14 22:35:00+00:00,121.4795,121.52,121.46,121.5,29922
2025-03-14 22:40:00+00:00,121.51,121.6,121.5,121.5801,57359
2025-03-14 22:45:00+00:00,121.58,121.59,121.5,121.5293,40307
2025-03-14 22:50:00+00:00,121.51,121.53,121.5,121.5,46421
2025-03-14 22:55:00+00:00,121.51,121.52,121.45,121.51,43416
2025-03-14 23:00:00+00:00,121.4931,121.59,121.4931,121.58,27476
2025-03-14 23:05:00+00:00,121.59,121.59,121.5207,121.53,17895
2025-03-14 23:10:00+00:00,121.55,121.5693,121.51,121.53,17213
2025-03-14 23:15:00+00:00,121.53,121.55,121.49,121.4999,29704
2025-03-14 23:20:00+00:00,121.4898,121.5,121.45,121.45,14241
2025-03-14 23:25:00+00:00,121.45,121.47,121.42,121.4692,21544
2025-03-14 23:30:00+00:00,121.46,121.47,121.43,121.45,24556
2025-03-14 23:35:00+00:00,121.45,121.5,121.4401,121.45,29898
2025-03-14 23:40:00+00:00,121.4597,121.5,121.4346,121.5,40825
2025-03-14 23:45:00+00:00,121.51,121.54,121.4899,121.53,37412
2025-03-14 23:50:00+00:00,121.53,121.53,121.43,121.4326,71359
2025-03-14 23:55:00+00:00,121.43,121.5,121.4102,121.5,92258
2025-03-17 08:00:00+00:00,121.1,121.7,120.96,121.5,147649
2025-03-17 08:05:00+00:00,121.48,121.56,121.35,121.5,102313
2025-03-17 08:10:00+00:00,121.5,121.97,121.49,121.96,85731
2025-03-17 08:15:00+00:00,121.96,122.05,121.7,121.8,107219
2025-03-17 08:20:00+00:00,121.83,122.4,121.83,122.36,81602
2025-03-17 08:25:00+00:00,122.33,122.5,122.25,122.38,82631
2025-03-17 08:30:00+00:00,122.35,122.47,122.16,122.4,82013
2025-03-17 08:35:00+00:00,122.39,122.79,122.34,122.79,99907
2025-03-17 08:40:00+00:00,122.79,122.89,122.56,122.88,107275
2025-03-17 08:45:00+00:00,122.87,123.03,122.8,123.03,138407
2025-03-17 08:50:00+00:00,123.03,123.04,122.67,122.84,102649
2025-03-17 08:55:00+00:00,122.82,123.02,122.66,122.71,90339
2025-03-17 09:00:00+00:00,122.79,122.82,122.44,122.67,111699
2025-03-17 09:05:00+00:00,122.64,122.75,122.39,122.41,75633
2025-03-17 09:10:00+00:00,122.44,122.65,122.34,122.64,68318
2025-03-17 09:15:00+00:00,122.65,122.65,122.41,122.6,50435
2025-03-17 09:20:00+00:00,122.64,122.89,122.63,122.82,57053
2025-03-17 09:25:00+00:00,122.8,122.92,122.71,122.83,61972
2025-03-17 09:30:00+00:00,122.8,122.87,122.73,122.84,37932
2025-03-17 09:35:00+00:00,122.85,122.85,122.6,122.7,44647
2025-03-17 09:40:00+00:00,122.7,122.7,122.5,122.65,40177
2025-03-17 09:45:00+00:00,122.64,122.78,122.53,122.78,20446
2025-03-17 09:50:00+00:00,122.78,122.82,122.65,122.71,36629
2025-03-17 09:55:00+00:00,122.72,122.73,122.6,122.68,45611
2025-03-17 10:00:00+00:00,122.67,122.69,122.42,122.6,70357
2025-03-17 10:05:00+00:00,122.6,122.68,122.4,122.68,58201
2025-03-17 10:10:00+00:00,122.68,122.73,122.6,122.65,57877
2025-03-17 10:15:00+00:00,122.67,122.72,122.54,122.72,36315
2025-03-17 10:20:00+00:00,122.74,122.74,122.65,122.73,49641
2025-03-17 10:25:00+00:00,122.73,122.73,122.61,122.68,25901
2025-03-17 10:30:00+00:00,122.68,122.7,122.54,122.64,47195
2025-03-17 10:35:00+00:00,122.61,122.74,122.6,122.73,43248
2025-03-17 10:40:00+00:00,122.73,122.75,122.47,122.53,68725
2025-03-17 10:45:00+00:00,122.56,122.76,122.53,122.69,37833
2025-03-17 10:50:00+00:00,122.72,122.72,122.54,122.58,43362
2025-03-17 10:55:00+00:00,122.58,122.68,122.48,122.49,45323
2025-03-17 11:00:00+00:00,122.47,122.89,122.44,122.82,186512
2025-03-17 11:05:00+00:00,122.82,122.82,122.561,122.66,81635
2025-03-17 11:10:00+00:00,122.67,122.92,122.67,122.861,63390
2025-03-17 11:15:00+00:00,122.87,123.32,122.83,123.24,236119
2025-03-17 11:20:00+00:00,123.26,123.38,123.18,123.32,148500
2025-03-17 11:25:00+00:00,123.33,123.4,123.18,123.3,133272
2025-03-17 11:30:00+00:00,123.31,123.45,123.21,123.3,145890
2025-03-17 11:35:00+00:00,123.3,123.58,123.29,123.58,110758
2025-03-17 11:40:00+00:00,123.59,123.7,123.46,123.5,153869
2025-03-17 11:45:00+00:00,123.49,123.5,123.29,123.35,107109
2025-03-17 11:50:00+00:00,123.36,123.56,123.33,123.56,74020
2025-03-17 11:55:00+00:00,123.55,123.6,123.44,123.47,130147
2025-03-17 12:00:00+00:00,122.53,123.7,120.83,123.24,1640361
2025-03-17 12:05:00+00:00,123.24,123.29,123.0305,123.13,261647
2025-03-17 12:10:00+00:00,123.24,123.25,122.93,123.0,220253
2025-03-17 12:15:00+00:00,122.9992,123.0,122.85,122.96,206380
2025-03-17 12:20:00+00:00,122.97,123.0,122.86,122.9001,126787
2025-03-17 12:25:00+00:00,122.9299,123.05,122.88,123.0,112667
2025-03-17 12:30:00+00:00,123.04,123.62,122.85,123.5601,382367
2025-03-17 12:35:00+00:00,123.5898,123.5898,123.26,123.47,241808
2025-03-17 12:40:00+00:00,123.4503,123.63,123.35,123.5,232347
2025-03-17 12:45:00+00:00,123.51,123.6,123.29,123.35,216633
2025-03-17 12:50:00+00:00,123.34,123.36,123.08,123.17,237616
2025-03-17 12:55:00+00:00,123.17,123.19,123.03,123.09,184000
2025-03-17 13:00:00+00:00,123.09,123.44,122.95,123.09,435464
2025-03-17 13:05:00+00:00,123.06,123.43,123.0301,123.4104,188254
2025-03-17 13:10:00+00:00,123.42,123.48,123.24,123.35,245632
2025-03-17 13:15:00+00:00,123.36,123.38,123.15,123.2201,191312
2025-03-17 13:20:00+00:00,123.2,123.23,123.01,123.1,197835
2025-03-17 13:25:00+00:00,123.12,123.25,122.65,122.72,366987
2025-03-17 13:30:00+00:00,122.71,122.89,121.8161,122.12,10441288
2025-03-17 13:35:00+00:00,122.13,122.65,121.8,122.1913,6318441
2025-03-17 13:40:00+00:00,122.19,122.55,121.14,121.2301,6355408
2025-03-17 13:45:00+00:00,121.24,121.48,120.11,120.34,7698554
2025-03-17 13:50:00+00:00,120.34,121.385,120.05,121.2397,6490746
2025-03-17 13:55:00+00:00,121.24,121.51,120.96,121.12,3541042
2025-03-17 14:00:00+00:00,121.13,121.15,120.37,120.735,4733948
2025-03-17 14:05:00+00:00,120.745,121.3,120.51,120.87,3883747
2025-03-17 14:10:00+00:00,120.84,121.28,120.71,121.13,3240873
2025-03-17 14:15:00+00:00,121.13,121.2,120.5701,120.76,2871460
2025-03-17 14:20:00+00:00,120.77,121.02,120.46,120.66,3064703
2025-03-17 14:25:00+00:00,120.6516,120.9,119.5,119.5282,6133758
2025-03-17 14:30:00+00:00,119.53,119.95,119.37,119.6083,4260173
2025-03-17 14:35:00+00:00,119.605,120.2,119.4,120.175,3494178
2025-03-17 14:40:00+00:00,120.1701,120.27,119.88,120.16,2756304
2025-03-17 14:45:00+00:00,120.155,120.24,119.81,120.1614,2383556
2025-03-17 14:50:00+00:00,120.17,120.19,119.63,119.63,2563221
2025-03-17 14:55:00+00:00,119.63,119.6366,119.08,119.33,3709484
2025-03-17 15:00:00+00:00,119.345,119.72,119.01,119.135,3457660
2025-03-17 15:05:00+00:00,119.14,119.21,118.88,119.18,3475255
2025-03-17 15:10:00+00:00,119.18,119.51,119.14,119.4989,2320319
2025-03-17 15:15:00+00:00,119.5,119.87,119.28,119.8,2350081
2025-03-17 15:20:00+00:00,119.81,119.86,119.47,119.535,2069370
2025-03-17 15:25:00+00:00,119.53,119.62,119.22,119.295,1837705
2025-03-17 15:30:00+00:00,119.3,119.48,119.03,119.2,2075419
2025-03-17 15:35:00+00:00,119.19,119.54,119.03,119.24,2105139
2025-03-17 15:40:00+00:00,119.25,119.34,118.975,119.2599,2125489
2025-03-17 15:45:00+00:00,119.265,119.66,119.175,119.6192,2063572
2025-03-17 15:50:00+00:00,119.62,119.71,119.46,119.525,1602406
2025-03-17 15:55:00+00:00,119.54,119.61,119.24,119.3054,1627754
2025-03-17 16:00:00+00:00,119.31,119.39,119.0,119.245,1889120
2025-03-17 16:05:00+00:00,119.245,119.56,119.21,119.44,1739453
2025-03-17 16:10:00+00:00,119.455,119.59,119.35,119.45,1259883
2025-03-17 16:15:00+00:00,119.45,119.53,119.11,119.17,1710766
2025-03-17 16:20:00+00:00,119.17,119.2,118.5235,118.6012,3483955
2025-03-17 16:25:00+00:00,118.6,118.81,118.28,118.3651,3250439
2025-03-17 16:30:00+00:00,118.37,118.63,118.03,118.1395,3373189
2025-03-17 16:35:00+00:00,118.1399,118.67,118.1228,118.49,2711935
2025-03-17 16:40:00+00:00,118.5,118.51,118.11,118.245,2275233
2025-03-17 16:45:00+00:00,118.25,118.5901,118.09,118.53,2004799
2025-03-17 16:50:00+00:00,118.55,118.8,118.37,118.749,2037242
2025-03-17 16:55:00+00:00,118.7499,118.85,118.49,118.66,1668559
2025-03-17 17:00:00+00:00,118.655,118.691,118.35,118.46,1557973
2025-03-17 17:05:00+00:00,118.455,118.94,118.43,118.9,2004193
2025-03-17 17:10:00+00:00,118.9089,118.97,118.61,118.7382,1793654
2025-03-17 17:15:00+00:00,118.7399,118.84,118.53,118.74,1489692
2025-03-17 17:20:00+00:00,118.735,118.98,118.53,118.96,1510803
2025-03-17 17:25:00+00:00,118.955,119.25,118.92,119.1749,2312272
2025-03-17 17:30:00+00:00,119.175,119.23,119.0,119.195,1599704
2025-03-17 17:35:00+00:00,119.195,119.42,119.0801,119.3295,2321274
2025-03-17 17:40:00+00:00,119.315,119.5,119.27,119.3184,1807488
2025-03-17 17:45:00+00:00,119.31,119.5,119.18,119.485,1679161
2025-03-17 17:50:00+00:00,119.485,119.65,119.43,119.54,1966794
2025-03-17 17:55:00+00:00,119.5399,119.54,119.06,119.2001,1943629
2025-03-17 18:00:00+00:00,119.2,119.59,119.13,119.19,1948047
2025-03-17 18:05:00+00:00,119.2,119.47,119.14,119.4,1316919
2025-03-17 18:10:00+00:00,119.39,119.8,119.26,119.765,1882673
2025-03-17 18:15:00+00:00,119.7616,120.15,119.75,120.0399,2743261
2025-03-17 18:20:00+00:00,120.0316,120.32,119.975,120.195,2488640
2025-03-17 18:25:00+00:00,120.1949,120.57,120.1917,120.5,2696526
2025-03-17 18:30:00+00:00,120.49,120.8,120.3878,120.7799,2714996
2025-03-17 18:35:00+00:00,120.775,120.78,120.54,120.655,2071451
2025-03-17 18:40:00+00:00,120.66,120.75,120.52,120.5429,1806105
2025-03-17 18:45:00+00:00,120.545,121.08,120.52,120.95,3297510
2025-03-17 18:50:00+00:00,120.965,121.06,120.78,120.8301,2139528
2025-03-17 18:55:00+00:00,120.83,121.04,120.66,120.6998,2063174
2025-03-17 19:00:00+00:00,120.69,120.86,120.51,120.6813,2331169
2025-03-17 19:05:00+00:00,120.685,120.8,120.46,120.495,1575078
2025-03-17 19:10:00+00:00,120.5,120.84,120.34,120.7343,2388929
2025-03-17 19:15:00+00:00,120.735,120.74,120.45,120.5318,1417803
2025-03-17 19:20:00+00:00,120.54,120.62,120.41,120.43,1429761
2025-03-17 19:25:00+00:00,120.43,120.49,120.23,120.3644,2054599
2025-03-17 19:30:00+00:00,120.36,120.465,120.0399,120.0399,2150740
2025-03-17 19:35:00+00:00,120.03,120.27,120.03,120.139,2230687
2025-03-17 19:40:00+00:00,120.1327,120.2,119.845,119.9551,2426850
2025-03-17 19:45:00+00:00,119.95,120.18,119.82,120.06,2522069
2025-03-17 19:50:00+00:00,120.05,120.4,119.8,120.0,4022682
2025-03-17 19:55:00+00:00,119.995,120.12,119.42,119.48,8235341
2025-03-17 20:00:00+00:00,119.48,119.87,119.17,119.43,20080326
2025-03-17 20:05:00+00:00,119.425,119.43,119.3,119.37,196815
2025-03-17 20:10:00+00:00,119.35,119.4,119.25,119.34,146361
2025-03-17 20:15:00+00:00,119.32,119.39,119.2501,119.35,93476
2025-03-17 20:20:00+00:00,119.3507,119.52,119.33,119.52,62593
2025-03-17 20:25:00+00:00,119.51,119.53,119.43,119.53,94013
2025-03-17 20:30:00+00:00,119.52,119.53,119.46,119.47,65786
2025-03-17 20:35:00+00:00,119.47,119.53,119.46,119.53,68726
2025-03-17 20:40:00+00:00,119.5293,119.59,119.46,119.589,88934
2025-03-17 20:45:00+00:00,119.5896,120.0701,119.54,119.779,125240
2025-03-17 20:50:00+00:00,119.7793,119.86,119.7,119.82,98765
2025-03-17 20:55:00+00:00,119.83,119.86,119.6,119.65,71673
2025-03-17 21:00:00+00:00,119.6499,119.77,119.59,119.73,52387
2025-03-17 21:05:00+00:00,119.69,119.75,119.62,119.62,36774
2025-03-17 21:10:00+00:00,119.64,119.73,119.55,119.7,40850
2025-03-17 21:15:00+00:00,119.71,119.7796,119.67,119.7,231992
2025-03-17 21:20:00+00:00,119.69,119.79,119.69,119.6999,1833386
2025-03-17 21:25:00+00:00,119.7,119.75,119.68,119.73,26660
2025-03-17 21:30:00+00:00,119.71,119.73,119.6,119.62,29803
2025-03-17 21:35:00+00:00,119.6199,119.72,119.6,119.71,18481
2025-03-17 21:40:00+00:00,119.7197,119.79,119.652,119.79,25953
2025-03-17 21:45:00+00:00,119.79,119.8,119.71,119.74,41137
2025-03-17 21:50:00+00:00,119.77,119.86,119.75,119.8,35068
2025-03-17 21:55:00+00:00,119.83,119.86,119.77,119.77,27515
2025-03-17 22:00:00+00:00,119.77,119.85,119.77,119.82,901313
2025-03-17 22:05:00+00:00,119.82,119.9,119.8101,119.87,40879
2025-03-17 22:10:00+00:00,119.87,119.98,119.87,119.93,135182
2025-03-17 22:15:00+00:00,119.96,119.99,119.9,119.92,32770
2025-03-17 22:20:00+00:00,119.9297,119.9297,119.71,119.7899,54357
2025-03-17 22:25:00+00:00,119.79,119.91,119.78,119.88,18709
2025-03-17 22:30:00+00:00,119.88,119.94,119.8003,119.8615,25068
2025-03-17 22:35:00+00:00,119.851,119.9,119.83,119.88,33954
2025-03-17 22:40:00+00:00,119.8706,119.89,119.83,119.85,15849
2025-03-17 22:45:00+00:00,119.86,119.88,119.8,119.8007,36511
2025-03-17 22:50:00+00:00,119.81,119.83,119.7905,119.8,31803
2025-03-17 22:55:00+00:00,119.81,119.82,119.72,119.74,35449
2025-03-17 23:00:00+00:00,119.74,119.8,119.7232,119.77,16834
2025-03-17 23:05:00+00:00,119.75,119.76,119.67,119.67,29428
2025-03-17 23:10:00+00:00,119.7,119.74,119.58,119.6,43635
2025-03-17 23:15:00+00:00,119.56,119.64,119.5,119.51,39190
2025-03-17 23:20:00+00:00,119.5,119.58,119.5,119.52,40068
2025-03-17 23:25:00+00:00,119.5,119.52,119.436,119.51,40156
2025-03-17 23:30:00+00:00,119.5295,119.58,119.5,119.55,30910
2025-03-17 23:35:00+00:00,119.54,119.55,119.45,119.55,24225
2025-03-17 23:40:00+00:00,119.55,119.58,119.54,119.55,18612
2025-03-17 23:45:00+00:00,119.57,119.5992,119.51,119.53,27430
2025-03-17 23:50:00+00:00,119.52,119.54,119.49,119.5,30666
2025-03-17 23:55:00+00:00,119.5,119.55,119.47,119.5101,87132
2025-03-18 08:00:00+00:00,119.19,119.94,119.19,119.84,107825
2025-03-18 08:05:00+00:00,119.84,120.07,119.72,120.05,93297
2025-03-18 08:10:00+00:00,120.04,120.27,120.02,120.2,55982
2025-03-18 08:15:00+00:00,120.22,120.45,120.13,120.24,65237
2025-03-18 08:20:00+00:00,120.25,120.6,120.21,120.5,96926
2025-03-18 08:25:00+00:00,120.48,120.55,120.38,120.48,41127
2025-03-18 08:30:00+00:00,120.46,120.69,120.45,120.63,52131
2025-03-18 08:35:00+00:00,120.64,120.73,120.57,120.61,35257
2025-03-18 08:40:00+00:00,120.57,120.57,120.23,120.36,53523
2025-03-18 08:45:00+00:00,120.36,120.4,120.18,120.24,44950
2025-03-18 08:50:00+00:00,120.23,120.36,120.23,120.3,25737
2025-03-18 08:55:00+00:00,120.3,120.47,120.24,120.45,21301
2025-03-18 09:00:00+00:00,120.45,120.56,120.34,120.42,32053
2025-03-18 09:05:00+00:00,120.43,120.45,120.29,120.3,23915
2025-03-18 09:10:00+00:00,120.29,120.34,120.25,120.28,18108
2025-03-18 09:15:00+00:00,120.25,120.43,120.25,120.35,30030
2025-03-18 09:20:00+00:00,120.35,120.36,120.03,120.17,42578
2025-03-18 09:25:00+00:00,120.18,120.21,119.94,120.03,52978
2025-03-18 09:30:00+00:00,120.04,120.11,119.82,119.91,46058
2025-03-18 09:35:00+00:00,119.89,119.97,119.85,119.88,31594
2025-03-18 09:40:00+00:00,119.9,119.9,119.73,119.84,47263
2025-03-18 09:45:00+00:00,119.85,119.85,119.72,119.84,29999
2025-03-18 09:50:00+00:00,119.85,120.18,119.84,120.02,50891
2025-03-18 09:55:00+00:00,120.05,120.08,119.62,119.63,39924
2025-03-18 10:00:00+00:00,119.64,119.7,119.37,119.46,74343
2025-03-18 10:05:00+00:00,119.47,119.69,119.19,119.34,80686
2025-03-18 10:10:00+00:00,119.35,119.68,119.35,119.66,52304
2025-03-18 10:15:00+00:00,119.68,119.69,119.29,119.37,76443
2025-03-18 10:20:00+00:00,119.41,119.76,119.3,119.7,59754
2025-03-18 10:25:00+00:00,119.73,119.85,119.68,119.75,78336
2025-03-18 10:30:00+00:00,119.72,119.75,119.53,119.59,58099
2025-03-18 10:35:00+00:00,119.61,119.73,119.57,119.72,18302
2025-03-18 10:40:00+00:00,119.73,119.85,119.71,119.77,45001
2025-03-18 10:45:00+00:00,119.78,119.95,119.77,119.91,26481
2025-03-18 10:50:00+00:00,119.91,120.01,119.8,119.94,39490
2025-03-18 10:55:00+00:00,119.92,119.99,119.84,119.96,29506
2025-03-18 11:00:00+00:00,119.93,119.99,119.59,119.63,132310
2025-03-18 11:05:00+00:00,119.61,119.92,119.55,119.79,51326
2025-03-18 11:10:00+00:00,119.83,120.04,119.69,119.84,113061
2025-03-18 11:15:00+00:00,119.86,119.87,119.66,119.78,38371
2025-03-18 11:20:00+00:00,119.78,119.85,119.65,119.65,31377
2025-03-18 11:25:00+00:00,119.65,119.69,119.55,119.57,49794
2025-03-18 11:30:00+00:00,119.57,119.57,119.2,119.2,93384
2025-03-18 11:35:00+00:00,119.21,119.31,118.87,118.87,165279
2025-03-18 11:40:00+00:00,118.87,118.97,118.82,118.92,112551
2025-03-18 11:45:00+00:00,118.94,119.18,118.91,119.17,61444
2025-03-18 11:50:00+00:00,119.16,119.31,119.03,119.26,61934
2025-03-18 11:55:00+00:00,119.26,119.38,119.22,119.36,54744
2025-03-18 12:00:00+00:00,119.63,120.73,118.8301,119.1219,1011836
2025-03-18 12:05:00+00:00,119.15,119.2999,118.98,119.05,110031
2025-03-18 12:10:00+00:00,119.07,119.2,118.98,119.0,102553
2025-03-18 12:15:00+00:00,119.0,119.07,118.77,118.92,163460
2025-03-18 12:20:00+00:00,118.92,118.979,118.6901,118.9,122457
2025-03-18 12:25:00+00:00,118.92,119.1093,118.9,119.04,99196
2025-03-18 12:30:00+00:00,119.03,119.3,118.88,119.2,164066
2025-03-18 12:35:00+00:00,119.18,119.1999,118.95,119.1599,150368
2025-03-18 12:40:00+00:00,119.11,119.15,118.95,119.0793,98747
2025-03-18 12:45:00+00:00,119.04,119.189,118.95,119.0,84305
2025-03-18 12:50:00+00:00,118.99,119.0393,118.82,118.8801,117748
2025-03-18 12:55:00+00:00,118.9,118.9099,118.46,118.4722,262037
2025-03-18 13:00:00+00:00,118.45,118.6,117.75,118.15,770727
2025-03-18 13:05:00+00:00,118.15,118.46,118.01,118.46,401164
2025-03-18 13:10:00+00:00,118.44,118.4596,118.15,118.19,177672
2025-03-18 13:15:00+00:00,118.1602,118.57,118.14,118.5,292554
2025-03-18 13:20:00+00:00,118.5,118.61,118.04,118.16,238439
2025-03-18 13:25:00+00:00,118.1,118.33,117.77,117.95,309478
2025-03-18 13:30:00+00:00,117.96,118.54,117.38,117.528,7506913
2025-03-18 13:35:00+00:00,117.52,117.59,115.9618,116.4199,8188484
2025-03-18 13:40:00+00:00,116.41,116.62,115.7,115.7798,6940193
2025-03-18 13:45:00+00:00,115.778,116.4,115.56,116.23,5872779
2025-03-18 13:50:00+00:00,116.23,116.37,115.53,115.95,4996823
2025-03-18 13:55:00+00:00,115.9435,115.975,114.85,115.08,7656029
2025-03-18 14:00:00+00:00,115.09,115.48,114.54,115.44,5811384
2025-03-18 14:05:00+00:00,115.44,115.68,115.1,115.605,4004314
2025-03-18 14:10:00+00:00,115.605,115.66,114.92,115.02,3551235
2025-03-18 14:15:00+00:00,115.04,115.38,114.82,115.14,2998341
2025-03-18 14:20:00+00:00,115.149,115.87,115.1369,115.615,3974511
2025-03-18 14:25:00+00:00,115.6188,115.98,115.22,115.849,3370005
2025-03-18 14:30:00+00:00,115.83,116.19,115.61,116.09,4041458
2025-03-18 14:35:00+00:00,116.08,116.29,115.84,116.205,3107750
2025-03-18 14:40:00+00:00,116.2055,116.3696,115.69,115.795,3535854
2025-03-18 14:45:00+00:00,115.79,115.98,115.54,115.74,2530523
2025-03-18 14:50:00+00:00,115.75,116.18,115.7399,116.0999,2206339
2025-03-18 14:55:00+00:00,116.09,116.48,115.96,116.28,2346268
2025-03-18 15:00:00+00:00,116.28,116.38,115.55,115.727,2810197
2025-03-18 15:05:00+00:00,115.74,115.85,115.48,115.6985,2139542
2025-03-18 15:10:00+00:00,115.6914,116.62,115.62,116.56,3329435
2025-03-18 15:15:00+00:00,116.569,116.85,116.32,116.765,3193258
2025-03-18 15:20:00+00:00,116.765,116.8,116.45,116.71,2042066
2025-03-18 15:25:00+00:00,116.715,116.96,116.63,116.755,2259622
2025-03-18 15:30:00+00:00,116.755,117.03,116.575,116.8202,2259343
2025-03-18 15:35:00+00:00,116.82,117.08,116.75,116.9718,2288891
2025-03-18 15:40:00+00:00,116.975,117.03,116.57,116.7399,2041093
2025-03-18 15:45:00+00:00,116.7387,117.04,116.67,116.71,1595359
2025-03-18 15:50:00+00:00,116.71,116.71,116.4,116.4358,1882442
2025-03-18 15:55:00+00:00,116.43,116.55,116.18,116.42,2271362
2025-03-18 16:00:00+00:00,116.425,116.805,116.325,116.6383,1615218
2025-03-18 16:05:00+00:00,116.6388,116.87,116.55,116.8301,1709994
2025-03-18 16:10:00+00:00,116.83,117.5,116.77,117.475,3577085
2025-03-18 16:15:00+00:00,117.48,117.53,117.2,117.2393,3225875
2025-03-18 16:20:00+00:00,117.235,117.5,117.21,117.3988,2100908
2025-03-18 16:25:00+00:00,117.395,117.68,117.2949,117.64,2273868
2025-03-18 16:30:00+00:00,117.64,117.82,117.41,117.6288,2038457
2025-03-18 16:35:00+00:00,117.625,117.88,117.55,117.77,2202337
2025-03-18 16:40:00+00:00,117.775,117.88,117.22,117.247,2384079
2025-03-18 16:45:00+00:00,117.2491,117.39,117.115,117.3251,1803964
2025-03-18 16:50:00+00:00,117.32,117.5,117.085,117.43,1840420
2025-03-18 16:55:00+00:00,117.435,118.73,117.425,118.39,4339760
2025-03-18 17:00:00+00:00,118.39,118.55,118.04,118.5198,3350834
2025-03-18 17:05:00+00:00,118.51,118.51,117.85,118.2322,3059645
2025-03-18 17:10:00+00:00,118.24,118.98,117.988,118.8999,4109307
2025-03-18 17:15:00+00:00,118.9,119.02,117.57,118.025,4612408
2025-03-18 17:20:00+00:00,118.03,118.25,117.38,117.6489,3610406
2025-03-18 17:25:00+00:00,117.64,117.81,116.94,117.1674,3685582
2025-03-18 17:30:00+00:00,117.17,117.1799,116.52,116.8902,4128765
2025-03-18 17:35:00+00:00,116.909,117.62,116.77,117.53,3452315
2025-03-18 17:40:00+00:00,117.52,117.65,116.6,116.62,3202256
2025-03-18 17:45:00+00:00,116.62,117.17,116.61,116.91,2572784
2025-03-18 17:50:00+00:00,116.9001,117.39,116.88,117.18,4479452
2025-03-18 17:55:00+00:00,117.185,117.2164,116.56,116.875,2795180
2025-03-18 18:00:00+00:00,116.88,116.9169,115.82,115.86,4096773
2025-03-18 18:05:00+00:00,115.8699,116.34,115.84,116.1744,3419075
2025-03-18 18:10:00+00:00,116.17,116.17,115.7407,115.81,2274526
2025-03-18 18:15:00+00:00,115.805,116.27,115.76,116.25,2475748
2025-03-18 18:20:00+00:00,116.245,116.91,116.055,116.705,3280383
2025-03-18 18:25:00+00:00,116.705,116.95,116.51,116.6442,2482093
2025-03-18 18:30:00+00:00,116.64,117.0699,116.28,116.4,2877232
2025-03-18 18:35:00+00:00,116.3912,116.9,116.38,116.6694,2524482
2025-03-18 18:40:00+00:00,116.66,116.86,116.4,116.57,2109770
2025-03-18 18:45:00+00:00,116.56,117.14,116.48,117.075,2126509
2025-03-18 18:50:00+00:00,117.06,117.58,117.02,117.24,4106081
2025-03-18 18:55:00+00:00,117.23,117.4,116.835,117.0329,2859243
2025-03-18 19:00:00+00:00,117.03,117.2,116.84,117.1601,1963297
2025-03-18 19:05:00+00:00,117.165,117.29,116.55,116.575,2809241
2025-03-18 19:10:00+00:00,116.57,116.82,116.3936,116.58,2134179
2025-03-18 19:15:00+00:00,116.5775,116.89,116.35,116.8,2995631
2025-03-18 19:20:00+00:00,116.795,116.96,116.285,116.48,2739290
2025-03-18 19:25:00+00:00,116.48,116.54,115.97,116.14,3244863
2025-03-18 19:30:00+00:00,116.14,116.29,115.96,116.0518,2089267
2025-03-18 19:35:00+00:00,116.05,116.07,115.5,115.505,3211036
2025-03-18 19:40:00+00:00,115.5002,115.72,115.38,115.475,3307182
2025-03-18 19:45:00+00:00,115.475,115.51,114.95,115.12,4874569
2025-03-18 19:50:00+00:00,115.115,115.87,115.08,115.4611,5198305
2025-03-18 19:55:00+00:00,115.47,115.7,115.25,115.58,7912228
2025-03-18 20:00:00+00:00,115.59,115.81,115.43,115.59,27252834
2025-03-18 20:05:00+00:00,115.59,115.63,115.43,115.55,265941
2025-03-18 20:10:00+00:00,115.56,115.6,115.49,115.57,222982
2025-03-18 20:15:00+00:00,115.55,115.58,115.25,115.36,119426
2025-03-18 20:20:00+00:00,115.37,115.38,114.76,115.01,472067
2025-03-18 20:25:00+00:00,115.06,115.43,114.87,115.2703,234940
2025-03-18 20:30:00+00:00,115.29,115.4,115.08,115.32,120426
2025-03-18 20:35:00+00:00,115.36,115.4,115.25,115.3,67668
2025-03-18 20:40:00+00:00,115.2997,115.3,115.11,115.28,79452
2025-03-18 20:45:00+00:00,115.27,115.43,115.2,115.2002,831304
2025-03-18 20:50:00+00:00,115.2,115.33,115.2,115.3,64806
2025-03-18 20:55:00+00:00,115.301,115.31,115.2,115.21,56820
2025-03-18 21:00:00+00:00,115.2,115.27,115.0512,115.12,70573
2025-03-18 21:05:00+00:00,115.1,115.13,115.03,115.051,82315
2025-03-18 21:10:00+00:00,115.051,115.09,114.79,114.85,167592
2025-03-18 21:15:00+00:00,114.83,114.85,114.76,114.7699,147446
2025-03-18 21:20:00+00:00,114.7603,114.98,114.6801,114.93,133311
2025-03-18 21:25:00+00:00,114.92,114.95,114.81,114.84,61892
2025-03-18 21:30:00+00:00,114.84,114.94,114.8201,114.94,60493
2025-03-18 21:35:00+00:00,114.93,114.95,114.86,114.9,62132
2025-03-18 21:40:00+00:00,114.9,114.93,114.83,114.83,51943
2025-03-18 21:45:00+00:00,114.83,114.98,114.83,114.95,67930
2025-03-18 21:50:00+00:00,114.95,114.9799,114.92,114.979,40200
2025-03-18 21:55:00+00:00,114.979,115.1,114.9786,115.04,54143
2025-03-18 22:00:00+00:00,115.05,115.07,114.9546,115.06,57097
2025-03-18 22:05:00+00:00,115.05,115.07,114.85,114.9499,59502
2025-03-18 22:10:00+00:00,114.94,114.979,114.85,114.89,51075
2025-03-18 22:15:00+00:00,114.9,114.92,114.8601,114.88,41709
2025-03-18 22:20:00+00:00,114.89,114.89,114.85,114.87,38232
2025-03-18 22:25:00+00:00,114.86,114.86,114.77,114.77,62009
2025-03-18 22:30:00+00:00,114.7895,114.83,114.75,114.8,84799
2025-03-18 22:35:00+00:00,114.8,114.8095,114.75,114.7706,66082
2025-03-18 22:40:00+00:00,114.77,114.81,114.7,114.809,75538
2025-03-18 22:45:00+00:00,114.8,115.05,114.7502,115.0197,101175
2025-03-18 22:50:00+00:00,115.01,115.15,114.97,115.14,103569
2025-03-18 22:55:00+00:00,115.12,115.15,115.02,115.03,48042
2025-03-18 23:00:00+00:00,115.0201,115.1,115.02,115.0999,37773
2025-03-18 23:05:00+00:00,115.0901,115.15,115.0,115.0005,48699
2025-03-18 23:10:00+00:00,115.0001,115.0299,114.89,114.8907,42722
2025-03-18 23:15:00+00:00,114.8909,114.9,114.8,114.85,72708
2025-03-18 23:20:00+00:00,114.831,114.85,114.76,114.82,37259
2025-03-18 23:25:00+00:00,114.82,114.93,114.76,114.8491,49472
2025-03-18 23:30:00+00:00,114.8305,114.86,114.74,114.74,62491
2025-03-18 23:35:00+00:00,114.74,114.91,114.74,114.811,55914
2025-03-18 23:40:00+00:00,114.814,114.94,114.814,114.8302,45573
2025-03-18 23:45:00+00:00,114.83,114.85,114.8,114.8,46113
2025-03-18 23:50:00+00:00,114.8,114.85,114.72,114.82,53544
2025-03-18 23:55:00+00:00,114.82,114.83,114.75,114.78,103654
2025-03-19 08:00:00+00:00,114.9,115.41,114.9,115.3,79556
2025-03-19 08:05:00+00:00,115.29,115.74,115.25,115.72,98914
2025-03-19 08:10:00+00:00,115.72,115.72,115.4,115.5,49329
2025-03-19 08:15:00+00:00,115.48,115.49,115.24,115.4,41916
2025-03-19 08:20:00+00:00,115.42,115.67,115.39,115.54,36089
2025-03-19 08:25:00+00:00,115.51,115.75,115.5,115.75,30127
2025-03-19 08:30:00+00:00,115.72,116.12,115.7,116.09,60094
2025-03-19 08:35:00+00:00,116.13,116.17,116.0,116.05,57466
2025-03-19 08:40:00+00:00,116.06,116.2,115.94,116.0,130130
2025-03-19 08:45:00+00:00,116.0,116.09,115.86,116.05,33088
2025-03-19 08:50:00+00:00,116.07,116.09,115.94,115.95,19696
2025-03-19 08:55:00+00:00,115.99,116.02,115.9,115.97,18500
2025-03-19 09:00:00+00:00,115.96,116.02,115.83,115.96,33761
2025-03-19 09:05:00+00:00,115.95,116.27,115.95,116.25,42197
2025-03-19 09:10:00+00:00,116.25,116.31,116.02,116.08,66164
2025-03-19 09:15:00+00:00,116.08,116.21,116.04,116.19,42907
2025-03-19 09:20:00+00:00,116.2,116.37,116.2,116.34,42053
2025-03-19 09:25:00+00:00,116.34,116.55,116.33,116.5,57438
2025-03-19 09:30:00+00:00,116.49,116.71,116.35,116.69,68532
2025-03-19 09:35:00+00:00,116.66,116.82,116.66,116.8,81843
2025-03-19 09:40:00+00:00,116.8,116.95,116.67,116.85,98986
2025-03-19 09:45:00+00:00,116.86,116.86,116.55,116.67,80394
2025-03-19 09:50:00+00:00,116.65,116.81,116.62,116.76,34061
2025-03-19 09:55:00+00:00,116.76,116.82,116.65,116.8,37045
2025-03-19 10:00:00+00:00,116.82,117.24,116.82,117.06,140058
2025-03-19 10:05:00+00:00,117.06,117.1,116.85,116.85,88863
2025-03-19 10:10:00+00:00,116.86,117.07,116.83,116.9,55236
2025-03-19 10:15:00+00:00,116.91,117.2,116.87,117.15,62312
2025-03-19 10:20:00+00:00,117.15,117.17,116.95,116.98,69547
2025-03-19 10:25:00+00:00,116.98,116.98,116.71,116.92,56949
2025-03-19 10:30:00+00:00,116.92,117.15,116.84,116.95,73300
2025-03-19 10:35:00+00:00,116.94,116.97,116.81,116.88,38900
2025-03-19 10:40:00+00:00,116.89,116.92,116.6,116.65,46601
2025-03-19 10:45:00+00:00,116.64,116.77,116.6,116.67,48029
2025-03-19 10:50:00+00:00,116.65,116.75,116.56,116.57,46382
2025-03-19 10:55:00+00:00,116.56,116.69,116.55,116.67,62981
2025-03-19 11:00:00+00:00,116.64,116.68,116.21,116.32,181150
2025-03-19 11:05:00+00:00,116.33,116.47,116.24,116.47,91351
2025-03-19 11:10:00+00:00,116.46,116.7,116.39,116.68,96598
2025-03-19 11:15:00+00:00,116.67,116.73,116.57,116.66,101257
2025-03-19 11:20:00+00:00,116.66,116.719,116.57,116.69,55379
2025-03-19 11:25:00+00:00,116.7,116.98,116.7,116.8,175441
2025-03-19 11:30:00+00:00,116.77,116.89,116.73,116.87,44743
2025-03-19 11:35:00+00:00,116.88,116.96,116.75,116.85,57822
2025-03-19 11:40:00+00:00,116.86,116.95,116.8,116.93,33939
2025-03-19 11:45:00+00:00,116.89,116.89,116.78,116.8,39977
2025-03-19 11:50:00+00:00,116.8,117.0,116.75,116.8,78102
2025-03-19 11:55:00+00:00,116.8,116.9,116.53,116.75,95306
2025-03-19 12:00:00+00:00,116.54,117.22,114.74,116.56,1134716
2025-03-19 12:05:00+00:00,116.57,116.7196,116.56,116.7,70703
2025-03-19 12:10:00+00:00,116.69,116.8,116.68,116.77,92242
2025-03-19 12:15:00+00:00,116.79,116.96,116.77,116.77,123419
2025-03-19 12:20:00+00:00,116.77,116.88,116.62,116.66,127072
2025-03-19 12:25:00+00:00,116.66,116.78,116.55,116.6,87691
2025-03-19 12:30:00+00:00,116.6,116.8,116.54,116.78,97155
2025-03-19 12:35:00+00:00,116.77,116.77,116.66,116.7144,83162
2025-03-19 12:40:00+00:00,116.68,116.89,116.65,116.89,134816
2025-03-19 12:45:00+00:00,116.89,117.06,116.869,117.04,346230
2025-03-19 12:50:00+00:00,117.05,117.06,116.8599,116.9,151215
2025-03-19 12:55:00+00:00,116.91,116.91,116.69,116.8597,95830
2025-03-19 13:00:00+00:00,116.81,116.98,116.79,116.93,131654
2025-03-19 13:05:00+00:00,116.91,117.4,116.9,117.34,435315
2025-03-19 13:10:00+00:00,117.3499,117.4,117.14,117.3,248472
2025-03-19 13:15:00+00:00,117.29,117.3,117.09,117.23,197043
2025-03-19 13:20:00+00:00,117.2304,117.3,117.0,117.03,192367
2025-03-19 13:25:00+00:00,117.0,117.44,116.92,117.28,278567
2025-03-19 13:30:00+00:00,117.27,118.16,116.72,116.79,9444739
2025-03-19 13:35:00+00:00,116.76,117.14,116.4,116.64,5616200
2025-03-19 13:40:00+00:00,116.6232,116.7878,115.68,116.094,5689379
2025-03-19 13:45:00+00:00,116.095,116.73,116.04,116.53,4783289
2025-03-19 13:50:00+00:00,116.54,117.4,116.21,117.31,4193158
2025-03-19 13:55:00+00:00,117.315,117.32,116.7601,116.89,3590707
2025-03-19 14:00:00+00:00,116.9,117.54,116.9,117.3837,4156848
2025-03-19 14:05:00+00:00,117.3879,118.0,117.235,117.73,5338877
2025-03-19 14:10:00+00:00,117.73,117.99,117.36,117.64,4196378
2025-03-19 14:15:00+00:00,117.6401,117.82,117.04,117.32,4099895
2025-03-19 14:20:00+00:00,117.33,117.55,117.15,117.17,2941445
2025-03-19 14:25:00+00:00,117.19,117.32,116.87,116.99,3052164
2025-03-19 14:30:00+00:00,116.985,117.28,116.95,117.04,2459721
2025-03-19 14:35:00+00:00,117.03,117.19,116.755,116.99,2297125
2025-03-19 14:40:00+00:00,116.975,117.07,116.42,116.5188,2827323
2025-03-19 14:45:00+00:00,116.51,116.82,116.35,116.8086,2296923
2025-03-19 14:50:00+00:00,116.8077,116.81,116.475,116.5453,1685264
2025-03-19 14:55:00+00:00,116.55,116.71,116.37,116.4261,1823877
2025-03-19 15:00:00+00:00,116.415,116.84,116.29,116.8353,1972106
2025-03-19 15:05:00+00:00,116.835,117.3671,116.815,117.288,2869572
2025-03-19 15:10:00+00:00,117.2945,117.37,117.04,117.155,1762020
2025-03-19 15:15:00+00:00,117.16,117.2,116.78,116.839,1566278
2025-03-19 15:20:00+00:00,116.831,117.32,116.7901,117.15,1829115
2025-03-19 15:25:00+00:00,117.1599,117.42,117.02,117.245,1979772
2025-03-19 15:30:00+00:00,117.245,117.2898,117.04,117.245,1311351
2025-03-19 15:35:00+00:00,117.25,117.27,117.02,117.1158,1133129
2025-03-19 15:40:00+00:00,117.11,117.64,117.09,117.6201,2263933
2025-03-19 15:45:00+00:00,117.63,117.66,117.345,117.485,1930349
2025-03-19 15:50:00+00:00,117.49,117.68,117.43,117.4483,1785057
2025-03-19 15:55:00+00:00,117.447,117.72,117.43,117.56,2149583
2025-03-19 16:00:00+00:00,117.55,117.67,117.395,117.4599,1444094
2025-03-19 16:05:00+00:00,117.46,117.99,117.43,117.795,3131996
2025-03-19 16:10:00+00:00,117.7984,118.1,117.0,117.56,6139525
2025-03-19 16:15:00+00:00,117.56,117.66,117.28,117.39,1571790
2025-03-19 16:20:00+00:00,117.385,117.7,117.315,117.665,1464906
2025-03-19 16:25:00+00:00,117.665,118.08,117.59,118.025,2489903
2025-03-19 16:30:00+00:00,118.02,118.025,117.64,117.81,1962045
2025-03-19 16:35:00+00:00,117.82,117.92,117.75,117.7865,1143994
2025-03-19 16:40:00+00:00,117.78,117.87,117.65,117.8,1014378
2025-03-19 16:45:00+00:00,117.8,117.94,117.67,117.84,1073472
2025-03-19 16:50:00+00:00,117.85,118.13,117.73,118.06,2019649
2025-03-19 16:55:00+00:00,118.054,118.11,117.9,118.0099,1662069
2025-03-19 17:00:00+00:00,118.0,118.18,117.905,118.16,2205625
2025-03-19 17:05:00+00:00,118.1599,118.25,117.71,117.7185,2056511
2025-03-19 17:10:00+00:00,117.7101,117.96,117.54,117.5773,1692612
2025-03-19 17:15:00+00:00,117.565,117.62,117.27,117.4901,2286433
2025-03-19 17:20:00+00:00,117.5,117.7,117.43,117.6387,1626715
2025-03-19 17:25:00+00:00,117.64,117.69,117.423,117.4586,1195208
2025-03-19 17:30:00+00:00,117.46,117.795,117.335,117.695,1677290
2025-03-19 17:35:00+00:00,117.69,118.11,117.64,118.04,2177285
2025-03-19 17:40:00+00:00,118.035,118.23,117.78,117.82,1911274
2025-03-19 17:45:00+00:00,117.8264,117.87,117.54,117.68,1480885
2025-03-19 17:50:00+00:00,117.67,117.94,117.631,117.925,1834775
2025-03-19 17:55:00+00:00,117.92,117.991,117.81,117.89,1340699
2025-03-19 18:00:00+00:00,117.83,118.7776,117.59,118.42,4699964
2025-03-19 18:05:00+00:00,118.42,118.55,117.83,118.46,3197986
2025-03-19 18:10:00+00:00,118.46,118.9,118.43,118.869,3399261
2025-03-19 18:15:00+00:00,118.86,119.26,118.8,118.8001,4211982
2025-03-19 18:20:00+00:00,118.82,119.06,118.65,118.8015,2803936
2025-03-19 18:25:00+00:00,118.8,118.94,118.43,118.536,2973026
2025-03-19 18:30:00+00:00,118.531,119.26,118.51,119.135,3583270
2025-03-19 18:35:00+00:00,119.125,119.2,118.67,118.759,2480619
2025-03-19 18:40:00+00:00,118.78,119.2,118.53,119.07,2725587
2025-03-19 18:45:00+00:00,119.07,119.2,118.84,118.935,2283854
2025-03-19 18:50:00+00:00,118.93,119.34,118.89,119.3101,2730907
2025-03-19 18:55:00+00:00,119.32,119.58,119.21,119.57,3237799
2025-03-19 19:00:00+00:00,119.56,119.9,119.52,119.82,3632142
2025-03-19 19:05:00+00:00,119.825,120.33,119.72,120.24,5288450
2025-03-19 19:10:00+00:00,120.24,120.445,119.63,120.01,4505473
2025-03-19 19:15:00+00:00,120.02,120.1499,119.53,119.605,3295107
2025-03-19 19:20:00+00:00,119.61,119.61,118.85,119.14,4233813
2025-03-19 19:25:00+00:00,119.14,119.22,118.18,118.25,4936037
2025-03-19 19:30:00+00:00,118.265,118.541,118.08,118.1899,3979211
2025-03-19 19:35:00+00:00,118.1899,118.7,117.93,118.6436,4291350
2025-03-19 19:40:00+00:00,118.64,119.0833,118.57,119.05,3998678
2025-03-19 19:45:00+00:00,119.06,119.06,118.38,118.7055,3519416
2025-03-19 19:50:00+00:00,118.7,118.7,118.18,118.33,3648225
2025-03-19 19:55:00+00:00,118.33,118.33,117.39,117.52,8599771
2025-03-19 20:00:00+00:00,117.52,117.69,117.2,117.31,30359486
2025-03-19 20:05:00+00:00,117.305,117.68,117.28,117.62,243589
2025-03-19 20:10:00+00:00,117.619,117.68,117.41,117.5691,189355
2025-03-19 20:15:00+00:00,117.5509,117.57,117.51,117.5108,93954
2025-03-19 20:20:00+00:00,117.53,117.56,117.45,117.46,97605
2025-03-19 20:25:00+00:00,117.4609,117.54,117.45,117.5,70249
2025-03-19 20:30:00+00:00,117.5,117.5,117.2,117.3,129933
2025-03-19 20:35:00+00:00,117.3,117.5,117.3,117.48,69401
2025-03-19 20:40:00+00:00,117.49,117.52,117.4215,117.43,106309
2025-03-19 20:45:00+00:00,117.43,117.5387,117.3499,117.43,94368
2025-03-19 20:50:00+00:00,117.45,117.48,117.4,117.46,53543
2025-03-19 20:55:00+00:00,117.47,117.55,117.45,117.54,55037
2025-03-19 21:00:00+00:00,117.54,117.79,117.52,117.72,105951
2025-03-19 21:05:00+00:00,117.71,117.86,117.7,117.75,112251
2025-03-19 21:10:00+00:00,117.77,117.8889,117.74,117.8505,72102
2025-03-19 21:15:00+00:00,117.85,117.93,117.8,117.88,95726
2025-03-19 21:20:00+00:00,117.899,117.91,117.8015,117.85,55014
2025-03-19 21:25:00+00:00,117.87,117.93,117.8,117.9,36653
2025-03-19 21:30:00+00:00,117.92,117.99,117.89,117.89,80353
2025-03-19 21:35:00+00:00,117.91,117.93,117.86,117.86,34886
2025-03-19 21:40:00+00:00,117.86,117.96,117.86,117.95,39519
2025-03-19 21:45:00+00:00,117.94,117.96,117.8805,117.93,36397
2025-03-19 21:50:00+00:00,117.9102,117.97,117.9,117.96,69149
2025-03-19 21:55:00+00:00,117.96,117.97,117.9201,117.9201,33916
2025-03-19 22:00:00+00:00,117.92,117.97,117.85,117.9398,43663
2025-03-19 22:05:00+00:00,117.9399,118.3,117.9001,118.26,174606
2025-03-19 22:10:00+00:00,118.25,118.6406,118.25,118.63,155126
2025-03-19 22:15:00+00:00,118.6004,118.64,118.3503,118.41,151506
2025-03-19 22:20:00+00:00,118.45,118.45,118.27,118.39,73255
2025-03-19 22:25:00+00:00,118.41,118.44,118.34,118.39,136587
2025-03-19 22:30:00+00:00,118.36,118.4292,118.32,118.4202,80670
2025-03-19 22:35:00+00:00,118.4299,118.44,118.3601,118.44,71277
2025-03-19 22:40:00+00:00,118.44,118.6191,118.426,118.57,135037
2025-03-19 22:45:00+00:00,118.57,118.6,118.53,118.569,71875
2025-03-19 22:50:00+00:00,118.57,118.58,118.4,118.5,76248
2025-03-19 22:55:00+00:00,118.51,118.52,118.39,118.4,58874
2025-03-19 23:00:00+00:00,118.3902,118.42,118.31,118.36,44884
2025-03-19 23:05:00+00:00,118.36,118.49,118.36,118.46,53161
2025-03-19 23:10:00+00:00,118.48,118.5,118.4,118.41,52434
2025-03-19 23:15:00+00:00,118.43,118.4486,118.3505,118.39,37518
2025-03-19 23:20:00+00:00,118.41,118.43,118.36,118.4098,41646
2025-03-19 23:25:00+00:00,118.4,118.48,118.38,118.48,39093
2025-03-19 23:30:00+00:00,118.48,118.48,118.44,118.4596,31773
2025-03-19 23:35:00+00:00,118.46,118.48,118.39,118.47,39449
2025-03-19 23:40:00+00:00,118.46,118.47,118.43,118.46,63051
2025-03-19 23:45:00+00:00,118.47,118.62,118.46,118.56,86889
2025-03-19 23:50:00+00:00,118.58,118.75,118.56,118.75,113362
2025-03-19 23:55:00+00:00,118.74,118.8,118.7,118.79,146081
2025-03-20 08:00:00+00:00,119.1,119.55,118.9,119.3,117533
2025-03-20 08:05:00+00:00,119.31,119.33,118.93,119.19,81417
2025-03-20 08:10:00+00:00,119.19,119.48,119.16,119.45,57053
2025-03-20 08:15:00+00:00,119.4,119.43,119.2,119.26,24927
2025-03-20 08:20:00+00:00,119.27,119.44,119.27,119.42,23422
2025-03-20 08:25:00+00:00,119.42,119.44,119.35,119.42,31073
2025-03-20 08:30:00+00:00,119.43,119.45,119.21,119.33,35197
2025-03-20 08:35:00+00:00,119.32,119.33,119.26,119.31,16622
2025-03-20 08:40:00+00:00,119.3,119.3,119.22,119.26,20497
2025-03-20 08:45:00+00:00,119.24,119.54,119.12,119.4,51997
2025-03-20 08:50:00+00:00,119.4,119.4,119.26,119.31,26925
2025-03-20 08:55:00+00:00,119.34,119.38,119.22,119.23,24064
2025-03-20 09:00:00+00:00,119.23,119.28,119.06,119.15,51620
2025-03-20 09:05:00+00:00,119.16,119.26,119.08,119.14,29448
2025-03-20 09:10:00+00:00,119.14,119.23,118.82,118.9,37737
2025-03-20 09:15:00+00:00,118.9,118.98,118.74,118.74,49402
2025-03-20 09:20:00+00:00,118.78,118.99,118.64,118.98,43183
2025-03-20 09:25:00+00:00,118.98,118.98,118.43,118.48,77983
2025-03-20 09:30:00+00:00,118.46,118.47,118.13,118.17,100382
2025-03-20 09:35:00+00:00,118.18,118.44,118.1,118.38,107770
2025-03-20 09:40:00+00:00,118.37,118.52,118.28,118.35,39525
2025-03-20 09:45:00+00:00,118.31,118.31,117.86,117.97,123851
2025-03-20 09:50:00+00:00,117.95,118.18,117.75,117.77,82907
2025-03-20 09:55:00+00:00,117.77,118.17,117.53,118.09,91579
2025-03-20 10:00:00+00:00,118.03,118.04,117.51,117.59,96641
2025-03-20 10:05:00+00:00,117.57,117.77,117.5,117.53,87688
2025-03-20 10:10:00+00:00,117.51,117.51,116.92,117.27,232280
2025-03-20 10:15:00+00:00,117.2,117.23,116.17,116.25,240449
2025-03-20 10:20:00+00:00,116.25,117.05,116.03,117.03,260565
2025-03-20 10:25:00+00:00,117.03,117.09,116.59,116.94,121537
2025-03-20 10:30:00+00:00,116.91,117.28,116.5,117.18,129300
2025-03-20 10:35:00+00:00,117.19,117.25,116.76,116.79,102108
2025-03-20 10:40:00+00:00,116.79,117.1,116.79,116.91,55978
2025-03-20 10:45:00+00:00,116.92,117.13,116.65,116.84,99241
2025-03-20 10:50:00+00:00,116.73,117.06,116.72,116.92,74985
2025-03-20 10:55:00+00:00,116.92,117.12,116.76,117.03,133726
2025-03-20 11:00:00+00:00,117.04,117.24,116.9,117.03,257049
2025-03-20 11:05:00+00:00,117.0,117.09,116.6,116.6,238819
2025-03-20 11:10:00+00:00,116.6,116.82,116.5,116.61,179384
2025-03-20 11:15:00+00:00,116.63,116.94,116.61,116.93,118551
2025-03-20 11:20:00+00:00,116.9,116.96,116.61,116.67,81541
2025-03-20 11:25:00+00:00,116.65,116.9,116.49,116.7,137726
2025-03-20 11:30:00+00:00,116.67,116.71,116.38,116.69,112494
2025-03-20 11:35:00+00:00,116.69,116.91,116.64,116.83,46673
2025-03-20 11:40:00+00:00,116.82,117.0,116.75,116.94,57503
2025-03-20 11:45:00+00:00,116.93,117.31,116.92,117.22,97263
2025-03-20 11:50:00+00:00,117.22,117.4,117.22,117.24,83091
2025-03-20 11:55:00+00:00,117.23,117.26,117.12,117.23,56566
2025-03-20 12:00:00+00:00,117.16,119.56,116.22,117.38,1257282
2025-03-20 12:05:00+00:00,117.35,117.5,117.3,117.43,119995
2025-03-20 12:10:00+00:00,117.43,117.45,117.15,117.35,129591
2025-03-20 12:15:00+00:00,117.39,117.41,117.1,117.22,122789
2025-03-20 12:20:00+00:00,117.25,117.25,116.94,117.1205,126285
2025-03-20 12:25:00+00:00,117.1201,117.31,117.02,117.2138,73144
2025-03-20 12:30:00+00:00,117.31,117.78,117.2104,117.5608,293890
2025-03-20 12:35:00+00:00,117.54,117.66,117.3,117.49,180403
2025-03-20 12:40:00+00:00,117.5,117.5,117.15,117.3501,130853
2025-03-20 12:45:00+00:00,117.37,117.5,116.94,117.1099,176608
2025-03-20 12:50:00+00:00,117.0888,117.33,117.03,117.2001,77872
2025-03-20 12:55:00+00:00,117.2203,117.23,117.1002,117.15,82201
2025-03-20 13:00:00+00:00,117.1,117.1198,116.65,116.8,268185
2025-03-20 13:05:00+00:00,116.8,116.8,116.58,116.7491,175583
2025-03-20 13:10:00+00:00,116.74,117.07,116.661,117.03,193170
2025-03-20 13:15:00+00:00,117.01,117.03,116.81,116.92,86059
2025-03-20 13:20:00+00:00,116.9,116.9,116.63,116.69,133256
2025-03-20 13:25:00+00:00,116.75,116.84,116.4,116.54,352559
2025-03-20 13:30:00+00:00,116.55,118.68,116.47,118.415,9585246
2025-03-20 13:35:00+00:00,118.426,119.45,118.242,119.294,6867839
2025-03-20 13:40:00+00:00,119.28,119.31,118.21,118.4534,5437821
2025-03-20 13:45:00+00:00,118.45,119.05,118.445,118.712,3640165
2025-03-20 13:50:00+00:00,118.73,118.99,118.41,118.487,2968542
2025-03-20 13:55:00+00:00,118.4789,118.51,118.05,118.415,3617467
2025-03-20 14:00:00+00:00,118.42,119.2549,118.32,119.0,4506462
2025-03-20 14:05:00+00:00,118.9997,119.04,118.4801,118.525,2886831
2025-03-20 14:10:00+00:00,118.53,118.63,118.32,118.45,2448685
2025-03-20 14:15:00+00:00,118.455,118.84,118.16,118.61,3390858
2025-03-20 14:20:00+00:00,118.6131,119.13,118.42,119.059,2649022
2025-03-20 14:25:00+00:00,119.06,119.2,118.79,118.91,2786204
2025-03-20 14:30:00+00:00,118.9,118.96,118.705,118.8289,1892903
2025-03-20 14:35:00+00:00,118.83,119.35,118.6801,119.119,3070971
2025-03-20 14:40:00+00:00,119.115,119.52,119.0,119.4433,3114810
2025-03-20 14:45:00+00:00,119.45,119.58,119.28,119.435,2723676
2025-03-20 14:50:00+00:00,119.42,119.46,119.12,119.4,2244985
2025-03-20 14:55:00+00:00,119.4,119.41,119.005,119.105,2215250
2025-03-20 15:00:00+00:00,119.105,119.28,118.9,119.23,2544962
2025-03-20 15:05:00+00:00,119.23,119.73,119.17,119.68,3248564
2025-03-20 15:10:00+00:00,119.675,119.905,119.52,119.8786,2769039
2025-03-20 15:15:00+00:00,119.87,119.89,119.55,119.5771,2076617
2025-03-20 15:20:00+00:00,119.58,119.885,119.43,119.715,2059127
2025-03-20 15:25:00+00:00,119.7131,119.73,119.493,119.63,1512678
2025-03-20 15:30:00+00:00,119.6398,119.675,119.07,119.1185,2580173
2025-03-20 15:35:00+00:00,119.11,119.21,118.9,119.2045,2672567
2025-03-20 15:40:00+00:00,119.205,119.77,119.18,119.7201,7399190
2025-03-20 15:45:00+00:00,119.72,120.2,119.65,120.065,4914236
2025-03-20 15:50:00+00:00,120.07,120.12,119.8108,119.955,1980910
2025-03-20 15:55:00+00:00,119.955,120.0,119.345,119.41,2486433
2025-03-20 16:00:00+00:00,119.41,119.83,119.3,119.43,2494178
2025-03-20 16:05:00+00:00,119.42,119.56,119.13,119.3045,2004656
2025-03-20 16:10:00+00:00,119.31,119.33,118.97,119.1945,2276917
2025-03-20 16:15:00+00:00,119.2,119.34,119.03,119.21,1572149
2025-03-20 16:20:00+00:00,119.2,119.255,118.85,118.8888,1975729
2025-03-20 16:25:00+00:00,118.88,118.9698,118.1899,118.29,3955642
2025-03-20 16:30:00+00:00,118.3,118.61,118.285,118.395,2250439
2025-03-20 16:35:00+00:00,118.4,118.78,118.3355,118.66,2183347
2025-03-20 16:40:00+00:00,118.65,118.67,117.82,118.0487,2631501
2025-03-20 16:45:00+00:00,118.0554,118.32,118.0,118.079,1930156
2025-03-20 16:50:00+00:00,118.075,118.4799,118.065,118.455,1723109
2025-03-20 16:55:00+00:00,118.46,118.55,117.94,118.065,2052920
2025-03-20 17:00:00+00:00,118.06,118.29,117.98,118.2487,1625990
2025-03-20 17:05:00+00:00,118.25,118.7,118.21,118.6201,8756579
2025-03-20 17:10:00+00:00,118.62,118.698,118.4051,118.5512,1570850
2025-03-20 17:15:00+00:00,118.555,118.6,118.23,118.4199,1216242
2025-03-20 17:20:00+00:00,118.42,118.54,118.15,118.2031,1524104
2025-03-20 17:25:00+00:00,118.21,118.3,117.85,117.889,1987760
2025-03-20 17:30:00+00:00,117.9,118.38,117.84,118.17,2036064
2025-03-20 17:35:00+00:00,118.16,118.53,118.03,118.5099,1648256
2025-03-20 17:40:00+00:00,118.49,118.52,118.25,118.5072,1295982
2025-03-20 17:45:00+00:00,118.5,118.675,118.4,118.5,1506505
2025-03-20 17:50:00+00:00,118.49,118.52,118.2,118.24,1329548
2025-03-20 17:55:00+00:00,118.2499,118.37,118.1101,118.34,1317154
2025-03-20 18:00:00+00:00,118.33,118.59,118.28,118.49,1433344
2025-03-20 18:05:00+00:00,118.49,118.79,118.43,118.6601,1914801
2025-03-20 18:10:00+00:00,118.665,119.0,118.66,118.91,2036699
2025-03-20 18:15:00+00:00,118.9,119.07,118.72,118.74,1989868
2025-03-20 18:20:00+00:00,118.73,118.7345,118.37,118.59,1942154
2025-03-20 18:25:00+00:00,118.6,118.6482,118.03,118.0791,2144999
2025-03-20 18:30:00+00:00,118.07,118.18,117.9,118.045,2546788
2025-03-20 18:35:00+00:00,118.0486,118.3,118.04,118.2,1727512
2025-03-20 18:40:00+00:00,118.195,118.225,117.74,117.89,2088928
2025-03-20 18:45:00+00:00,117.89,118.14,117.74,118.125,1814949
2025-03-20 18:50:00+00:00,118.125,118.57,118.07,118.425,2220114
2025-03-20 18:55:00+00:00,118.43,118.5,117.93,118.01,2010018
2025-03-20 19:00:00+00:00,118.0,118.37,117.95,118.33,1536221
2025-03-20 19:05:00+00:00,118.34,118.5,118.24,118.36,1449121
2025-03-20 19:10:00+00:00,118.35,118.49,118.2502,118.295,1158421
2025-03-20 19:15:00+00:00,118.2913,118.63,118.27,118.5498,1502829
2025-03-20 19:20:00+00:00,118.5385,118.68,118.42,118.495,1625565
2025-03-20 19:25:00+00:00,118.5,118.53,118.0,118.045,2314612
2025-03-20 19:30:00+00:00,118.05,118.45,118.05,118.3711,1697868
2025-03-20 19:35:00+00:00,118.37,118.66,118.34,118.43,1797252
2025-03-20 19:40:00+00:00,118.435,118.66,118.395,118.5686,1617040
2025-03-20 19:45:00+00:00,118.56,118.74,118.5178,118.7112,1924117
2025-03-20 19:50:00+00:00,118.71,118.71,118.18,118.39,3075507
2025-03-20 19:55:00+00:00,118.395,118.92,118.28,118.465,8209031
2025-03-20 20:00:00+00:00,118.465,118.6897,118.23,118.6897,29189320
2025-03-20 20:05:00+00:00,118.6606,118.77,118.53,118.65,303944
2025-03-20 20:10:00+00:00,118.64,118.72,118.57,118.681,116686
2025-03-20 20:15:00+00:00,118.69,118.8,118.67,118.76,155547
2025-03-20 20:20:00+00:00,118.77,118.78,118.68,118.7498,73403
2025-03-20 20:25:00+00:00,118.74,118.88,118.74,118.87,102521
2025-03-20 20:30:00+00:00,118.88,118.88,118.53,118.8,96516
2025-03-20 20:35:00+00:00,118.8096,118.8096,118.7,118.7801,39613
2025-03-20 20:40:00+00:00,118.799,118.85,118.7506,118.7601,23447
2025-03-20 20:45:00+00:00,118.77,118.81,118.72,118.81,1420182
2025-03-20 20:50:00+00:00,118.82,118.85,118.75,118.77,43163
2025-03-20 20:55:00+00:00,118.76,118.7899,118.62,118.62,66637
2025-03-20 21:00:00+00:00,118.6105,118.74,118.6105,118.7101,26055
2025-03-20 21:05:00+00:00,118.71,118.73,118.53,118.57,43835
2025-03-20 21:10:00+00:00,118.58,118.62,118.5605,118.5702,29758
2025-03-20 21:15:00+00:00,118.57,118.59,118.52,118.5797,38021
2025-03-20 21:20:00+00:00,118.561,118.561,118.45,118.45,36103
2025-03-20 21:25:00+00:00,118.46,118.52,118.43,118.45,27170
2025-03-20 21:30:00+00:00,118.45,118.5,118.44,118.47,896483
2025-03-20 21:35:00+00:00,118.45,118.57,118.43,118.57,33038
2025-03-20 21:40:00+00:00,118.5695,118.57,118.4,118.45,21098
2025-03-20 21:45:00+00:00,118.45,118.5,118.44,118.486,12716
2025-03-20 21:50:00+00:00,118.46,118.568,118.46,118.56,13195
2025-03-20 21:55:00+00:00,118.58,118.58,118.53,118.56,11015
2025-03-20 22:00:00+00:00,118.58,118.59,118.52,118.54,19089
2025-03-20 22:05:00+00:00,118.5217,118.54,118.36,118.36,33668
2025-03-20 22:10:00+00:00,118.35,118.44,118.32,118.41,32628
2025-03-20 22:15:00+00:00,118.41,118.46,118.3606,118.44,43993
2025-03-20 22:20:00+00:00,118.47,118.47,118.42,118.42,11973
2025-03-20 22:25:00+00:00,118.46,118.49,118.43,118.49,14786
2025-03-20 22:30:00+00:00,118.46,118.5,118.43,118.4802,25185
2025-03-20 22:35:00+00:00,118.4802,118.53,118.48,118.53,20206
2025-03-20 22:40:00+00:00,118.53,118.53,118.4523,118.51,17693
2025-03-20 22:45:00+00:00,118.5001,118.51,118.4506,118.4506,10973
2025-03-20 22:50:00+00:00,118.45,118.46,118.42,118.44,11844
2025-03-20 22:55:00+00:00,118.4203,118.4406,118.4,118.4,11194
2025-03-20 23:00:00+00:00,118.4,118.4386,118.2601,118.3,82053
2025-03-20 23:05:00+00:00,118.3,118.3099,118.25,118.27,24136
2025-03-20 23:10:00+00:00,118.28,118.28,118.18,118.18,49956
2025-03-20 23:15:00+00:00,118.2,118.25,118.16,118.19,21468
2025-03-20 23:20:00+00:00,118.2296,118.2296,118.1201,118.16,25942
2025-03-20 23:25:00+00:00,118.16,118.19,118.1219,118.1502,23861
2025-03-20 23:30:00+00:00,118.16,118.1999,118.15,118.16,16802
2025-03-20 23:35:00+00:00,118.1751,118.2,118.15,118.1606,21894
2025-03-20 23:40:00+00:00,118.18,118.2,118.141,118.16,22215
2025-03-20 23:45:00+00:00,118.16,118.2,118.1503,118.18,26580
2025-03-20 23:50:00+00:00,118.1897,118.2,118.18,118.2,19925
2025-03-20 23:55:00+00:00,118.2,118.2,118.15,118.17,59352
2025-03-21 08:00:00+00:00,118.13,118.33,118.01,118.33,30413
2025-03-21 08:05:00+00:00,118.31,118.38,118.2,118.2,33678
2025-03-21 08:10:00+00:00,118.21,118.28,118.16,118.22,29171
2025-03-21 08:15:00+00:00,118.24,118.24,117.85,117.85,36853
2025-03-21 08:20:00+00:00,117.85,118.14,117.77,118.03,67697
2025-03-21 08:25:00+00:00,118.03,118.11,117.83,117.87,56491
2025-03-21 08:30:00+00:00,117.88,117.99,117.75,117.8,37993
2025-03-21 08:35:00+00:00,117.77,118.04,117.77,117.97,14404
2025-03-21 08:40:00+00:00,117.9,118.08,117.66,117.75,31220
2025-03-21 08:45:00+00:00,117.78,118.0,117.7,117.7,42659
2025-03-21 08:50:00+00:00,117.73,117.89,117.65,117.81,28226
2025-03-21 08:55:00+00:00,117.82,117.87,117.69,117.74,30369
2025-03-21 09:00:00+00:00,117.73,117.77,117.19,117.26,96210
2025-03-21 09:05:00+00:00,117.23,117.37,117.12,117.33,71355
2025-03-21 09:10:00+00:00,117.34,117.56,117.23,117.44,19143
2025-03-21 09:15:00+00:00,117.47,117.47,117.13,117.18,34738
2025-03-21 09:20:00+00:00,117.18,117.22,116.95,117.14,94842
2025-03-21 09:25:00+00:00,117.13,117.38,117.13,117.21,39979
2025-03-21 09:30:00+00:00,117.25,117.31,116.98,117.25,44370
2025-03-21 09:35:00+00:00,117.27,117.47,117.25,117.34,16476
2025-03-21 09:40:00+00:00,117.37,117.54,117.37,117.45,31359
2025-03-21 09:45:00+00:00,117.45,117.45,117.33,117.41,14495
2025-03-21 09:50:00+00:00,117.41,117.45,117.14,117.2,47733
2025-03-21 09:55:00+00:00,117.23,117.27,117.15,117.18,25363
2025-03-21 10:00:00+00:00,117.2,117.48,117.1,117.45,41247
2025-03-21 10:05:00+00:00,117.43,117.5,117.37,117.42,27302
2025-03-21 10:10:00+00:00,117.41,117.64,117.38,117.64,31462
2025-03-21 10:15:00+00:00,117.64,117.7,117.46,117.53,25694
2025-03-21 10:20:00+00:00,117.54,117.55,117.4,117.55,22083
2025-03-21 10:25:00+00:00,117.51,117.6,117.47,117.51,22402
2025-03-21 10:30:00+00:00,117.5,117.55,117.16,117.27,46068
2025-03-21 10:35:00+00:00,117.3,117.34,117.03,117.19,58046
2025-03-21 10:40:00+00:00,117.22,117.4,117.22,117.38,30081
2025-03-21 10:45:00+00:00,117.37,117.45,117.35,117.43,23747
2025-03-21 10:50:00+00:00,117.39,117.55,117.39,117.45,36840
2025-03-21 10:55:00+00:00,117.43,117.43,117.33,117.42,16286
2025-03-21 11:00:00+00:00,117.42,117.47,117.3,117.37,76907
2025-03-21 11:05:00+00:00,117.4,117.44,117.33,117.37,39959
2025-03-21 11:10:00+00:00,117.38,117.5,117.3,117.48,39032
2025-03-21 11:15:00+00:00,117.47,117.63,117.43,117.59,50499
2025-03-21 11:20:00+00:00,117.6,117.64,117.54,117.58,25917
2025-03-21 11:25:00+00:00,117.57,117.77,117.53,117.77,44140
2025-03-21 11:30:00+00:00,117.76,117.85,117.71,117.85,43736
2025-03-21 11:35:00+00:00,117.86,117.86,117.74,117.74,30982
2025-03-21 11:40:00+00:00,117.75,117.95,117.73,117.85,48343
2025-03-21 11:45:00+00:00,117.85,118.08,117.85,117.99,71378
2025-03-21 11:50:00+00:00,118.04,118.1,117.76,117.84,59610
2025-03-21 11:55:00+00:00,117.86,117.96,117.84,117.84,26077
2025-03-21 12:00:00+00:00,117.3,118.45,117.09,117.94,680008
2025-03-21 12:05:00+00:00,118.234,118.234,117.8,117.8,56666
2025-03-21 12:10:00+00:00,117.81,117.9699,117.78,117.9201,78747
2025-03-21 12:15:00+00:00,117.93,117.93,117.79,117.82,48391
2025-03-21 12:20:00+00:00,117.82,117.85,117.68,117.7593,72143
2025-03-21 12:25:00+00:00,117.75,117.75,117.62,117.64,63347
2025-03-21 12:30:00+00:00,117.67,117.78,117.65,117.68,65621
2025-03-21 12:35:00+00:00,117.68,117.7599,117.36,117.53,187112
2025-03-21 12:40:00+00:00,117.52,117.52,117.15,117.28,215031
2025-03-21 12:45:00+00:00,117.28,117.48,117.2601,117.38,117200
2025-03-21 12:50:00+00:00,117.38,117.4,117.15,117.34,132602
2025-03-21 12:55:00+00:00,117.34,117.4,117.15,117.1701,899229
2025-03-21 13:00:00+00:00,117.17,117.2,116.8,117.02,367908
2025-03-21 13:05:00+00:00,117.0,117.0799,116.81,116.87,1204408
2025-03-21 13:10:00+00:00,116.86,116.9,116.76,116.8299,202257
2025-03-21 13:15:00+00:00,116.8,117.0,116.77,117.0,216110
2025-03-21 13:20:00+00:00,116.9996,117.02,116.77,116.79,175612
2025-03-21 13:25:00+00:00,116.78,117.26,116.0,116.96,1200048
2025-03-21 13:30:00+00:00,116.94,117.67,116.44,116.53,25266096
2025-03-21 13:35:00+00:00,116.535,116.63,115.42,115.825,6427531
2025-03-21 13:40:00+00:00,115.82,116.44,115.6801,115.99,4994579
2025-03-21 13:45:00+00:00,115.98,116.6,115.735,116.3266,4091924
2025-03-21 13:50:00+00:00,116.31,116.79,116.0402,116.5211,4207028
2025-03-21 13:55:00+00:00,116.525,116.6465,116.06,116.085,2655292
2025-03-21 14:00:00+00:00,116.075,116.25,115.68,116.22,4387659
2025-03-21 14:05:00+00:00,116.215,116.38,115.77,115.835,2663699
2025-03-21 14:10:00+00:00,115.84,116.05,115.5289,115.95,3350563
2025-03-21 14:15:00+00:00,115.95,116.3411,115.7544,116.25,2759946
2025-03-21 14:20:00+00:00,116.25,117.1,116.15,116.79,5212126
2025-03-21 14:25:00+00:00,116.795,116.87,116.37,116.4694,2796444
2025-03-21 14:30:00+00:00,116.47,116.55,116.14,116.4298,2547591
2025-03-21 14:35:00+00:00,116.43,116.69,116.07,116.125,2350982
2025-03-21 14:40:00+00:00,116.13,116.545,116.035,116.425,2208919
2025-03-21 14:45:00+00:00,116.435,116.625,116.25,116.4101,1884325
2025-03-21 14:50:00+00:00,116.4,116.52,116.02,116.309,1938004
2025-03-21 14:55:00+00:00,116.31,116.8,116.23,116.79,2286162
2025-03-21 15:00:00+00:00,116.79,117.05,116.73,116.8184,2654782
2025-03-21 15:05:00+00:00,116.81,116.91,116.66,116.769,1488386
2025-03-21 15:10:00+00:00,116.76,116.8,116.4,116.445,1857482
2025-03-21 15:15:00+00:00,116.44,116.6,116.31,116.415,1763152
2025-03-21 15:20:00+00:00,116.41,116.62,116.255,116.27,1795157
2025-03-21 15:25:00+00:00,116.2607,116.42,116.22,116.3,1264633
2025-03-21 15:30:00+00:00,116.295,116.62,116.27,116.535,1525417
2025-03-21 15:35:00+00:00,116.53,116.65,116.45,116.6,1231661
2025-03-21 15:40:00+00:00,116.605,116.73,116.3,116.35,2007396
2025-03-21 15:45:00+00:00,116.34,116.65,116.32,116.5394,1514738
2025-03-21 15:50:00+00:00,116.53,116.86,116.43,116.7251,1915383
2025-03-21 15:55:00+00:00,116.73,116.89,116.606,116.6901,1585451
2025-03-21 16:00:00+00:00,116.69,116.95,116.43,116.74,2104938
2025-03-21 16:05:00+00:00,116.73,116.97,116.705,116.89,1299246
2025-03-21 16:10:00+00:00,116.9,117.2799,116.875,117.145,2379721
2025-03-21 16:15:00+00:00,117.15,117.4399,117.1,117.292,2135987
2025-03-21 16:20:00+00:00,117.2948,117.6,117.24,117.545,2294458
2025-03-21 16:25:00+00:00,117.5486,117.63,117.315,117.36,2184190
2025-03-21 16:30:00+00:00,117.355,117.74,117.35,117.7194,2192876
2025-03-21 16:35:00+00:00,117.71,117.86,117.515,117.61,2022478
2025-03-21 16:40:00+00:00,117.61,117.786,117.3,117.3993,1915849
2025-03-21 16:45:00+00:00,117.4,117.77,117.4,117.705,1660539
2025-03-21 16:50:00+00:00,117.705,117.7353,117.5,117.67,1858210
2025-03-21 16:55:00+00:00,117.66,117.99,117.62,117.97,1979098
2025-03-21 17:00:00+00:00,117.975,117.975,117.5914,117.6701,1898381
2025-03-21 17:05:00+00:00,117.68,117.81,117.58,117.62,6570695
2025-03-21 17:10:00+00:00,117.62,117.7399,117.21,117.2651,2246682
2025-03-21 17:15:00+00:00,117.27,117.29,117.02,117.03,1723839
2025-03-21 17:20:00+00:00,117.035,117.32,116.97,117.2652,1726245
2025-03-21 17:25:00+00:00,117.25,117.29,116.98,117.065,1368142
2025-03-21 17:30:00+00:00,117.065,117.15,116.82,117.07,1985084
2025-03-21 17:35:00+00:00,117.075,117.31,117.05,117.235,1454926
2025-03-21 17:40:00+00:00,117.235,117.48,117.17,117.365,1492823
2025-03-21 17:45:00+00:00,117.37,117.495,117.312,117.47,1035342
2025-03-21 17:50:00+00:00,117.465,117.56,117.2809,117.3616,1303834
2025-03-21 17:55:00+00:00,117.36,117.39,117.2,117.28,1098848
2025-03-21 18:00:00+00:00,117.275,117.55,117.27,117.5,1325667
2025-03-21 18:05:00+00:00,117.51,117.52,117.28,117.36,1075631
2025-03-21 18:10:00+00:00,117.3513,117.44,117.25,117.4,1000085
2025-03-21 18:15:00+00:00,117.39,117.435,117.255,117.405,787283
2025-03-21 18:20:00+00:00,117.405,117.44,117.1615,117.23,1054374
2025-03-21 18:25:00+00:00,117.23,117.27,117.08,117.1911,1219205
2025-03-21 18:30:00+00:00,117.19,117.25,117.0,117.1074,1523342
2025-03-21 18:35:00+00:00,117.09,117.3,116.98,117.2001,1493258
2025-03-21 18:40:00+00:00,117.21,117.41,117.19,117.385,1170857
2025-03-21 18:45:00+00:00,117.38,117.395,117.07,117.19,1479338
2025-03-21 18:50:00+00:00,117.18,117.3,117.085,117.2228,999919
2025-03-21 18:55:00+00:00,117.235,117.33,117.17,117.18,1008470
2025-03-21 19:00:00+00:00,117.19,117.21,117.0,117.0381,1483680
2025-03-21 19:05:00+00:00,117.04,117.135,116.88,116.915,1557586
2025-03-21 19:10:00+00:00,116.91,117.03,116.73,116.95,2006535
2025-03-21 19:15:00+00:00,116.95,117.0,116.8,116.89,1999433
2025-03-21 19:20:00+00:00,116.89,116.93,116.69,116.875,1654106
2025-03-21 19:25:00+00:00,116.87,116.9,116.685,116.785,1519035
2025-03-21 19:30:00+00:00,116.78,116.865,116.595,116.725,1958617
2025-03-21 19:35:00+00:00,116.725,116.78,116.6,116.715,1773719
2025-03-21 19:40:00+00:00,116.715,116.74,116.59,116.655,1858124
2025-03-21 19:45:00+00:00,116.65,117.0,116.63,116.86,2858550
2025-03-21 19:50:00+00:00,116.86,117.135,116.4,117.0,4308492
2025-03-21 19:55:00+00:00,117.0,117.8,116.935,117.635,11018470
2025-03-21 20:00:00+00:00,117.63,117.77,117.49,117.67,51991006
2025-03-21 20:05:00+00:00,117.66,117.7,117.52,117.5201,3004038
2025-03-21 20:10:00+00:00,117.5298,117.7,117.4,117.4993,2016169
2025-03-21 20:15:00+00:00,117.5,117.52,117.4,117.4597,106964
2025-03-21 20:20:00+00:00,117.45,117.7117,117.43,117.5,131868
2025-03-21 20:25:00+00:00,117.4999,117.55,117.37,117.4,109607
2025-03-21 20:30:00+00:00,117.4,117.5,117.37,117.5,377467
2025-03-21 20:35:00+00:00,117.5,117.7,117.49,117.59,96067
2025-03-21 20:40:00+00:00,117.59,117.62,117.59,117.59,133671
2025-03-21 20:45:00+00:00,117.5604,117.85,117.46,117.77,207952
2025-03-21 20:50:00+00:00,117.761,117.93,117.6,117.7999,197194
2025-03-21 20:55:00+00:00,117.77,117.99,117.7172,117.86,506413
2025-03-21 21:00:00+00:00,117.86,117.95,117.85,117.86,97156
2025-03-21 21:05:00+00:00,117.89,117.9,117.85,117.85,70911
2025-03-21 21:10:00+00:00,117.86,117.86,117.7,117.71,47044
2025-03-21 21:15:00+00:00,117.74,117.7472,117.69,117.74,43600
2025-03-21 21:20:00+00:00,117.75,117.8,117.7498,117.77,34402
2025-03-21 21:25:00+00:00,117.77,117.7703,117.67,117.7,53604
2025-03-21 21:30:00+00:00,117.7,117.75,117.67,117.69,16834
2025-03-21 21:35:00+00:00,117.6705,117.77,117.67,117.71,8654
2025-03-21 21:40:00+00:00,117.7,117.79,117.7,117.7306,13947
2025-03-21 21:45:00+00:00,117.75,117.7643,117.69,117.75,16575
2025-03-21 21:50:00+00:00,117.75,117.75,117.7,117.74,21098
2025-03-21 21:55:00+00:00,117.73,117.73,117.7,117.71,17178
2025-03-21 22:00:00+00:00,117.72,117.72,117.7,117.71,18175
2025-03-21 22:05:00+00:00,117.71,117.72,117.71,117.71,12456
2025-03-21 22:10:00+00:00,117.71,117.71,117.69,117.71,15475
2025-03-21 22:15:00+00:00,117.7002,117.72,117.0382,117.7109,20427
2025-03-21 22:20:00+00:00,117.7103,117.73,117.7,117.7198,32147
2025-03-21 22:25:00+00:00,117.71,117.7799,117.71,117.75,19520
2025-03-21 22:30:00+00:00,117.7201,117.75,117.72,117.7204,4955
2025-03-21 22:35:00+00:00,117.7201,117.7201,117.7,117.7098,17759
2025-03-21 22:40:00+00:00,117.7001,117.71,117.67,117.67,13177
2025-03-21 22:45:00+00:00,117.66,117.66,117.6,117.6306,17048
2025-03-21 22:50:00+00:00,117.6304,117.65,117.6,117.6,10048
2025-03-21 22:55:00+00:00,117.6205,117.6498,117.6,117.64,11275
2025-03-21 23:00:00+00:00,117.61,117.67,117.61,117.64,11971
2025-03-21 23:05:00+00:00,117.62,117.67,117.62,117.67,8765
2025-03-21 23:10:00+00:00,117.6697,117.69,117.651,117.66,9591
2025-03-21 23:15:00+00:00,117.6698,117.71,117.6698,117.7099,18226
2025-03-21 23:20:00+00:00,117.7,117.71,117.6899,117.6899,23876
2025-03-21 23:25:00+00:00,117.6603,117.69,117.65,117.67,13311
2025-03-21 23:30:00+00:00,117.68,117.69,117.65,117.65,146964
2025-03-21 23:35:00+00:00,117.64,117.67,117.6,117.6144,12185
2025-03-21 23:40:00+00:00,117.6,117.6085,117.52,117.53,29808
2025-03-21 23:45:00+00:00,117.53,117.6455,117.52,117.57,24623
2025-03-21 23:50:00+00:00,117.56,117.6337,117.5505,117.59,45057
2025-03-21 23:55:00+00:00,117.6,117.67,117.55,117.64,46660
2025-03-24 08:00:00+00:00,119.3,119.39,118.51,119.33,182423
2025-03-24 08:05:00+00:00,119.34,119.59,119.3,119.56,105707
2025-03-24 08:10:00+00:00,119.56,119.58,119.39,119.53,62490
2025-03-24 08:15:00+00:00,119.54,119.6,119.38,119.45,54837
2025-03-24 08:20:00+00:00,119.44,119.6,119.41,119.59,58247
2025-03-24 08:25:00+00:00,119.59,119.64,119.45,119.52,50405
2025-03-24 08:30:00+00:00,119.52,119.53,119.34,119.43,47003
2025-03-24 08:35:00+00:00,119.43,119.48,119.4,119.41,28748
2025-03-24 08:40:00+00:00,119.41,119.45,119.33,119.34,34963
2025-03-24 08:45:00+00:00,119.33,119.37,119.16,119.3,57615
2025-03-24 08:50:00+00:00,119.29,119.45,119.27,119.38,49861
2025-03-24 08:55:00+00:00,119.38,119.41,119.05,119.06,54687
2025-03-24 09:00:00+00:00,119.06,119.07,118.9,118.92,60854
2025-03-24 09:05:00+00:00,118.93,119.2,118.92,118.99,50397
2025-03-24 09:10:00+00:00,119.0,119.16,119.0,119.16,28490
2025-03-24 09:15:00+00:00,119.15,119.16,119.07,119.13,26506
2025-03-24 09:20:00+00:00,119.12,119.12,118.92,118.93,36106
2025-03-24 09:25:00+00:00,118.93,118.97,118.85,118.93,40510
2025-03-24 09:30:00+00:00,118.92,118.96,118.74,118.74,40386
2025-03-24 09:35:00+00:00,118.75,119.05,118.75,118.9,44778
2025-03-24 09:40:00+00:00,118.9,118.94,118.85,118.9,20456
2025-03-24 09:45:00+00:00,118.92,119.14,118.92,119.14,36778
2025-03-24 09:50:00+00:00,119.12,119.17,119.02,119.09,38724
2025-03-24 09:55:00+00:00,119.09,119.14,119.01,119.12,21624
2025-03-24 10:00:00+00:00,119.08,119.09,119.01,119.07,22877
2025-03-24 10:05:00+00:00,119.06,119.29,119.04,119.21,70465
2025-03-24 10:10:00+00:00,119.21,119.21,119.13,119.16,18570
2025-03-24 10:15:00+00:00,119.18,119.28,119.18,119.27,30930
2025-03-24 10:20:00+00:00,119.26,119.37,119.24,119.24,53923
2025-03-24 10:25:00+00:00,119.23,119.28,119.18,119.26,20692
2025-03-24 10:30:00+00:00,119.26,119.38,119.22,119.33,26675
2025-03-24 10:35:00+00:00,119.33,119.49,119.31,119.48,61188
2025-03-24 10:40:00+00:00,119.48,119.48,119.35,119.45,27850
2025-03-24 10:45:00+00:00,119.46,119.46,119.29,119.32,44494
2025-03-24 10:50:00+00:00,119.34,119.41,119.33,119.4,23423
2025-03-24 10:55:00+00:00,119.41,119.41,119.25,119.31,47078
2025-03-24 11:00:00+00:00,119.29,119.6,119.27,119.45,177047
2025-03-24 11:05:00+00:00,119.48,119.65,119.46,119.65,110058
2025-03-24 11:10:00+00:00,119.66,119.99,119.66,119.91,169622
2025-03-24 11:15:00+00:00,119.92,119.98,119.88,119.92,51849
2025-03-24 11:20:00+00:00,119.91,119.98,119.79,119.87,54181
2025-03-24 11:25:00+00:00,119.88,119.96,119.82,119.95,52612
2025-03-24 11:30:00+00:00,119.96,119.97,119.9,119.9,29664
2025-03-24 11:35:00+00:00,119.9,120.12,119.9,120.09,207737
2025-03-24 11:40:00+00:00,120.07,120.14,119.77,119.86,90768
2025-03-24 11:45:00+00:00,119.86,119.98,119.83,119.93,50896
2025-03-24 11:50:00+00:00,119.94,119.99,119.87,119.87,36077
2025-03-24 11:55:00+00:00,119.87,119.9,119.73,119.88,75097
2025-03-24 12:00:00+00:00,119.4,120.14,118.7,119.83,1235303
2025-03-24 12:05:00+00:00,119.83,119.98,117.406,119.9798,105989
2025-03-24 12:10:00+00:00,119.98,120.04,119.81,119.87,209381
2025-03-24 12:15:00+00:00,119.85,119.95,119.8,119.84,93779
2025-03-24 12:20:00+00:00,119.85,120.01,119.81,119.98,141438
2025-03-24 12:25:00+00:00,119.96,120.09,119.93,120.06,149674
2025-03-24 12:30:00+00:00,120.07,120.18,119.98,120.1402,200162
2025-03-24 12:35:00+00:00,120.14,120.15,119.99,120.03,181241
2025-03-24 12:40:00+00:00,120.05,120.15,119.95,120.11,199448
2025-03-24 12:45:00+00:00,120.11,120.16,120.04,120.09,114616
2025-03-24 12:50:00+00:00,120.09,120.11,119.99,120.0635,86841
2025-03-24 12:55:00+00:00,120.06,120.12,119.97,120.0101,133001
2025-03-24 13:00:00+00:00,120.04,120.18,119.99,120.1695,200444
2025-03-24 13:05:00+00:00,120.17,120.25,120.14,120.2001,185154
2025-03-24 13:10:00+00:00,120.21,120.25,120.15,120.15,226196
2025-03-24 13:15:00+00:00,120.15,120.24,120.09,120.108,154087
2025-03-24 13:20:00+00:00,120.09,120.12,119.97,120.01,227587
2025-03-24 13:25:00+00:00,120.0,120.04,119.8,119.87,215454
2025-03-24 13:30:00+00:00,119.88,121.07,119.73,120.4708,11127285
2025-03-24 13:35:00+00:00,120.48,120.68,119.8,120.45,5315383
2025-03-24 13:40:00+00:00,120.44,120.57,119.58,120.135,4903106
2025-03-24 13:45:00+00:00,120.15,120.49,119.81,120.2746,4214993
2025-03-24 13:50:00+00:00,120.28,120.29,119.62,119.88,3343221
2025-03-24 13:55:00+00:00,119.88,120.33,119.79,120.035,3515048
2025-03-24 14:00:00+00:00,120.04,120.45,119.91,120.235,3136768
2025-03-24 14:05:00+00:00,120.24,120.298,119.34,119.485,4219940
2025-03-24 14:10:00+00:00,119.48,120.2,119.48,120.135,3781224
2025-03-24 14:15:00+00:00,120.13,120.4,119.97,120.33,3285011
2025-03-24 14:20:00+00:00,120.33,120.58,120.26,120.55,3855963
2025-03-24 14:25:00+00:00,120.555,120.56,120.16,120.48,2556184
2025-03-24 14:30:00+00:00,120.47,120.865,120.33,120.4411,3669411
2025-03-24 14:35:00+00:00,120.445,120.81,120.42,120.63,2352689
2025-03-24 14:40:00+00:00,120.63,121.17,120.58,121.1311,3471558
2025-03-24 14:45:00+00:00,121.13,121.42,121.05,121.4013,3219316
2025-03-24 14:50:00+00:00,121.4,121.94,121.29,121.795,3982709
2025-03-24 14:55:00+00:00,121.795,121.85,121.58,121.715,2823938
2025-03-24 15:00:00+00:00,121.715,121.83,121.51,121.685,2512358
2025-03-24 15:05:00+00:00,121.68,121.85,121.62,121.65,2066650
2025-03-24 15:10:00+00:00,121.641,122.1,121.63,122.0433,3913376
2025-03-24 15:15:00+00:00,122.055,122.15,121.9,122.005,1999272
2025-03-24 15:20:00+00:00,122.005,122.12,121.91,122.0613,1678720
2025-03-24 15:25:00+00:00,122.065,122.22,121.97,122.0423,2352125
2025-03-24 15:30:00+00:00,122.0401,122.06,121.79,121.91,1909891
2025-03-24 15:35:00+00:00,121.9099,122.0,121.61,121.67,2121309
2025-03-24 15:40:00+00:00,121.67,121.87,121.415,121.495,2063558
2025-03-24 15:45:00+00:00,121.495,121.56,121.35,121.43,1651656
2025-03-24 15:50:00+00:00,121.4246,121.6599,121.42,121.63,1721630
2025-03-24 15:55:00+00:00,121.64,121.79,121.6,121.69,1583390
2025-03-24 16:00:00+00:00,121.685,121.95,121.63,121.945,1402779
2025-03-24 16:05:00+00:00,121.94,121.98,121.86,121.92,1284196
2025-03-24 16:10:00+00:00,121.92,122.17,121.79,122.145,2452217
2025-03-24 16:15:00+00:00,122.144,122.22,121.97,122.05,2130927
2025-03-24 16:20:00+00:00,122.045,122.08,121.88,122.035,1447214
2025-03-24 16:25:00+00:00,122.035,122.06,121.71,121.755,1660936
2025-03-24 16:30:00+00:00,121.755,121.85,121.61,121.77,1256851
2025-03-24 16:35:00+00:00,121.7687,121.98,121.765,121.955,1250579
2025-03-24 16:40:00+00:00,121.955,121.9893,121.7201,121.835,1111707
2025-03-24 16:45:00+00:00,121.835,122.08,121.835,121.9,1350749
2025-03-24 16:50:00+00:00,121.9,121.99,121.82,121.9797,991123
2025-03-24 16:55:00+00:00,121.98,122.015,121.79,121.9099,1043291
2025-03-24 17:00:00+00:00,121.9013,121.9718,121.7801,121.8801,1069400
2025-03-24 17:05:00+00:00,121.88,122.0,121.839,121.905,987098
2025-03-24 17:10:00+00:00,121.9003,121.93,121.615,121.7001,1193868
2025-03-24 17:15:00+00:00,121.705,121.705,121.42,121.43,1645037
2025-03-24 17:20:00+00:00,121.425,121.585,121.38,121.56,2339172
2025-03-24 17:25:00+00:00,121.5589,121.75,121.5589,121.7288,1270192
2025-03-24 17:30:00+00:00,121.725,121.88,121.62,121.825,1145756
2025-03-24 17:35:00+00:00,121.825,121.98,121.76,121.925,1156180
2025-03-24 17:40:00+00:00,121.922,121.96,121.73,121.8401,1138344
2025-03-24 17:45:00+00:00,121.845,121.92,121.77,121.87,870882
2025-03-24 17:50:00+00:00,121.875,121.95,121.75,121.8158,1079877
2025-03-24 17:55:00+00:00,121.8192,121.865,121.68,121.84,852067
2025-03-24 18:00:00+00:00,121.85,121.95,121.56,121.7001,1431293
2025-03-24 18:05:00+00:00,121.705,121.879,121.7,121.785,908964
2025-03-24 18:10:00+00:00,121.785,121.79,121.61,121.635,1153524
2025-03-24 18:15:00+00:00,121.635,121.86,121.58,121.835,1166648
2025-03-24 18:20:00+00:00,121.835,121.89,121.73,121.875,1061021
2025-03-24 18:25:00+00:00,121.8701,121.94,121.79,121.815,1099510
2025-03-24 18:30:00+00:00,121.815,121.87,121.71,121.8113,922577
2025-03-24 18:35:00+00:00,121.81,122.0,121.65,121.93,1285113
2025-03-24 18:40:00+00:00,121.94,122.05,121.82,121.975,2166582
2025-03-24 18:45:00+00:00,121.975,122.0,121.6801,121.9217,1682101
2025-03-24 18:50:00+00:00,121.93,121.98,121.87,121.9156,1017687
2025-03-24 18:55:00+00:00,121.92,121.95,121.83,121.905,927897
2025-03-24 19:00:00+00:00,121.91,122.0,121.83,121.955,1328760
2025-03-24 19:05:00+00:00,121.9514,122.08,121.92,121.96,1918662
2025-03-24 19:10:00+00:00,121.9501,122.0,121.85,121.905,1080561
2025-03-24 19:15:00+00:00,121.905,122.05,121.9,122.0446,1323283
2025-03-24 19:20:00+00:00,122.04,122.045,121.9,121.955,1283324
2025-03-24 19:25:00+00:00,121.96,121.99,121.73,121.795,1627381
2025-03-24 19:30:00+00:00,121.795,121.82,121.56,121.605,1786001
2025-03-24 19:35:00+00:00,121.61,121.63,121.44,121.6181,2324607
2025-03-24 19:40:00+00:00,121.615,121.87,121.6001,121.755,2443411
2025-03-24 19:45:00+00:00,121.76,121.97,121.755,121.87,2030169
2025-03-24 19:50:00+00:00,121.87,122.0099,121.66,121.78,3003539
2025-03-24 19:55:00+00:00,121.785,122.0,121.23,121.23,8050486
2025-03-24 20:00:00+00:00,121.22,121.41,121.18,121.18,28488981
2025-03-24 20:05:00+00:00,121.1897,121.41,121.16,121.32,203328
2025-03-24 20:10:00+00:00,121.33,121.41,121.24,121.2995,88475
2025-03-24 20:15:00+00:00,121.29,121.39,121.21,121.35,14900957
2025-03-24 20:20:00+00:00,121.34,121.4,121.28,121.3895,96533
2025-03-24 20:25:00+00:00,121.3706,121.41,121.3,121.35,44992
2025-03-24 20:30:00+00:00,121.35,121.38,121.31,121.33,2363638
2025-03-24 20:35:00+00:00,121.34,121.37,121.29,121.3297,43491
2025-03-24 20:40:00+00:00,121.3102,121.35,121.3,121.31,50352
2025-03-24 20:45:00+00:00,121.3,121.35,121.3,121.31,48051
2025-03-24 20:50:00+00:00,121.31,121.4,121.31,121.36,52088
2025-03-24 20:55:00+00:00,121.3598,121.41,121.26,121.29,416842
2025-03-24 21:00:00+00:00,121.2801,121.41,121.25,121.32,62365
2025-03-24 21:05:00+00:00,121.32,121.35,121.25,121.26,66095
2025-03-24 21:10:00+00:00,121.26,121.3,121.23,121.26,33144
2025-03-24 21:15:00+00:00,121.24,121.25,121.21,121.24,34163
2025-03-24 21:20:00+00:00,121.221,121.25,121.221,121.23,20315
2025-03-24 21:25:00+00:00,121.24,121.3,121.21,121.27,32423
2025-03-24 21:30:00+00:00,121.27,121.29,121.19,121.24,58379
2025-03-24 21:35:00+00:00,121.25,121.29,121.2,121.2,25577
2025-03-24 21:40:00+00:00,121.2,121.23,121.18,121.19,28180
2025-03-24 21:45:00+00:00,121.2,121.23,121.16,121.171,23897
2025-03-24 21:50:00+00:00,121.18,121.23,121.18,121.2,15510
2025-03-24 21:55:00+00:00,121.21,121.23,121.18,121.2128,19275
2025-03-24 22:00:00+00:00,121.2,121.23,121.14,121.14,35419
2025-03-24 22:05:00+00:00,121.151,121.19,121.11,121.179,29404
2025-03-24 22:10:00+00:00,121.1798,121.1883,121.1,121.11,94445
2025-03-24 22:15:00+00:00,121.12,121.14,120.97,121.02,123520
2025-03-24 22:20:00+00:00,121.0197,121.04,120.95,120.98,29898
2025-03-24 22:25:00+00:00,120.98,120.99,120.9507,120.96,16242
2025-03-24 22:30:00+00:00,120.97,121.03,120.95,120.99,30312
2025-03-24 22:35:00+00:00,120.98,121.03,120.97,121.0,24697
2025-03-24 22:40:00+00:00,121.01,121.03,120.9942,121.01,12748
2025-03-24 22:45:00+00:00,121.0298,121.03,120.98,121.0,31652
2025-03-24 22:50:00+00:00,120.98,120.99,120.94,120.97,24343
2025-03-24 22:55:00+00:00,120.97,120.9998,120.95,120.96,15501
2025-03-24 23:00:00+00:00,120.97,121.03,120.97,120.9901,31167
2025-03-24 23:05:00+00:00,120.98,121.0288,120.9,121.0288,44233
2025-03-24 23:10:00+00:00,121.001,121.03,120.9898,120.9898,17841
2025-03-24 23:15:00+00:00,120.98,121.0098,120.98,120.98,13712
2025-03-24 23:20:00+00:00,120.98,121.0,120.94,120.96,19653
2025-03-24 23:25:00+00:00,120.98,120.99,120.95,120.95,14378
2025-03-24 23:30:00+00:00,120.98,120.98,120.91,120.98,20730
2025-03-24 23:35:00+00:00,120.98,121.0,120.9798,120.99,45548
2025-03-24 23:40:00+00:00,120.99,121.0,120.96,120.9899,35444
2025-03-24 23:45:00+00:00,120.98,121.0,120.9699,120.97,40924
2025-03-24 23:50:00+00:00,120.9698,121.0,120.95,120.98,40610
2025-03-24 23:55:00+00:00,120.99,120.9995,120.93,120.9305,95674
2025-03-25 08:00:00+00:00,120.88,120.91,120.52,120.8,68777
2025-03-25 08:05:00+00:00,120.81,120.82,120.46,120.5,62060
2025-03-25 08:10:00+00:00,120.48,120.58,120.35,120.37,42684
2025-03-25 08:15:00+00:00,120.36,120.37,120.06,120.08,77548
2025-03-25 08:20:00+00:00,120.08,120.35,120.0,120.34,74363
2025-03-25 08:25:00+00:00,120.32,120.36,119.8,119.84,70973
2025-03-25 08:30:00+00:00,119.81,120.1,119.73,119.91,61589
2025-03-25 08:35:00+00:00,119.9,120.16,119.85,120.15,40815
2025-03-25 08:40:00+00:00,120.13,120.17,120.07,120.12,13809
2025-03-25 08:45:00+00:00,120.14,120.24,120.08,120.18,39425
2025-03-25 08:50:00+00:00,120.24,120.4,120.03,120.19,29868
2025-03-25 08:55:00+00:00,120.23,120.24,120.08,120.14,18683
2025-03-25 09:00:00+00:00,120.16,120.18,120.13,120.18,13413
2025-03-25 09:05:00+00:00,120.17,120.26,120.11,120.14,33842
2025-03-25 09:10:00+00:00,120.13,120.18,120.13,120.16,14041
2025-03-25 09:15:00+00:00,120.15,120.16,120.02,120.11,27110
2025-03-25 09:20:00+00:00,120.1,120.29,120.1,120.2,20109
2025-03-25 09:25:00+00:00,120.19,120.44,120.19,120.31,35890
2025-03-25 09:30:00+00:00,120.31,120.44,120.3,120.4,15137
2025-03-25 09:35:00+00:00,120.41,120.58,120.41,120.52,29891
2025-03-25 09:40:00+00:00,120.48,120.48,120.38,120.46,13877
2025-03-25 09:45:00+00:00,120.44,120.61,120.44,120.57,18321
2025-03-25 09:50:00+00:00,120.59,120.61,120.48,120.61,11969
2025-03-25 09:55:00+00:00,120.56,120.62,120.56,120.61,10683
2025-03-25 10:00:00+00:00,120.6,120.66,120.44,120.49,23287
2025-03-25 10:05:00+00:00,120.44,120.48,120.4,120.47,12227
2025-03-25 10:10:00+00:00,120.46,120.52,120.32,120.52,11976
2025-03-25 10:15:00+00:00,120.54,120.65,120.54,120.59,15505
2025-03-25 10:20:00+00:00,120.59,120.75,120.58,120.67,23497
2025-03-25 10:25:00+00:00,120.65,120.68,120.58,120.59,14687
2025-03-25 10:30:00+00:00,120.6,120.72,120.58,120.71,19970
2025-03-25 10:35:00+00:00,120.69,120.88,120.66,120.88,34576
2025-03-25 10:40:00+00:00,120.87,121.0,120.8,120.99,54487
2025-03-25 10:45:00+00:00,120.99,121.13,120.9,121.01,72104
2025-03-25 10:50:00+00:00,121.01,121.02,120.8,120.88,45547
2025-03-25 10:55:00+00:00,120.85,121.0,120.81,120.86,23319
2025-03-25 11:00:00+00:00,120.85,121.25,120.82,121.06,106103
2025-03-25 11:05:00+00:00,121.09,121.09,120.76,120.88,104441
2025-03-25 11:10:00+00:00,120.95,120.95,120.63,120.7,70685
2025-03-25 11:15:00+00:00,120.73,120.84,120.68,120.73,43683
2025-03-25 11:20:00+00:00,120.78,120.86,120.64,120.68,60410
2025-03-25 11:25:00+00:00,120.7,120.7,120.56,120.66,65787
2025-03-25 11:30:00+00:00,120.67,120.72,120.21,120.72,132237
2025-03-25 11:35:00+00:00,120.72,120.8,120.6,120.6,62202
2025-03-25 11:40:00+00:00,120.58,120.65,120.43,120.48,53028
2025-03-25 11:45:00+00:00,120.48,120.65,120.46,120.56,57369
2025-03-25 11:50:00+00:00,120.58,120.73,120.58,120.68,37828
2025-03-25 11:55:00+00:00,120.66,120.7,120.57,120.66,51991
2025-03-25 12:00:00+00:00,120.82,121.25,119.9,120.45,842725
2025-03-25 12:05:00+00:00,120.4,120.57,120.35,120.38,132351
2025-03-25 12:10:00+00:00,120.37,120.57,120.35,120.51,67999
2025-03-25 12:15:00+00:00,120.51,120.57,120.4,120.51,76234
2025-03-25 12:20:00+00:00,120.51,120.66,120.46,120.6,80128
2025-03-25 12:25:00+00:00,120.6093,120.67,120.54,120.65,75634
2025-03-25 12:30:00+00:00,120.6499,120.85,120.6,120.79,152424
2025-03-25 12:35:00+00:00,120.79,120.84,120.63,120.68,127733
2025-03-25 12:40:00+00:00,120.68,120.7284,120.57,120.6001,86403
2025-03-25 12:45:00+00:00,120.6,120.67,120.57,120.65,82217
2025-03-25 12:50:00+00:00,120.65,120.66,120.44,120.46,190217
2025-03-25 12:55:00+00:00,120.47,121.41,120.47,120.5603,171060
2025-03-25 13:00:00+00:00,120.57,120.71,120.55,120.6601,83852
2025-03-25 13:05:00+00:00,120.69,120.72,120.63,120.6601,89978
2025-03-25 13:10:00+00:00,120.6601,120.67,120.55,120.55,92463
2025-03-25 13:15:00+00:00,120.56,120.67,120.55,120.59,77535
2025-03-25 13:20:00+00:00,120.59,120.62,120.5,120.57,143303
2025-03-25 13:25:00+00:00,120.57,121.22,120.43,120.5661,321743
2025-03-25 13:30:00+00:00,120.53,120.94,119.9,120.22,9916939
2025-03-25 13:35:00+00:00,120.2282,120.31,119.51,119.9302,6833513
2025-03-25 13:40:00+00:00,119.9379,120.42,119.67,119.875,4887814
2025-03-25 13:45:00+00:00,119.875,119.99,118.93,119.08,5808636
2025-03-25 13:50:00+00:00,119.07,119.63,118.92,119.49,4378415
2025-03-25 13:55:00+00:00,119.48,119.75,119.27,119.47,2812261
2025-03-25 14:00:00+00:00,119.48,119.7299,119.15,119.23,2940891
2025-03-25 14:05:00+00:00,119.2201,119.6556,119.22,119.53,2778186
2025-03-25 14:10:00+00:00,119.52,119.79,119.44,119.76,2696966
2025-03-25 14:15:00+00:00,119.75,119.97,119.67,119.775,2534245
2025-03-25 14:20:00+00:00,119.78,119.86,119.5501,119.725,2037150
2025-03-25 14:25:00+00:00,119.7225,119.98,119.67,119.98,1744881
2025-03-25 14:30:00+00:00,119.98,119.99,119.445,119.4749,2218991
2025-03-25 14:35:00+00:00,119.475,120.05,119.4749,119.995,2492207
2025-03-25 14:40:00+00:00,119.995,120.27,119.995,120.245,2073251
2025-03-25 14:45:00+00:00,120.2493,120.35,120.08,120.095,2191947
2025-03-25 14:50:00+00:00,120.1,120.19,119.89,119.9399,1991594
2025-03-25 14:55:00+00:00,119.935,120.14,119.77,119.925,2007397
2025-03-25 15:00:00+00:00,119.92,120.25,119.9,120.025,1844207
2025-03-25 15:05:00+00:00,120.025,120.28,120.025,120.075,1345686
2025-03-25 15:10:00+00:00,120.0782,120.195,119.95,120.08,1489709
2025-03-25 15:15:00+00:00,120.07,120.2693,120.05,120.195,1441698
2025-03-25 15:20:00+00:00,120.195,120.41,120.17,120.38,1793711
2025-03-25 15:25:00+00:00,120.375,120.44,120.21,120.2616,1390660
2025-03-25 15:30:00+00:00,120.27,120.39,120.09,120.1801,1338945
2025-03-25 15:35:00+00:00,120.18,120.31,120.04,120.285,1117169
2025-03-25 15:40:00+00:00,120.28,120.57,120.21,120.565,1511015
2025-03-25 15:45:00+00:00,120.5685,120.78,120.45,120.6685,1626104
2025-03-25 15:50:00+00:00,120.67,120.87,120.5149,120.575,1621993
2025-03-25 15:55:00+00:00,120.57,120.66,120.33,120.4649,1571413
2025-03-25 16:00:00+00:00,120.465,120.66,120.465,120.585,2090369
2025-03-25 16:05:00+00:00,120.6,120.8,120.49,120.76,1223394
2025-03-25 16:10:00+00:00,120.755,120.93,120.69,120.765,1634907
2025-03-25 16:15:00+00:00,120.765,120.78,120.64,120.685,859794
2025-03-25 16:20:00+00:00,120.685,120.99,120.64,120.89,2110177
2025-03-25 16:25:00+00:00,120.885,120.885,120.66,120.6602,1473784
2025-03-25 16:30:00+00:00,120.67,120.7,120.43,120.62,1523784
2025-03-25 16:35:00+00:00,120.615,120.83,120.57,120.76,1231638
2025-03-25 16:40:00+00:00,120.76,120.88,120.67,120.88,871932
2025-03-25 16:45:00+00:00,120.875,120.99,120.83,120.895,1678824
2025-03-25 16:50:00+00:00,120.9,121.13,120.86,121.08,1652003
2025-03-25 16:55:00+00:00,121.07,121.09,120.87,120.895,1084937
2025-03-25 17:00:00+00:00,120.895,121.105,120.88,120.9984,1131173
2025-03-25 17:05:00+00:00,120.9988,121.12,120.9,121.0783,880378
2025-03-25 17:10:00+00:00,121.07,121.1,120.83,120.8484,958522
2025-03-25 17:15:00+00:00,120.84,120.9,120.73,120.79,867899
2025-03-25 17:20:00+00:00,120.785,120.85,120.7,120.72,814982
2025-03-25 17:25:00+00:00,120.725,120.725,120.1607,120.235,2172438
2025-03-25 17:30:00+00:00,120.24,120.6581,120.2367,120.65,1834110
2025-03-25 17:35:00+00:00,120.655,120.74,120.56,120.59,1243302
2025-03-25 17:40:00+00:00,120.58,120.66,120.55,120.615,758202
2025-03-25 17:45:00+00:00,120.61,120.69,120.51,120.548,838005
2025-03-25 17:50:00+00:00,120.546,120.57,120.4,120.5001,1272406
2025-03-25 17:55:00+00:00,120.5076,120.69,120.48,120.63,843322
2025-03-25 18:00:00+00:00,120.62,120.625,120.44,120.59,912602
2025-03-25 18:05:00+00:00,120.585,120.8,120.55,120.705,1105765
2025-03-25 18:10:00+00:00,120.7125,120.82,120.68,120.7833,894390
2025-03-25 18:15:00+00:00,120.79,120.94,120.71,120.8912,1379935
2025-03-25 18:20:00+00:00,120.8998,121.02,120.8,120.845,1122471
2025-03-25 18:25:00+00:00,120.84,120.86,120.64,120.7151,1181401
2025-03-25 18:30:00+00:00,120.72,120.87,120.63,120.83,876213
2025-03-25 18:35:00+00:00,120.83,120.92,120.73,120.785,823501
2025-03-25 18:40:00+00:00,120.78,120.8,120.65,120.755,929617
2025-03-25 18:45:00+00:00,120.75,120.77,120.63,120.65,706372
2025-03-25 18:50:00+00:00,120.6415,120.75,120.505,120.685,1586167
2025-03-25 18:55:00+00:00,120.685,120.867,120.63,120.82,1036330
2025-03-25 19:00:00+00:00,120.81,120.9399,120.8,120.86,1217684
2025-03-25 19:05:00+00:00,120.8637,120.9,120.72,120.81,1097326
2025-03-25 19:10:00+00:00,120.805,120.9,120.65,120.7399,1270629
2025-03-25 19:15:00+00:00,120.735,120.95,120.66,120.865,1351915
2025-03-25 19:20:00+00:00,120.8601,120.93,120.85,120.8901,832905
2025-03-25 19:25:00+00:00,120.8915,120.91,120.695,120.695,1444634
2025-03-25 19:30:00+00:00,120.695,120.95,120.69,120.94,1944846
2025-03-25 19:35:00+00:00,120.9319,121.29,120.91,121.045,3130173
2025-03-25 19:40:00+00:00,121.05,121.1,120.78,120.7912,1423585
2025-03-25 19:45:00+00:00,120.795,120.96,120.795,120.85,1264646
2025-03-25 19:50:00+00:00,120.85,120.9,120.63,120.7299,2024522
2025-03-25 19:55:00+00:00,120.73,120.87,120.51,120.645,3885844
2025-03-25 20:00:00+00:00,120.645,120.73,120.45,120.62,14240739
2025-03-25 20:05:00+00:00,120.581,120.69,120.58,120.6202,63792
2025-03-25 20:10:00+00:00,120.63,120.69,120.55,120.5806,1690111
2025-03-25 20:15:00+00:00,120.58,120.64,120.52,120.5498,66270
2025-03-25 20:20:00+00:00,120.55,120.55,120.4,120.45,98290
2025-03-25 20:25:00+00:00,120.43,120.69,120.35,120.6,524449
2025-03-25 20:30:00+00:00,120.62,120.67,120.6,120.62,43773
2025-03-25 20:35:00+00:00,120.63,120.6599,120.55,120.61,46080
2025-03-25 20:40:00+00:00,120.6001,120.63,120.53,120.56,25297
2025-03-25 20:45:00+00:00,120.53,120.73,120.5,120.59,43601
2025-03-25 20:50:00+00:00,120.59,120.64,120.59,120.6299,25705
2025-03-25 20:55:00+00:00,120.62,120.67,120.62,120.67,27551
2025-03-25 21:00:00+00:00,120.65,120.67,120.55,120.55,40351
2025-03-25 21:05:00+00:00,120.55,120.66,120.54,120.6,15357
2025-03-25 21:10:00+00:00,120.59,120.66,120.55,120.6207,15666
2025-03-25 21:15:00+00:00,120.63,120.67,120.56,120.5801,17318
2025-03-25 21:20:00+00:00,120.5995,120.6,120.53,120.58,23147
2025-03-25 21:25:00+00:00,120.56,120.57,120.5,120.5,30402
2025-03-25 21:30:00+00:00,120.5001,120.58,120.5,120.5482,15944
2025-03-25 21:35:00+00:00,120.5396,120.5976,120.52,120.58,18937
2025-03-25 21:40:00+00:00,120.5899,120.6,120.54,120.5773,8449
2025-03-25 21:45:00+00:00,120.54,120.58,120.51,120.529,13414
2025-03-25 21:50:00+00:00,120.529,120.55,120.51,120.5197,27396
2025-03-25 21:55:00+00:00,120.52,120.56,120.5,120.52,24185
2025-03-25 22:00:00+00:00,120.52,120.5494,120.4513,120.49,20783
2025-03-25 22:05:00+00:00,120.46,120.55,120.45,120.5402,30063
2025-03-25 22:10:00+00:00,120.5498,120.59,120.5498,120.56,16331
2025-03-25 22:15:00+00:00,120.58,120.59,120.5415,120.58,14160
2025-03-25 22:20:00+00:00,120.58,120.58,120.53,120.58,19352
2025-03-25 22:25:00+00:00,120.58,120.6,120.56,120.58,21488
2025-03-25 22:30:00+00:00,120.5895,120.6398,120.57,120.6282,19538
2025-03-25 22:35:00+00:00,120.63,120.64,120.58,120.58,6385
2025-03-25 22:40:00+00:00,120.5707,120.58,120.5,120.53,23113
2025-03-25 22:45:00+00:00,120.52,120.54,120.5,120.53,16231
2025-03-25 22:50:00+00:00,120.53,120.54,120.51,120.51,8152
2025-03-25 22:55:00+00:00,120.5393,120.54,120.51,120.529,14381
2025-03-25 23:00:00+00:00,120.5184,120.54,120.51,120.53,11936
2025-03-25 23:05:00+00:00,120.5394,120.57,120.51,120.56,12646
2025-03-25 23:10:00+00:00,120.5509,120.58,120.5106,120.5106,22347
2025-03-25 23:15:00+00:00,120.57,120.57,120.5,120.53,16256
2025-03-25 23:20:00+00:00,120.54,120.58,120.54,120.56,10533
2025-03-25 23:25:00+00:00,120.56,120.58,120.55,120.56,14667
2025-03-25 23:30:00+00:00,120.5501,120.58,120.5405,120.5528,16023
2025-03-25 23:35:00+00:00,120.5698,120.61,120.5698,120.61,20258
2025-03-25 23:40:00+00:00,120.6,120.6147,120.59,120.5998,8408
2025-03-25 23:45:00+00:00,120.6,120.64,120.59,120.63,26619
2025-03-25 23:50:00+00:00,120.63,120.64,120.6,120.601,18704
2025-03-25 23:55:00+00:00,120.6001,120.62,120.59,120.61,44557
2025-03-26 08:00:00+00:00,119.86,120.32,119.74,119.8,109073
2025-03-26 08:05:00+00:00,119.83,119.99,119.81,119.95,57961
2025-03-26 08:10:00+00:00,119.92,119.98,119.71,119.85,33222
2025-03-26 08:15:00+00:00,119.83,119.9,119.6,119.74,39928
2025-03-26 08:20:00+00:00,119.72,119.96,119.72,119.96,17465
2025-03-26 08:25:00+00:00,119.94,119.98,119.93,119.95,21621
2025-03-26 08:30:00+00:00,119.95,120.05,119.95,120.04,41497
2025-03-26 08:35:00+00:00,120.01,120.01,119.9,119.91,13241
2025-03-26 08:40:00+00:00,119.88,119.94,119.84,119.93,8607
2025-03-26 08:45:00+00:00,119.9,119.91,119.73,119.77,29241
2025-03-26 08:50:00+00:00,119.75,119.82,119.7,119.75,24874
2025-03-26 08:55:00+00:00,119.74,119.87,119.74,119.81,17518
2025-03-26 09:00:00+00:00,119.84,119.88,119.77,119.79,17193
2025-03-26 09:05:00+00:00,119.78,119.89,119.7,119.86,22724
2025-03-26 09:10:00+00:00,119.82,119.93,119.81,119.83,16797
2025-03-26 09:15:00+00:00,119.83,119.84,119.7,119.74,18684
2025-03-26 09:20:00+00:00,119.71,119.74,119.62,119.7,20320
2025-03-26 09:25:00+00:00,119.71,119.8,119.68,119.72,13403
2025-03-26 09:30:00+00:00,119.75,119.81,119.74,119.81,9565
2025-03-26 09:35:00+00:00,119.79,119.84,119.79,119.83,8691
2025-03-26 09:40:00+00:00,119.8,119.82,119.75,119.75,9981
2025-03-26 09:45:00+00:00,119.75,119.76,119.7,119.74,18439
2025-03-26 09:50:00+00:00,119.75,119.79,119.43,119.46,57281
2025-03-26 09:55:00+00:00,119.43,119.56,119.43,119.43,23887
2025-03-26 10:00:00+00:00,119.42,119.43,119.18,119.4,64938
2025-03-26 10:05:00+00:00,119.4,119.47,119.35,119.39,26653
2025-03-26 10:10:00+00:00,119.35,119.43,119.29,119.35,34500
2025-03-26 10:15:00+00:00,119.38,119.61,119.38,119.56,16499
2025-03-26 10:20:00+00:00,119.53,119.53,119.42,119.43,23247
2025-03-26 10:25:00+00:00,119.47,119.51,119.45,119.46,15288
2025-03-26 10:30:00+00:00,119.47,119.58,119.46,119.53,9580
2025-03-26 10:35:00+00:00,119.53,119.69,119.49,119.66,19309
2025-03-26 10:40:00+00:00,119.66,119.66,119.52,119.57,15283
2025-03-26 10:45:00+00:00,119.57,119.66,119.45,119.45,30613
2025-03-26 10:50:00+00:00,119.45,119.5,119.41,119.5,20225
2025-03-26 10:55:00+00:00,119.48,119.61,119.47,119.59,25152
2025-03-26 11:00:00+00:00,119.59,119.7,119.35,119.48,158001
2025-03-26 11:05:00+00:00,119.45,119.5,119.24,119.36,78028
2025-03-26 11:10:00+00:00,119.35,119.44,119.301,119.4,49863
2025-03-26 11:15:00+00:00,119.43,119.45,118.88,119.0,260995
2025-03-26 11:20:00+00:00,119.03,119.1,118.86,118.88,115563
2025-03-26 11:25:00+00:00,118.9,118.95,118.71,118.84,156560
2025-03-26 11:30:00+00:00,118.89,119.07,118.85,119.0,101153
2025-03-26 11:35:00+00:00,119.01,119.24,118.91,119.07,109551
2025-03-26 11:40:00+00:00,119.07,119.24,119.06,119.15,44640
2025-03-26 11:45:00+00:00,119.14,119.3,119.06,119.23,112996
2025-03-26 11:50:00+00:00,119.22,119.27,119.07,119.12,57194
2025-03-26 11:55:00+00:00,119.13,119.16,118.9,118.98,83278
2025-03-26 12:00:00+00:00,119.62,120.18,118.49,118.91,1294590
2025-03-26 12:05:00+00:00,118.92,119.0,118.8,118.97,149237
2025-03-26 12:10:00+00:00,118.94,119.0,118.91,118.94,60005
2025-03-26 12:15:00+00:00,118.94,118.95,118.77,118.9,140070
2025-03-26 12:20:00+00:00,118.9,118.96,118.65,118.71,191426
2025-03-26 12:25:00+00:00,118.7399,118.85,118.7,118.78,91524
2025-03-26 12:30:00+00:00,118.78,118.87,118.64,118.7992,119850
2025-03-26 12:35:00+00:00,118.78,118.89,118.78,118.82,124120
2025-03-26 12:40:00+00:00,118.8505,118.93,118.69,118.77,141450
2025-03-26 12:45:00+00:00,118.7798,118.9,118.69,118.78,142684
2025-03-26 12:50:00+00:00,118.7501,118.89,118.63,118.82,169140
2025-03-26 12:55:00+00:00,118.8199,118.89,118.7,118.7499,133859
2025-03-26 13:00:00+00:00,118.75,118.86,118.71,118.79,140813
2025-03-26 13:05:00+00:00,118.78,118.78,118.49,118.59,249718
2025-03-26 13:10:00+00:00,118.56,118.58,118.38,118.49,359613
2025-03-26 13:15:00+00:00,118.49,118.58,118.48,118.52,165986
2025-03-26 13:20:00+00:00,118.52,118.5504,118.37,118.38,165841
2025-03-26 13:25:00+00:00,118.38,118.9,118.35,118.73,501481
2025-03-26 13:30:00+00:00,118.73,118.84,117.4,117.76,11348267
2025-03-26 13:35:00+00:00,117.75,118.43,117.74,118.2325,6343469
2025-03-26 13:40:00+00:00,118.22,118.4,117.38,117.59,6130032
2025-03-26 13:45:00+00:00,117.6,117.72,116.83,116.9712,7193338
2025-03-26 13:50:00+00:00,116.9712,117.08,116.45,116.7716,6890428
2025-03-26 13:55:00+00:00,116.7711,116.78,115.815,116.325,8181475
2025-03-26 14:00:00+00:00,116.325,116.77,116.03,116.0644,5208567
2025-03-26 14:05:00+00:00,116.06,116.15,115.67,115.82,6583865
2025-03-26 14:10:00+00:00,115.81,115.94,115.24,115.625,6276506
2025-03-26 14:15:00+00:00,115.635,115.6356,114.9202,115.08,6517202
2025-03-26 14:20:00+00:00,115.08,115.14,114.455,114.9556,7154317
2025-03-26 14:25:00+00:00,114.955,115.28,114.85,115.11,4642472
2025-03-26 14:30:00+00:00,115.11,115.38,114.92,115.245,4064025
2025-03-26 14:35:00+00:00,115.245,115.435,115.08,115.17,3479420
2025-03-26 14:40:00+00:00,115.16,115.3299,114.93,114.97,2713147
2025-03-26 14:45:00+00:00,114.98,115.085,114.74,114.815,2786917
2025-03-26 14:50:00+00:00,114.815,115.52,114.78,115.3301,3655659
2025-03-26 14:55:00+00:00,115.3418,115.44,115.17,115.365,2407382
2025-03-26 15:00:00+00:00,115.365,115.62,115.28,115.402,2768823
2025-03-26 15:05:00+00:00,115.42,115.61,115.35,115.545,1979781
2025-03-26 15:10:00+00:00,115.54,115.64,115.3,115.375,2530628
2025-03-26 15:15:00+00:00,115.375,115.5,115.2401,115.4801,1717072
2025-03-26 15:20:00+00:00,115.485,115.59,115.025,115.06,2671740
2025-03-26 15:25:00+00:00,115.0681,115.19,114.79,115.165,3342881
2025-03-26 15:30:00+00:00,115.16,115.4,115.11,115.295,2143779
2025-03-26 15:35:00+00:00,115.295,115.31,114.92,115.04,1868530
2025-03-26 15:40:00+00:00,115.04,115.15,114.83,114.905,1953779
2025-03-26 15:45:00+00:00,114.89,115.08,114.75,114.82,1932837
2025-03-26 15:50:00+00:00,114.815,114.82,114.26,114.4387,4251220
2025-03-26 15:55:00+00:00,114.43,114.48,113.93,114.09,5101127
2025-03-26 16:00:00+00:00,114.0877,114.18,113.73,113.9086,3646514
2025-03-26 16:05:00+00:00,113.905,114.25,113.855,114.051,3762697
2025-03-26 16:10:00+00:00,114.05,114.05,113.595,113.7799,3715727
2025-03-26 16:15:00+00:00,113.775,113.84,113.57,113.705,2353384
2025-03-26 16:20:00+00:00,113.705,113.88,113.61,113.7382,2478840
2025-03-26 16:25:00+00:00,113.73,114.13,113.725,114.035,2594124
2025-03-26 16:30:00+00:00,114.035,114.2,113.86,113.96,2424182
2025-03-26 16:35:00+00:00,113.965,114.27,113.965,114.21,2158704
2025-03-26 16:40:00+00:00,114.215,114.28,113.8,113.85,2385983
2025-03-26 16:45:00+00:00,113.845,113.955,113.67,113.8312,2123436
2025-03-26 16:50:00+00:00,113.8351,113.91,113.56,113.6,2920937
2025-03-26 16:55:00+00:00,113.605,113.74,113.39,113.5362,3934064
2025-03-26 17:00:00+00:00,113.54,113.7,113.415,113.5,2557522
2025-03-26 17:05:00+00:00,113.495,113.66,113.41,113.57,2181650
2025-03-26 17:10:00+00:00,113.565,113.86,113.47,113.85,2161946
2025-03-26 17:15:00+00:00,113.85,113.86,113.47,113.555,2072254
2025-03-26 17:20:00+00:00,113.55,113.67,113.42,113.595,1671537
2025-03-26 17:25:00+00:00,113.59,113.66,113.38,113.46,1774263
2025-03-26 17:30:00+00:00,113.465,113.48,113.1,113.1862,2802955
2025-03-26 17:35:00+00:00,113.1987,113.25,112.71,112.885,5031357
2025-03-26 17:40:00+00:00,112.88,113.22,112.86,113.0285,2867623
2025-03-26 17:45:00+00:00,113.02,113.25,112.88,113.155,2530532
2025-03-26 17:50:00+00:00,113.155,113.26,113.0002,113.21,1645506
2025-03-26 17:55:00+00:00,113.21,113.26,112.91,112.94,1763001
2025-03-26 18:00:00+00:00,112.945,113.12,112.77,112.9365,1951038
2025-03-26 18:05:00+00:00,112.93,113.03,112.815,113.005,1796177
2025-03-26 18:10:00+00:00,113.0,113.21,112.96,113.15,2000360
2025-03-26 18:15:00+00:00,113.155,113.39,113.075,113.3344,2325521
2025-03-26 18:20:00+00:00,113.33,113.57,113.31,113.5299,2220987
2025-03-26 18:25:00+00:00,113.5299,113.79,113.48,113.645,2661660
2025-03-26 18:30:00+00:00,113.65,113.78,113.43,113.4397,1886602
2025-03-26 18:35:00+00:00,113.44,113.56,113.28,113.315,1582620
2025-03-26 18:40:00+00:00,113.32,113.4,113.05,113.09,1823131
2025-03-26 18:45:00+00:00,113.0932,113.14,112.81,113.015,2708627
2025-03-26 18:50:00+00:00,113.015,113.095,112.8844,112.9402,2149728
2025-03-26 18:55:00+00:00,112.95,112.95,112.765,112.8399,2104713
2025-03-26 19:00:00+00:00,112.835,113.5,112.83,113.3999,3398245
2025-03-26 19:05:00+00:00,113.395,113.45,113.12,113.325,2220503
2025-03-26 19:10:00+00:00,113.32,113.38,113.17,113.26,1533297
2025-03-26 19:15:00+00:00,113.265,113.7,113.21,113.6502,2877609
2025-03-26 19:20:00+00:00,113.655,113.73,113.5,113.6199,2044353
2025-03-26 19:25:00+00:00,113.615,113.65,113.25,113.265,2546180
2025-03-26 19:30:00+00:00,113.265,113.47,113.18,113.445,2577977
2025-03-26 19:35:00+00:00,113.435,113.49,113.26,113.375,2068100
2025-03-26 19:40:00+00:00,113.375,113.6775,113.36,113.625,2948118
2025-03-26 19:45:00+00:00,113.625,114.125,113.52,114.01,3797596
2025-03-26 19:50:00+00:00,114.01,114.15,113.635,113.87,4719052
2025-03-26 19:55:00+00:00,113.86,114.0,113.61,113.69,7941136
2025-03-26 20:00:00+00:00,113.76,113.85,113.3,113.31,21600732
2025-03-26 20:05:00+00:00,113.3583,113.76,113.31,113.58,212777
2025-03-26 20:10:00+00:00,113.59,113.76,113.45,113.45,120972
2025-03-26 20:15:00+00:00,113.46,113.51,113.38,113.45,491319
2025-03-26 20:20:00+00:00,113.4499,113.45,113.37,113.44,1159748
2025-03-26 20:25:00+00:00,113.44,113.44,113.33,113.4,258099
2025-03-26 20:30:00+00:00,113.39,113.71,113.35,113.53,221478
2025-03-26 20:35:00+00:00,113.5399,113.54,113.4,113.5088,66102
2025-03-26 20:40:00+00:00,113.47,113.55,113.44,113.4993,67542
2025-03-26 20:45:00+00:00,113.47,113.52,113.46,113.51,66805
2025-03-26 20:50:00+00:00,113.51,113.6,113.4884,113.53,75289
2025-03-26 20:55:00+00:00,113.54,113.55,113.45,113.5,61733
2025-03-26 21:00:00+00:00,113.4999,113.5,113.38,113.42,57179
2025-03-26 21:05:00+00:00,113.38,113.49,113.36,113.46,58658
2025-03-26 21:10:00+00:00,113.47,113.52,113.45,113.5197,45793
2025-03-26 21:15:00+00:00,113.52,113.6185,113.4517,113.51,84719
2025-03-26 21:20:00+00:00,113.53,113.5493,113.42,113.48,51859
2025-03-26 21:25:00+00:00,113.48,113.52,113.42,113.45,47471
2025-03-26 21:30:00+00:00,113.45,113.51,113.4035,113.49,51088
2025-03-26 21:35:00+00:00,113.5,113.5,113.3,113.31,75788
2025-03-26 21:40:00+00:00,113.3,113.4,113.3,113.4,52816
2025-03-26 21:45:00+00:00,113.4,113.48,113.35,113.4402,74442
2025-03-26 21:50:00+00:00,113.44,113.5,113.28,113.34,79397
2025-03-26 21:55:00+00:00,113.38,113.4,113.2701,113.3,59239
2025-03-26 22:00:00+00:00,113.3,113.47,113.23,113.39,81410
2025-03-26 22:05:00+00:00,113.39,113.46,113.11,113.12,132891
2025-03-26 22:10:00+00:00,113.149,113.149,112.71,112.71,283068
2025-03-26 22:15:00+00:00,112.72,112.79,112.27,112.28,288949
2025-03-26 22:20:00+00:00,112.25,112.3,112.01,112.2,338280
2025-03-26 22:25:00+00:00,112.15,112.2695,112.11,112.2,148933
2025-03-26 22:30:00+00:00,112.1807,112.55,112.1807,112.53,183804
2025-03-26 22:35:00+00:00,112.53,112.58,112.4,112.5504,157989
2025-03-26 22:40:00+00:00,112.59,112.6395,112.38,112.5,81643
2025-03-26 22:45:00+00:00,112.4999,112.57,112.38,112.47,90824
2025-03-26 22:50:00+00:00,112.4508,112.5,112.42,112.48,37863
2025-03-26 22:55:00+00:00,112.48,112.49,112.3,112.41,88180
2025-03-26 23:00:00+00:00,112.4299,112.4299,112.32,112.35,43546
2025-03-26 23:05:00+00:00,112.35,112.35,112.11,112.1699,136158
2025-03-26 23:10:00+00:00,112.16,112.18,112.01,112.01,137618
2025-03-26 23:15:00+00:00,112.0199,112.03,111.8,111.9898,253755
2025-03-26 23:20:00+00:00,112.0,112.0297,111.93,111.98,114517
2025-03-26 23:25:00+00:00,111.99,112.099,111.95,112.04,74176
2025-03-26 23:30:00+00:00,112.05,112.18,112.04,112.07,125714
2025-03-26 23:35:00+00:00,112.099,112.13,112.05,112.08,69309
2025-03-26 23:40:00+00:00,112.081,112.14,112.05,112.09,68658
2025-03-26 23:45:00+00:00,112.1,112.26,112.07,112.14,177148
2025-03-26 23:50:00+00:00,112.14,112.26,112.12,112.25,115487
2025-03-26 23:55:00+00:00,112.25,112.44,112.2,112.21,157816
2025-03-27 08:00:00+00:00,111.61,112.45,111.61,112.21,149948
2025-03-27 08:05:00+00:00,112.19,112.22,111.73,111.75,91491
2025-03-27 08:10:00+00:00,111.76,111.87,111.54,111.72,99445
2025-03-27 08:15:00+00:00,111.73,112.13,111.71,112.13,70776
2025-03-27 08:20:00+00:00,112.14,112.2,112.02,112.15,50746
2025-03-27 08:25:00+00:00,112.12,112.17,111.97,112.06,35672
2025-03-27 08:30:00+00:00,112.09,112.39,112.09,112.3,47142
2025-03-27 08:35:00+00:00,112.32,112.37,112.25,112.29,38528
2025-03-27 08:40:00+00:00,112.29,112.51,112.24,112.4,92940
2025-03-27 08:45:00+00:00,112.34,112.39,112.11,112.25,40103
2025-03-27 08:50:00+00:00,112.24,112.3,112.1,112.3,17213
2025-03-27 08:55:00+00:00,112.29,112.7,112.25,112.63,70841
2025-03-27 09:00:00+00:00,112.63,112.96,112.41,112.87,56024
2025-03-27 09:05:00+00:00,112.88,113.0,112.79,112.83,84747
2025-03-27 09:10:00+00:00,112.82,113.31,112.8,113.31,75343
2025-03-27 09:15:00+00:00,113.31,113.44,113.13,113.19,72072
2025-03-27 09:20:00+00:00,113.18,113.27,113.0,113.2,43057
2025-03-27 09:25:00+00:00,113.18,113.32,113.13,113.15,34282
2025-03-27 09:30:00+00:00,113.12,113.15,112.9,112.96,34974
2025-03-27 09:35:00+00:00,112.96,112.97,112.6,112.73,60283
2025-03-27 09:40:00+00:00,112.74,112.78,112.58,112.75,40252
2025-03-27 09:45:00+00:00,112.75,112.94,112.73,112.89,30529
2025-03-27 09:50:00+00:00,112.89,112.99,112.83,112.93,27472
2025-03-27 09:55:00+00:00,112.88,112.98,112.8,112.92,13920
2025-03-27 10:00:00+00:00,112.95,113.13,112.89,113.13,33255
2025-03-27 10:05:00+00:00,113.12,113.12,112.72,112.81,63605
2025-03-27 10:10:00+00:00,112.83,112.99,112.72,112.88,35760
2025-03-27 10:15:00+00:00,112.82,112.87,112.7,112.76,31992
2025-03-27 10:20:00+00:00,112.73,112.89,112.7,112.89,23602
2025-03-27 10:25:00+00:00,112.89,112.97,112.74,112.78,26429
2025-03-27 10:30:00+00:00,112.78,112.9,112.59,112.68,36397
2025-03-27 10:35:00+00:00,112.68,112.79,112.68,112.69,21408
2025-03-27 10:40:00+00:00,112.67,112.7,112.6,112.6,19841
2025-03-27 10:45:00+00:00,112.56,112.66,112.49,112.55,35584
2025-03-27 10:50:00+00:00,112.56,112.58,112.47,112.5,27226
2025-03-27 10:55:00+00:00,112.5,112.5,112.22,112.28,53375
2025-03-27 11:00:00+00:00,112.29,112.49,111.9,112.15,278973
2025-03-27 11:05:00+00:00,112.14,112.28,112.05,112.11,76693
2025-03-27 11:10:00+00:00,112.11,112.19,111.8,111.99,113463
2025-03-27 11:15:00+00:00,112.0,112.12,111.75,111.99,97455
2025-03-27 11:20:00+00:00,111.96,111.98,111.84,111.9,85434
2025-03-27 11:25:00+00:00,111.9,111.93,111.65,111.74,105253
2025-03-27 11:30:00+00:00,111.74,111.85,111.7,111.75,63321
2025-03-27 11:35:00+00:00,111.76,111.99,111.76,111.96,95979
2025-03-27 11:40:00+00:00,111.99,111.99,111.82,111.93,47725
2025-03-27 11:45:00+00:00,111.94,112.0,111.92,111.95,65375
2025-03-27 11:50:00+00:00,111.94,111.95,111.79,111.89,39177
2025-03-27 11:55:00+00:00,111.89,112.0,111.84,111.97,45384
2025-03-27 12:00:00+00:00,111.96,113.39,111.65,111.88,1352589
2025-03-27 12:05:00+00:00,111.86,111.89,111.7601,111.84,109237
2025-03-27 12:10:00+00:00,111.8305,111.85,111.78,111.84,87954
2025-03-27 12:15:00+00:00,111.82,111.83,111.77,111.82,111326
2025-03-27 12:20:00+00:00,111.82,111.83,111.72,111.7501,134387
2025-03-27 12:25:00+00:00,111.76,111.76,111.55,111.593,262833
2025-03-27 12:30:00+00:00,111.64,112.11,111.59,111.82,439894
2025-03-27 12:35:00+00:00,111.86,112.1,111.8,111.9492,208655
2025-03-27 12:40:00+00:00,111.91,112.1,111.8,111.97,240856
2025-03-27 12:45:00+00:00,111.9404,112.02,111.58,111.68,416164
2025-03-27 12:50:00+00:00,111.6899,111.9,111.651,111.84,169296
2025-03-27 12:55:00+00:00,111.86,112.05,111.821,111.93,224000
2025-03-27 13:00:00+00:00,111.94,112.04,111.8,111.8399,150805
2025-03-27 13:05:00+00:00,111.83,111.89,111.69,111.81,294497
2025-03-27 13:10:00+00:00,111.83,111.93,111.79,111.81,207960
2025-03-27 13:15:00+00:00,111.81,111.88,111.6,111.8,309733
2025-03-27 13:20:00+00:00,111.81,111.85,111.56,111.6295,221838
2025-03-27 13:25:00+00:00,111.6,111.6,111.2401,111.35,452305
2025-03-27 13:30:00+00:00,111.35,112.58,110.66,111.6401,12556173
2025-03-27 13:35:00+00:00,111.65,111.81,110.7,110.71,8003309
2025-03-27 13:40:00+00:00,110.71,111.69,110.695,111.68,6409916
2025-03-27 13:45:00+00:00,111.67,112.65,111.66,112.556,5922848
2025-03-27 13:50:00+00:00,112.56,113.23,112.1522,112.995,5361054
2025-03-27 13:55:00+00:00,112.99,113.29,112.67,112.7852,3926831
2025-03-27 14:00:00+00:00,112.79,113.06,112.49,112.71,3708680
2025-03-27 14:05:00+00:00,112.715,113.06,112.22,112.3563,3825831
2025-03-27 14:10:00+00:00,112.3725,112.95,112.0701,112.9,3386504
2025-03-27 14:15:00+00:00,112.9,112.95,112.53,112.72,2369427
2025-03-27 14:20:00+00:00,112.7201,112.8,112.3,112.5001,2462473
2025-03-27 14:25:00+00:00,112.505,112.85,112.3701,112.815,2267073
2025-03-27 14:30:00+00:00,112.81,113.13,112.65,113.0874,2653752
2025-03-27 14:35:00+00:00,113.0856,113.77,113.04,113.538,4225878
2025-03-27 14:40:00+00:00,113.5344,113.89,113.28,113.575,3374182
2025-03-27 14:45:00+00:00,113.575,113.81,113.365,113.4,2572331
2025-03-27 14:50:00+00:00,113.405,114.17,113.23,114.165,3627699
2025-03-27 14:55:00+00:00,114.17,114.45,113.92,114.0757,3738568
2025-03-27 15:00:00+00:00,114.0799,114.15,113.74,114.145,2599243
2025-03-27 15:05:00+00:00,114.15,114.32,113.69,113.79,2923880
2025-03-27 15:10:00+00:00,113.79,113.86,113.46,113.595,2558255
2025-03-27 15:15:00+00:00,113.595,113.66,113.27,113.65,2282447
2025-03-27 15:20:00+00:00,113.6556,113.767,113.385,113.6899,1816445
2025-03-27 15:25:00+00:00,113.68,113.77,113.47,113.55,1552649
2025-03-27 15:30:00+00:00,113.55,113.56,112.9108,112.96,2702978
2025-03-27 15:35:00+00:00,112.955,113.18,112.75,112.83,2404767
2025-03-27 15:40:00+00:00,112.82,112.845,112.55,112.725,2261466
2025-03-27 15:45:00+00:00,112.72,112.85,112.3,112.39,3120465
2025-03-27 15:50:00+00:00,112.38,112.76,112.36,112.75,2095350
2025-03-27 15:55:00+00:00,112.75,112.8,112.1,112.205,2944153
2025-03-27 16:00:00+00:00,112.21,112.28,112.02,112.15,2332961
2025-03-27 16:05:00+00:00,112.1356,112.45,111.96,112.405,3263704
2025-03-27 16:10:00+00:00,112.405,112.59,112.27,112.525,1985918
2025-03-27 16:15:00+00:00,112.53,113.05,112.48,112.985,2273892
2025-03-27 16:20:00+00:00,112.99,113.05,112.68,112.695,1809738
2025-03-27 16:25:00+00:00,112.6999,112.72,112.4508,112.505,1780391
2025-03-27 16:30:00+00:00,112.5,112.79,112.48,112.59,1611541
2025-03-27 16:35:00+00:00,112.585,112.63,112.32,112.4285,1434485
2025-03-27 16:40:00+00:00,112.425,112.7,112.28,112.59,1335793
2025-03-27 16:45:00+00:00,112.5801,112.65,112.18,112.185,1399915
2025-03-27 16:50:00+00:00,112.185,112.3,112.03,112.245,1452426
2025-03-27 16:55:00+00:00,112.245,112.27,111.75,111.795,2173949
2025-03-27 17:00:00+00:00,111.795,112.03,111.7,111.8644,1999362
2025-03-27 17:05:00+00:00,111.87,112.0,111.7,111.885,1490318
2025-03-27 17:10:00+00:00,111.885,112.185,111.8,112.155,1330716
2025-03-27 17:15:00+00:00,112.155,112.33,112.1301,112.2086,1150676
2025-03-27 17:20:00+00:00,112.21,112.25,111.86,112.0686,1738928
2025-03-27 17:25:00+00:00,112.0656,112.07,111.65,111.6914,1343644
2025-03-27 17:30:00+00:00,111.69,111.88,111.66,111.755,1463418
2025-03-27 17:35:00+00:00,111.75,111.76,111.52,111.69,1567801
2025-03-27 17:40:00+00:00,111.705,111.78,111.5701,111.74,1234973
2025-03-27 17:45:00+00:00,111.74,112.23,111.74,112.2099,1677176
2025-03-27 17:50:00+00:00,112.205,112.43,111.765,111.8,1859763
2025-03-27 17:55:00+00:00,111.79,112.01,111.79,111.904,1221641
2025-03-27 18:00:00+00:00,111.9,112.185,111.83,112.125,1466275
2025-03-27 18:05:00+00:00,112.1256,112.535,112.1,112.3888,2116671
2025-03-27 18:10:00+00:00,112.38,112.475,112.06,112.28,1784174
2025-03-27 18:15:00+00:00,112.285,112.44,112.12,112.175,1410380
2025-03-27 18:20:00+00:00,112.1789,112.295,112.07,112.1612,1360636
2025-03-27 18:25:00+00:00,112.1664,112.28,112.03,112.145,1276235
2025-03-27 18:30:00+00:00,112.14,112.24,111.94,112.2099,1247157
2025-03-27 18:35:00+00:00,112.21,112.455,112.1501,112.39,1311654
2025-03-27 18:40:00+00:00,112.395,112.73,112.35,112.5779,1734895
2025-03-27 18:45:00+00:00,112.58,112.72,112.54,112.6715,991620
2025-03-27 18:50:00+00:00,112.67,112.87,112.63,112.742,1571169
2025-03-27 18:55:00+00:00,112.73,112.75,112.175,112.22,1625961
2025-03-27 19:00:00+00:00,112.215,112.395,112.155,112.355,1233869
2025-03-27 19:05:00+00:00,112.355,112.44,112.23,112.275,1115948
2025-03-27 19:10:00+00:00,112.28,112.72,112.24,112.7089,1326277
2025-03-27 19:15:00+00:00,112.705,112.78,112.53,112.615,1371857
2025-03-27 19:20:00+00:00,112.6156,112.97,112.55,112.7701,1842180
2025-03-27 19:25:00+00:00,112.77,112.815,112.6201,112.67,1331293
2025-03-27 19:30:00+00:00,112.6637,112.685,112.37,112.535,1747386
2025-03-27 19:35:00+00:00,112.54,112.57,112.35,112.37,1438145
2025-03-27 19:40:00+00:00,112.38,112.49,112.07,112.155,2318911
2025-03-27 19:45:00+00:00,112.155,112.17,111.97,112.0991,1755323
2025-03-27 19:50:00+00:00,112.09,112.1,111.18,111.445,5105999
2025-03-27 19:55:00+00:00,111.44,111.68,111.25,111.43,6761779
2025-03-27 20:00:00+00:00,111.43,111.5,111.07,111.41,23183438
2025-03-27 20:05:00+00:00,111.4195,111.569,111.4,111.46,2905903
2025-03-27 20:10:00+00:00,111.47,111.49,111.43,111.44,97844
2025-03-27 20:15:00+00:00,111.43,111.45,111.42,111.4399,74810
2025-03-27 20:20:00+00:00,111.4301,111.64,111.4,111.6393,149601
2025-03-27 20:25:00+00:00,111.6391,111.64,111.51,111.5908,100392
2025-03-27 20:30:00+00:00,111.6097,111.61,111.55,111.5605,67112
2025-03-27 20:35:00+00:00,111.57,111.64,111.57,111.6399,61429
2025-03-27 20:40:00+00:00,111.64,111.82,111.6332,111.73,108497
2025-03-27 20:45:00+00:00,111.7201,111.85,111.72,111.73,4840625
2025-03-27 20:50:00+00:00,111.7104,111.8,111.67,111.6701,50998
2025-03-27 20:55:00+00:00,111.68,111.75,111.65,111.65,61460
2025-03-27 21:00:00+00:00,111.65,111.72,111.62,111.62,24682
2025-03-27 21:05:00+00:00,111.62,111.6501,111.43,111.6501,32111
2025-03-27 21:10:00+00:00,111.67,111.67,111.5418,111.64,42565
2025-03-27 21:15:00+00:00,111.6,111.638,111.47,111.5,66995
2025-03-27 21:20:00+00:00,111.48,111.57,111.45,111.49,41472
2025-03-27 21:25:00+00:00,111.49,111.6083,111.47,111.6083,21168
2025-03-27 21:30:00+00:00,111.58,111.7,111.55,111.66,34859
2025-03-27 21:35:00+00:00,111.64,111.7,111.61,111.69,18952
2025-03-27 21:40:00+00:00,111.68,111.68,111.6,111.65,27031
2025-03-27 21:45:00+00:00,111.6696,111.67,111.63,111.6599,12720
2025-03-27 21:50:00+00:00,111.66,111.68,111.61,111.62,21137
2025-03-27 21:55:00+00:00,111.6393,111.64,111.6,111.61,17372
2025-03-27 22:00:00+00:00,111.6,111.64,111.59,111.64,15686
2025-03-27 22:05:00+00:00,111.63,111.63,111.55,111.57,32313
2025-03-27 22:10:00+00:00,111.55,111.58,111.55,111.5529,20611
2025-03-27 22:15:00+00:00,111.59,111.5999,111.55,111.5702,13777
2025-03-27 22:20:00+00:00,111.58,111.63,111.58,111.63,19355
2025-03-27 22:25:00+00:00,111.6107,111.63,111.55,111.5601,26172
2025-03-27 22:30:00+00:00,111.5786,111.62,111.56,111.6,12281
2025-03-27 22:35:00+00:00,111.62,111.66,111.6,111.6302,26796
2025-03-27 22:40:00+00:00,111.64,111.64,111.55,111.56,19318
2025-03-27 22:45:00+00:00,111.569,111.68,111.569,111.6402,60008
2025-03-27 22:50:00+00:00,111.6499,111.66,111.62,111.62,14302
2025-03-27 22:55:00+00:00,111.63,111.63,111.6,111.6102,17254
2025-03-27 23:00:00+00:00,111.62,111.62,111.53,111.5307,21950
2025-03-27 23:05:00+00:00,111.5307,111.59,111.4602,111.5,39216
2025-03-27 23:10:00+00:00,111.51,111.58,111.43,111.43,27864
2025-03-27 23:15:00+00:00,111.451,111.49,111.42,111.45,29488
2025-03-27 23:20:00+00:00,111.44,111.49,111.3,111.3533,48556
2025-03-27 23:25:00+00:00,111.3518,111.3985,111.31,111.34,22194
2025-03-27 23:30:00+00:00,111.33,111.35,111.27,111.31,36278
2025-03-27 23:35:00+00:00,111.32,111.35,111.28,111.31,24183
2025-03-27 23:40:00+00:00,111.29,111.31,111.25,111.2998,50509
2025-03-27 23:45:00+00:00,111.2998,111.31,111.27,111.3,32478
2025-03-27 23:50:00+00:00,111.3,111.31,111.29,111.31,36688
2025-03-27 23:55:00+00:00,111.3098,111.3098,111.25,111.2699,63220
2025-03-28 08:00:00+00:00,111.0,111.32,111.0,111.29,102454
2025-03-28 08:05:00+00:00,111.27,111.28,110.74,111.1,82592
2025-03-28 08:10:00+00:00,111.1,111.1,110.9,111.08,34267
2025-03-28 08:15:00+00:00,111.06,111.16,111.0,111.16,43028
2025-03-28 08:20:00+00:00,111.16,111.17,110.91,110.91,30654
2025-03-28 08:25:00+00:00,110.94,110.99,110.77,110.99,42697
2025-03-28 08:30:00+00:00,110.99,110.99,110.79,110.8,22960
2025-03-28 08:35:00+00:00,110.81,111.15,110.76,111.15,49286
2025-03-28 08:40:00+00:00,111.15,111.26,111.1,111.24,26449
2025-03-28 08:45:00+00:00,111.23,111.47,111.14,111.45,74565
2025-03-28 08:50:00+00:00,111.45,111.64,111.35,111.53,47157
2025-03-28 08:55:00+00:00,111.53,111.74,111.51,111.53,36712
2025-03-28 09:00:00+00:00,111.54,111.65,111.46,111.54,24230
2025-03-28 09:05:00+00:00,111.56,111.59,111.39,111.48,35624
2025-03-28 09:10:00+00:00,111.53,111.78,111.5,111.77,39660
2025-03-28 09:15:00+00:00,111.75,111.8,111.62,111.77,30562
2025-03-28 09:20:00+00:00,111.77,111.8,111.63,111.79,17576
2025-03-28 09:25:00+00:00,111.78,111.85,111.69,111.77,27264
2025-03-28 09:30:00+00:00,111.78,111.78,111.63,111.78,18321
2025-03-28 09:35:00+00:00,111.75,111.75,111.46,111.5,27511
2025-03-28 09:40:00+00:00,111.49,111.66,111.46,111.63,21646
2025-03-28 09:45:00+00:00,111.63,111.63,111.48,111.49,16525
2025-03-28 09:50:00+00:00,111.49,111.5,111.31,111.36,25406
2025-03-28 09:55:00+00:00,111.36,111.4,111.3,111.4,20174
2025-03-28 10:00:00+00:00,111.37,111.46,111.37,111.44,12514
2025-03-28 10:05:00+00:00,111.46,111.58,111.38,111.55,26681
2025-03-28 10:10:00+00:00,111.53,111.66,111.53,111.61,18723
2025-03-28 10:15:00+00:00,111.6,111.67,111.6,111.65,14338
2025-03-28 10:20:00+00:00,111.66,111.78,111.61,111.74,22528
2025-03-28 10:25:00+00:00,111.71,111.98,111.7,111.94,48838
2025-03-28 10:30:00+00:00,111.94,112.3,111.88,112.3,95799
2025-03-28 10:35:00+00:00,112.28,112.38,112.11,112.21,59840
2025-03-28 10:40:00+00:00,112.2,112.26,112.03,112.03,22988
2025-03-28 10:45:00+00:00,112.04,112.35,111.91,112.17,46534
2025-03-28 10:50:00+00:00,112.17,112.18,111.98,112.02,20083
2025-03-28 10:55:00+00:00,112.03,112.1,112.01,112.09,13260
2025-03-28 11:00:00+00:00,112.1,112.13,111.82,111.85,83814
2025-03-28 11:05:00+00:00,111.84,111.92,111.79,111.9,42139
2025-03-28 11:10:00+00:00,111.92,112.01,111.81,111.84,55479
2025-03-28 11:15:00+00:00,111.83,112.0,111.83,111.94,24569
2025-03-28 11:20:00+00:00,111.94,112.08,111.92,112.0,44229
2025-03-28 11:25:00+00:00,111.99,112.25,111.88,111.93,60835
2025-03-28 11:30:00+00:00,111.86,111.98,111.65,111.87,72578
2025-03-28 11:35:00+00:00,111.87,111.88,111.72,111.8,32417
2025-03-28 11:40:00+00:00,111.8,111.92,111.8,111.87,18018
2025-03-28 11:45:00+00:00,111.85,111.9,111.77,111.87,31026
2025-03-28 11:50:00+00:00,111.84,111.9,111.72,111.85,23312
2025-03-28 11:55:00+00:00,111.89,111.94,111.83,111.89,18577
2025-03-28 12:00:00+00:00,112.08,112.37,110.7604,111.9,708741
2025-03-28 12:05:00+00:00,111.88,111.9785,111.85,111.93,41713
2025-03-28 12:10:00+00:00,111.9,111.95,111.8522,111.9104,43205
2025-03-28 12:15:00+00:00,111.914,112.15,111.89,112.0108,2783474
2025-03-28 12:20:00+00:00,112.08,112.16,112.05,112.1111,98526
2025-03-28 12:25:00+00:00,112.13,112.2,111.8,112.08,144866
2025-03-28 12:30:00+00:00,112.06,112.07,111.6,111.7499,225946
2025-03-28 12:35:00+00:00,111.7284,111.75,111.2,111.29,212837
2025-03-28 12:40:00+00:00,111.29,111.67,111.2,111.58,219275
2025-03-28 12:45:00+00:00,111.5604,111.69,111.36,111.53,2148180
2025-03-28 12:50:00+00:00,111.5295,111.61,111.33,111.4,104583
2025-03-28 12:55:00+00:00,111.4396,111.56,111.25,111.29,127871
2025-03-28 13:00:00+00:00,111.26,111.32,111.15,111.19,125028
2025-03-28 13:05:00+00:00,111.18,111.63,111.18,111.4407,191589
2025-03-28 13:10:00+00:00,111.48,111.8,111.43,111.7998,207492
2025-03-28 13:15:00+00:00,111.8,112.04,111.7903,111.92,219641
2025-03-28 13:20:00+00:00,111.91,112.08,111.84,112.03,139652
2025-03-28 13:25:00+00:00,112.0,112.0,111.35,111.46,263875
2025-03-28 13:30:00+00:00,111.485,111.88,110.81,111.665,7053544
2025-03-28 13:35:00+00:00,111.65,112.3581,111.51,112.18,5146852
2025-03-28 13:40:00+00:00,112.175,112.87,111.92,111.9812,6447714
2025-03-28 13:45:00+00:00,112.0,112.405,111.72,112.06,3819199
2025-03-28 13:50:00+00:00,112.065,112.2799,111.24,111.65,3794489
2025-03-28 13:55:00+00:00,111.65,111.66,111.23,111.56,2836098
2025-03-28 14:00:00+00:00,111.56,111.84,111.1,111.27,3824128
2025-03-28 14:05:00+00:00,111.2601,111.31,110.22,110.3589,5727328
2025-03-28 14:10:00+00:00,110.32,110.54,109.825,110.31,6983979
2025-03-28 14:15:00+00:00,110.301,110.46,109.83,109.965,3869363
2025-03-28 14:20:00+00:00,109.9601,110.21,109.6,109.935,4315392
2025-03-28 14:25:00+00:00,109.94,110.0,109.26,109.2788,3739094
2025-03-28 14:30:00+00:00,109.28,109.68,109.105,109.46,4209364
2025-03-28 14:35:00+00:00,109.46,109.96,109.0701,109.8975,4140528
2025-03-28 14:40:00+00:00,109.8901,110.0,109.5821,109.975,2836144
2025-03-28 14:45:00+00:00,109.98,110.11,109.57,109.6993,2458466
2025-03-28 14:50:00+00:00,109.69,110.0,109.61,109.885,1931263
2025-03-28 14:55:00+00:00,109.88,109.89,109.47,109.72,2382630
2025-03-28 15:00:00+00:00,109.72,109.75,109.28,109.445,2277528
2025-03-28 15:05:00+00:00,109.44,109.69,109.36,109.65,1817783
2025-03-28 15:10:00+00:00,109.655,110.09,109.655,109.9701,2934823
2025-03-28 15:15:00+00:00,109.975,110.15,109.76,109.83,2224106
2025-03-28 15:20:00+00:00,109.8222,110.0,109.48,109.535,1925488
2025-03-28 15:25:00+00:00,109.5376,109.85,109.51,109.655,1667959
2025-03-28 15:30:00+00:00,109.655,110.0,109.54,109.96,1974826
2025-03-28 15:35:00+00:00,109.96,110.1,109.86,110.085,2022044
2025-03-28 15:40:00+00:00,110.09,110.1839,109.77,110.0701,2032812
2025-03-28 15:45:00+00:00,110.075,110.14,109.84,110.1056,1754980
2025-03-28 15:50:00+00:00,110.1,110.15,109.6,109.6007,1842148
2025-03-28 15:55:00+00:00,109.6086,109.69,109.3688,109.385,1981625
2025-03-28 16:00:00+00:00,109.39,109.76,109.38,109.735,1612035
2025-03-28 16:05:00+00:00,109.7385,110.05,109.66,109.799,1873315
2025-03-28 16:10:00+00:00,109.7985,109.89,109.68,109.7199,1323237
2025-03-28 16:15:00+00:00,109.715,109.8,109.11,109.13,2580558
2025-03-28 16:20:00+00:00,109.1297,109.43,109.1,109.405,2589494
2025-03-28 16:25:00+00:00,109.405,109.73,109.315,109.585,2726591
2025-03-28 16:30:00+00:00,109.58,110.145,109.57,110.035,2774456
2025-03-28 16:35:00+00:00,110.04,110.1,109.76,109.8444,2110313
2025-03-28 16:40:00+00:00,109.84,110.075,109.78,109.78,1602190
2025-03-28 16:45:00+00:00,109.78,110.07,109.755,109.765,1680541
2025-03-28 16:50:00+00:00,109.765,109.98,109.715,109.875,1660476
2025-03-28 16:55:00+00:00,109.88,109.88,109.43,109.515,2125972
2025-03-28 17:00:00+00:00,109.51,109.61,109.31,109.545,1468342
2025-03-28 17:05:00+00:00,109.545,109.58,109.25,109.3198,1746586
2025-03-28 17:10:00+00:00,109.315,109.63,109.24,109.53,1724344
2025-03-28 17:15:00+00:00,109.5399,109.97,109.44,109.88,2046198
2025-03-28 17:20:00+00:00,109.8779,109.99,109.77,109.77,1796910
2025-03-28 17:25:00+00:00,109.76,109.84,109.4,109.49,2143434
2025-03-28 17:30:00+00:00,109.485,109.721,109.47,109.62,1396640
2025-03-28 17:35:00+00:00,109.63,109.7899,109.36,109.755,1661994
2025-03-28 17:40:00+00:00,109.755,109.7975,109.55,109.64,1275048
2025-03-28 17:45:00+00:00,109.6394,109.9,109.55,109.5882,1470164
2025-03-28 17:50:00+00:00,109.58,109.72,109.5,109.6383,1014637
2025-03-28 17:55:00+00:00,109.635,109.93,109.57,109.89,1737244
2025-03-28 18:00:00+00:00,109.88,109.97,109.7,109.795,1728484
2025-03-28 18:05:00+00:00,109.795,110.1,109.75,110.08,2166621
2025-03-28 18:10:00+00:00,110.075,110.4182,110.01,110.145,2433686
2025-03-28 18:15:00+00:00,110.14,110.33,109.99,110.145,1824298
2025-03-28 18:20:00+00:00,110.14,110.28,109.92,110.015,1643206
2025-03-28 18:25:00+00:00,110.015,110.15,109.95,110.01,1539523
2025-03-28 18:30:00+00:00,110.01,110.19,109.96,110.12,1328604
2025-03-28 18:35:00+00:00,110.115,110.16,109.8628,109.895,1396013
2025-03-28 18:40:00+00:00,109.89,110.06,109.87,110.04,1123752
2025-03-28 18:45:00+00:00,110.0301,110.105,109.87,109.96,1288567
2025-03-28 18:50:00+00:00,109.97,110.2,109.93,110.14,1818296
2025-03-28 18:55:00+00:00,110.1482,110.39,110.13,110.3844,1775395
2025-03-28 19:00:00+00:00,110.3801,110.53,110.33,110.415,2260591
2025-03-28 19:05:00+00:00,110.4187,110.61,110.3488,110.38,2103746
2025-03-28 19:10:00+00:00,110.38,110.3899,110.09,110.115,2079290
2025-03-28 19:15:00+00:00,110.12,110.225,109.9,110.1944,2157125
2025-03-28 19:20:00+00:00,110.19,110.23,109.96,110.166,1740847
2025-03-28 19:25:00+00:00,110.165,110.23,109.86,109.91,2131225
2025-03-28 19:30:00+00:00,109.91,110.0786,109.62,109.62,2280613
2025-03-28 19:35:00+00:00,109.625,109.84,109.5603,109.785,2577521
2025-03-28 19:40:00+00:00,109.785,109.79,109.43,109.56,3217767
2025-03-28 19:45:00+00:00,109.56,109.71,109.43,109.59,2725894
2025-03-28 19:50:00+00:00,109.59,109.68,109.4,109.605,3809171
2025-03-28 19:55:00+00:00,109.61,109.87,109.5,109.63,6665597
2025-03-28 20:00:00+00:00,109.62,109.8,109.53,109.55,19728595
2025-03-28 20:05:00+00:00,109.54,109.69,109.38,109.38,232546
2025-03-28 20:10:00+00:00,109.38,109.67,109.3,109.38,119884
2025-03-28 20:15:00+00:00,109.3898,109.44,109.35,109.3998,154173
2025-03-28 20:20:00+00:00,109.3991,109.44,109.38,109.42,43801
2025-03-28 20:25:00+00:00,109.42,109.43,109.3,109.35,82093
2025-03-28 20:30:00+00:00,109.341,109.42,109.31,109.4197,52008
2025-03-28 20:35:00+00:00,109.42,111.43,109.32,109.3601,56631
2025-03-28 20:40:00+00:00,109.37,109.3775,109.3,109.34,41307
2025-03-28 20:45:00+00:00,109.34,109.35,109.21,109.28,98202
2025-03-28 20:50:00+00:00,109.28,109.29,109.15,109.15,104277
2025-03-28 20:55:00+00:00,109.1501,109.22,109.1,109.13,119392
2025-03-28 21:00:00+00:00,109.15,109.17,109.1,109.13,73597
2025-03-28 21:05:00+00:00,109.13,109.16,109.07,109.12,109547
2025-03-28 21:10:00+00:00,109.11,109.17,109.08,109.1,68785
2025-03-28 21:15:00+00:00,109.1,109.1297,109.07,109.1,60652
2025-03-28 21:20:00+00:00,109.1,109.11,109.07,109.1,42703
2025-03-28 21:25:00+00:00,109.1,109.15,109.0805,109.15,30869
2025-03-28 21:30:00+00:00,109.14,109.67,109.12,109.16,15897
2025-03-28 21:35:00+00:00,109.18,109.26,109.1507,109.2005,33945
2025-03-28 21:40:00+00:00,109.21,109.3,109.21,109.27,29796
2025-03-28 21:45:00+00:00,109.27,109.29,109.19,109.2,26136
2025-03-28 21:50:00+00:00,109.19,109.27,109.18,109.2181,25238
2025-03-28 21:55:00+00:00,109.2,109.26,109.16,109.26,29868
2025-03-28 22:00:00+00:00,109.26,109.29,109.23,109.25,21477
2025-03-28 22:05:00+00:00,109.23,109.23,109.1333,109.17,19990
2025-03-28 22:10:00+00:00,109.1705,109.2,109.16,109.17,21483
2025-03-28 22:15:00+00:00,109.1698,109.2,109.16,109.17,13926
2025-03-28 22:20:00+00:00,109.1698,109.2,109.1698,109.1801,30126
2025-03-28 22:25:00+00:00,109.1898,109.19,109.07,109.13,49663
2025-03-28 22:30:00+00:00,109.14,109.14,109.07,109.1,28669
2025-03-28 22:35:00+00:00,109.1,109.11,109.09,109.1,11810
2025-03-28 22:40:00+00:00,109.0999,109.11,109.09,109.1,20673
2025-03-28 22:45:00+00:00,109.1,109.1,109.07,109.08,23163
2025-03-28 22:50:00+00:00,109.08,109.08,109.06,109.0781,20346
2025-03-28 22:55:00+00:00,109.07,109.08,109.06,109.07,15687
2025-03-28 23:00:00+00:00,109.07,109.07,109.0,109.0105,67772
2025-03-28 23:05:00+00:00,109.03,109.04,109.0,109.03,26612
2025-03-28 23:10:00+00:00,109.02,109.04,109.0,109.01,15684
2025-03-28 23:15:00+00:00,109.0,109.01,109.0,109.01,21980
2025-03-28 23:20:00+00:00,109.0,109.02,109.0,109.0002,28949
2025-03-28 23:25:00+00:00,109.02,109.04,109.01,109.01,27473
2025-03-28 23:30:00+00:00,109.02,109.02,109.0,109.01,20026
2025-03-28 23:35:00+00:00,109.0,109.02,109.0,109.02,23180
2025-03-28 23:40:00+00:00,109.02,109.02,109.0,109.01,43241
2025-03-28 23:45:00+00:00,109.01,109.01,109.0,109.0,77177
2025-03-28 23:50:00+00:00,109.0001,109.02,109.0,109.02,45786
2025-03-28 23:55:00+00:00,109.01,109.08,109.0,109.0101,75645
2025-03-31 08:00:00+00:00,106.48,107.5,106.05,106.28,228516
2025-03-31 08:05:00+00:00,106.25,106.72,106.0,106.7,202969
2025-03-31 08:10:00+00:00,106.65,106.68,106.38,106.63,84039
2025-03-31 08:15:00+00:00,106.63,106.74,106.26,106.35,66677
2025-03-31 08:20:00+00:00,106.37,106.4,105.96,106.19,137460
2025-03-31 08:25:00+00:00,106.17,106.39,106.06,106.18,57236
2025-03-31 08:30:00+00:00,106.2,106.23,106.03,106.15,57433
2025-03-31 08:35:00+00:00,106.13,106.18,105.88,106.18,111973
2025-03-31 08:40:00+00:00,106.17,106.3,106.09,106.25,63098
2025-03-31 08:45:00+00:00,106.24,106.37,106.1,106.3,42886
2025-03-31 08:50:00+00:00,106.34,106.4,106.29,106.34,59877
2025-03-31 08:55:00+00:00,106.33,106.33,106.01,106.01,67929
2025-03-31 09:00:00+00:00,106.0,106.02,105.79,105.91,97457
2025-03-31 09:05:00+00:00,105.89,105.99,105.79,105.8,69971
2025-03-31 09:10:00+00:00,105.8,105.92,105.59,105.64,78581
2025-03-31 09:15:00+00:00,105.69,105.86,105.69,105.78,79028
2025-03-31 09:20:00+00:00,105.76,105.97,105.73,105.97,39378
2025-03-31 09:25:00+00:00,105.96,106.2,105.91,106.06,50761
2025-03-31 09:30:00+00:00,106.1,106.14,105.93,105.94,24529
2025-03-31 09:35:00+00:00,105.94,105.96,105.83,105.87,36322
2025-03-31 09:40:00+00:00,105.89,106.0,105.72,105.75,56350
2025-03-31 09:45:00+00:00,105.72,105.85,105.68,105.8,48192
2025-03-31 09:50:00+00:00,105.84,105.95,105.7,105.74,34466
2025-03-31 09:55:00+00:00,105.76,105.87,105.7,105.8,39005
2025-03-31 10:00:00+00:00,105.8,106.03,105.8,105.93,64297
2025-03-31 10:05:00+00:00,105.92,105.99,105.85,105.85,20800
2025-03-31 10:10:00+00:00,105.87,105.9,105.62,105.72,85756
2025-03-31 10:15:00+00:00,105.77,105.78,105.56,105.56,42171
2025-03-31 10:20:00+00:00,105.56,105.71,105.25,105.41,139582
2025-03-31 10:25:00+00:00,105.44,105.59,105.4,105.56,46505
2025-03-31 10:30:00+00:00,105.54,105.69,105.47,105.65,41875
2025-03-31 10:35:00+00:00,105.66,105.75,105.6,105.71,30010
2025-03-31 10:40:00+00:00,105.7,105.77,105.62,105.75,33225
2025-03-31 10:45:00+00:00,105.75,105.98,105.68,105.78,49703
2025-03-31 10:50:00+00:00,105.81,105.86,105.65,105.83,55844
2025-03-31 10:55:00+00:00,105.8,105.84,105.64,105.77,39426
2025-03-31 11:00:00+00:00,105.79,106.0,105.4,105.52,271533
2025-03-31 11:05:00+00:00,105.5,105.53,105.11,105.18,204107
2025-03-31 11:10:00+00:00,105.2,105.41,105.1,105.2,136705
2025-03-31 11:15:00+00:00,105.18,105.33,105.12,105.16,120043
2025-03-31 11:20:00+00:00,105.13,105.18,105.06,105.06,109885
2025-03-31 11:25:00+00:00,105.07,105.11,104.8,104.88,470003
2025-03-31 11:30:00+00:00,104.889,105.04,104.79,104.84,139500
2025-03-31 11:35:00+00:00,104.82,105.05,104.79,104.86,203173
2025-03-31 11:40:00+00:00,104.86,104.99,104.79,104.84,119878
2025-03-31 11:45:00+00:00,104.82,105.1,104.7,105.06,184015
2025-03-31 11:50:00+00:00,105.09,105.15,104.95,104.95,93201
2025-03-31 11:55:00+00:00,104.94,105.1,104.94,105.01,59530
2025-03-31 12:00:00+00:00,105.0,106.79,104.7,105.01,2018548
2025-03-31 12:05:00+00:00,105.01,105.15,104.99,105.02,128919
2025-03-31 12:10:00+00:00,105.04,105.066,104.8,104.9202,211681
2025-03-31 12:15:00+00:00,104.92,105.0,104.9,104.9293,143065
2025-03-31 12:20:00+00:00,104.91,105.0699,104.9,105.03,160972
2025-03-31 12:25:00+00:00,105.0296,105.35,105.0,105.28,259447
2025-03-31 12:30:00+00:00,105.27,105.37,105.18,105.36,204340
2025-03-31 12:35:00+00:00,105.36,109.396,105.25,105.55,348200
2025-03-31 12:40:00+00:00,105.53,105.87,105.3,105.82,277281
2025-03-31 12:45:00+00:00,105.8201,105.84,105.67,105.8,184708
2025-03-31 12:50:00+00:00,105.8,106.21,105.76,105.91,455233
2025-03-31 12:55:00+00:00,105.91,105.98,105.75,105.88,174891
2025-03-31 13:00:00+00:00,105.9,106.13,105.82,105.9,200930
2025-03-31 13:05:00+00:00,105.88,106.0,105.74,105.95,167270
2025-03-31 13:10:00+00:00,105.97,106.13,105.68,105.73,215135
2025-03-31 13:15:00+00:00,105.71,105.8,105.519,105.6,188342
2025-03-31 13:20:00+00:00,105.57,105.87,105.5009,105.75,174170
2025-03-31 13:25:00+00:00,105.7,105.7,105.03,105.16,535030
2025-03-31 13:30:00+00:00,105.12,105.7899,104.3,104.49,15764283
2025-03-31 13:35:00+00:00,104.49,105.17,104.26,104.42,8501264
2025-03-31 13:40:00+00:00,104.41,104.48,103.75,103.849,7910614
2025-03-31 13:45:00+00:00,103.84,104.35,103.65,104.175,5672602
2025-03-31 13:50:00+00:00,104.16,104.73,104.0,104.675,5398220
2025-03-31 13:55:00+00:00,104.675,105.15,104.52,104.8001,5787987
2025-03-31 14:00:00+00:00,104.8,105.67,104.73,105.51,5406135
2025-03-31 14:05:00+00:00,105.505,105.93,105.21,105.775,3987093
2025-03-31 14:10:00+00:00,105.77,106.01,105.43,105.545,4510366
2025-03-31 14:15:00+00:00,105.54,105.58,104.49,104.635,4845320
2025-03-31 14:20:00+00:00,104.64,104.89,104.24,104.2644,3962475
2025-03-31 14:25:00+00:00,104.265,104.28,103.7701,103.905,4865200
2025-03-31 14:30:00+00:00,103.895,104.885,103.895,104.735,4390650
2025-03-31 14:35:00+00:00,104.74,104.87,104.1701,104.4,3225702
2025-03-31 14:40:00+00:00,104.385,104.54,103.9,103.961,3830552
2025-03-31 14:45:00+00:00,103.965,104.6284,103.96,104.6,3382300
2025-03-31 14:50:00+00:00,104.6,104.7899,104.3,104.695,3066286
2025-03-31 14:55:00+00:00,104.7,104.81,104.465,104.6801,2107451
2025-03-31 15:00:00+00:00,104.69,105.2,104.68,104.985,3640773
2025-03-31 15:05:00+00:00,104.985,105.27,104.78,104.821,2987744
2025-03-31 15:10:00+00:00,104.82,104.96,104.35,104.43,2907668
2025-03-31 15:15:00+00:00,104.4386,104.86,104.37,104.79,2396051
2025-03-31 15:20:00+00:00,104.795,105.47,104.79,105.405,3444776
2025-03-31 15:25:00+00:00,105.405,105.53,105.14,105.1896,2962292
2025-03-31 15:30:00+00:00,105.18,105.34,104.93,105.31,2890455
2025-03-31 15:35:00+00:00,105.2944,105.67,105.275,105.495,2776733
2025-03-31 15:40:00+00:00,105.495,105.638,105.1,105.3081,2695237
2025-03-31 15:45:00+00:00,105.305,105.52,105.19,105.51,2032025
2025-03-31 15:50:00+00:00,105.51,105.58,105.0,105.3686,1831912
2025-03-31 15:55:00+00:00,105.36,105.47,105.075,105.175,2023453
2025-03-31 16:00:00+00:00,105.18,105.5099,105.11,105.365,1827185
2025-03-31 16:05:00+00:00,105.3685,105.4,105.01,105.11,1728076
2025-03-31 16:10:00+00:00,105.1001,105.14,104.77,105.095,2572176
2025-03-31 16:15:00+00:00,105.1,105.47,105.005,105.42,1778831
2025-03-31 16:20:00+00:00,105.42,105.48,105.25,105.4,1405272
2025-03-31 16:25:00+00:00,105.3849,106.01,105.3801,105.975,2738250
2025-03-31 16:30:00+00:00,105.975,106.0,105.675,105.935,1857684
2025-03-31 16:35:00+00:00,105.94,106.0,105.79,105.995,1515311
2025-03-31 16:40:00+00:00,105.9944,106.25,105.77,105.915,2430348
2025-03-31 16:45:00+00:00,105.91,106.0,105.77,105.9286,1351054
2025-03-31 16:50:00+00:00,105.92,106.0,105.81,105.95,1111836
2025-03-31 16:55:00+00:00,105.95,105.9899,105.36,105.375,2151822
2025-03-31 17:00:00+00:00,105.38,105.73,105.31,105.6881,1730125
2025-03-31 17:05:00+00:00,105.69,106.0,105.62,105.9844,1617490
2025-03-31 17:10:00+00:00,105.995,106.16,105.935,106.01,1809226
2025-03-31 17:15:00+00:00,106.01,106.07,105.58,105.63,1749592
2025-03-31 17:20:00+00:00,105.6297,105.8,105.55,105.7601,1759564
2025-03-31 17:25:00+00:00,105.77,105.88,105.54,105.72,1856991
2025-03-31 17:30:00+00:00,105.7289,105.8,105.6144,105.775,843857
2025-03-31 17:35:00+00:00,105.775,105.98,105.67,105.94,1193018
2025-03-31 17:40:00+00:00,105.94,105.9476,105.62,105.74,1165797
2025-03-31 17:45:00+00:00,105.73,105.835,105.56,105.7381,1122171
2025-03-31 17:50:00+00:00,105.7366,105.98,105.68,105.915,1111698
2025-03-31 17:55:00+00:00,105.915,105.9299,105.59,105.64,1313842
2025-03-31 18:00:00+00:00,105.64,106.01,105.6,105.985,1753354
2025-03-31 18:05:00+00:00,105.99,106.4,105.9103,106.375,2408315
2025-03-31 18:10:00+00:00,106.38,106.78,106.37,106.545,2475976
2025-03-31 18:15:00+00:00,106.54,106.84,106.38,106.829,1977343
2025-03-31 18:20:00+00:00,106.83,106.95,106.6368,106.84,1912480
2025-03-31 18:25:00+00:00,106.841,107.57,106.76,107.5501,3944028
2025-03-31 18:30:00+00:00,107.555,107.855,107.365,107.725,3884594
2025-03-31 18:35:00+00:00,107.725,108.13,107.58,108.125,3199468
2025-03-31 18:40:00+00:00,108.125,108.14,107.91,107.92,2323184
2025-03-31 18:45:00+00:00,107.91,107.915,107.34,107.57,3139382
2025-03-31 18:50:00+00:00,107.56,107.945,107.5303,107.855,2174279
2025-03-31 18:55:00+00:00,107.855,107.87,107.145,107.1801,2613893
2025-03-31 19:00:00+00:00,107.185,107.51,107.15,107.375,1834677
2025-03-31 19:05:00+00:00,107.38,107.59,107.31,107.435,1665718
2025-03-31 19:10:00+00:00,107.44,108.0,107.43,107.65,2750544
2025-03-31 19:15:00+00:00,107.65,107.68,107.31,107.41,2023194
2025-03-31 19:20:00+00:00,107.41,107.7999,107.36,107.67,1985763
2025-03-31 19:25:00+00:00,107.66,107.6702,107.12,107.24,2836999
2025-03-31 19:30:00+00:00,107.25,107.785,107.1301,107.695,2775883
2025-03-31 19:35:00+00:00,107.69,107.76,107.395,107.5588,1951537
2025-03-31 19:40:00+00:00,107.56,108.01,107.55,107.6856,2798711
2025-03-31 19:45:00+00:00,107.66,107.88,107.42,107.6096,2372075
2025-03-31 19:50:00+00:00,107.59,108.36,107.29,107.84,6597366
2025-03-31 19:55:00+00:00,107.84,108.96,107.67,108.77,13997608
2025-03-31 20:00:00+00:00,108.765,108.77,106.0304,107.76,37883084
2025-03-31 20:05:00+00:00,107.7707,108.38,107.65,107.7902,1375854
2025-03-31 20:10:00+00:00,107.8,108.38,107.68,108.0,1550698
2025-03-31 20:15:00+00:00,108.0,108.38,107.91,107.99,62576
2025-03-31 20:20:00+00:00,108.0,108.03,107.95,107.9601,175626
2025-03-31 20:25:00+00:00,107.96,108.0298,107.9,107.9307,45832
2025-03-31 20:30:00+00:00,107.9309,108.38,107.9,107.99,99928
2025-03-31 20:35:00+00:00,108.0,108.38,107.95,107.98,38467
2025-03-31 20:40:00+00:00,107.98,108.15,107.9701,108.1402,70631
2025-03-31 20:45:00+00:00,108.14,108.15,107.97,108.08,50570
2025-03-31 20:50:00+00:00,108.05,108.38,107.93,107.95,46624
2025-03-31 20:55:00+00:00,107.95,107.96,107.91,107.9105,35585
2025-03-31 21:00:00+00:00,107.93,107.94,107.9,107.9,130886
2025-03-31 21:05:00+00:00,107.92,107.92,107.83,107.87,39653
2025-03-31 21:10:00+00:00,107.88,107.88,107.8,107.87,32108
2025-03-31 21:15:00+00:00,107.83,107.84,107.75,107.75,33336
2025-03-31 21:20:00+00:00,107.7503,107.8,107.72,107.78,34984
2025-03-31 21:25:00+00:00,107.76,107.8,107.7,107.8,28739
2025-03-31 21:30:00+00:00,107.82,107.82,107.71,107.7997,20281
2025-03-31 21:35:00+00:00,107.8,107.8,107.71,107.79,1698394
2025-03-31 21:40:00+00:00,107.79,107.85,107.77,107.83,26760
2025-03-31 21:45:00+00:00,107.8299,107.88,107.8299,107.88,20719
2025-03-31 21:50:00+00:00,107.88,107.88,107.86,107.87,13309
2025-03-31 21:55:00+00:00,107.88,107.9,107.87,107.9,13459
2025-03-31 22:00:00+00:00,107.9,107.9,107.81,107.85,27483
2025-03-31 22:05:00+00:00,107.86,107.87,107.76,107.8015,44644
2025-03-31 22:10:00+00:00,107.8,107.801,107.65,107.65,32362
2025-03-31 22:15:00+00:00,107.63,107.78,107.56,107.75,44664
2025-03-31 22:20:00+00:00,107.75,107.77,107.61,107.61,21344
2025-03-31 22:25:00+00:00,107.6399,107.72,107.56,107.65,34215
2025-03-31 22:30:00+00:00,107.64,107.64,107.5825,107.6398,30840
2025-03-31 22:35:00+00:00,107.6,107.75,107.6,107.7,23911
2025-03-31 22:40:00+00:00,107.7199,107.74,107.7,107.73,13021
2025-03-31 22:45:00+00:00,107.73,107.8409,107.6846,107.8099,23470
2025-03-31 22:50:00+00:00,107.8,107.83,107.72,107.72,20871
2025-03-31 22:55:00+00:00,107.77,107.8,107.71,107.75,12350
2025-03-31 23:00:00+00:00,107.73,107.77,107.7,107.74,7581
2025-03-31 23:05:00+00:00,107.75,107.82,107.7,107.78,17606
2025-03-31 23:10:00+00:00,107.7415,107.82,107.7415,107.8101,20242
2025-03-31 23:15:00+00:00,107.81,107.87,107.7601,107.81,28551
2025-03-31 23:20:00+00:00,107.81,107.81,107.77,107.78,10447
2025-03-31 23:25:00+00:00,107.7702,107.7702,107.66,107.66,23457
2025-03-31 23:30:00+00:00,107.65,107.6799,107.5612,107.5612,20015
2025-03-31 23:35:00+00:00,107.57,107.6,107.56,107.5996,17278
2025-03-31 23:40:00+00:00,107.6,107.6,107.5,107.51,37556
2025-03-31 23:45:00+00:00,107.511,107.53,107.5,107.5,50243
2025-03-31 23:50:00+00:00,107.49,107.49,107.39,107.3998,42006
2025-03-31 23:55:00+00:00,107.4,107.55,107.37,107.5195,95685
2025-04-01 08:00:00+00:00,107.95,108.42,107.59,108.37,71656
2025-04-01 08:05:00+00:00,108.37,108.97,108.2,108.82,99830
2025-04-01 08:10:00+00:00,108.85,108.85,108.6,108.82,71543
2025-04-01 08:15:00+00:00,108.8,109.32,108.79,109.31,105052
2025-04-01 08:20:00+00:00,109.33,109.65,109.28,109.46,98155
2025-04-01 08:25:00+00:00,109.49,109.74,109.46,109.67,95805
2025-04-01 08:30:00+00:00,109.64,109.64,109.26,109.45,94963
2025-04-01 08:35:00+00:00,109.41,109.49,109.15,109.29,60804
2025-04-01 08:40:00+00:00,109.28,109.56,109.26,109.42,44280
2025-04-01 08:45:00+00:00,109.43,109.49,109.21,109.33,29943
2025-04-01 08:50:00+00:00,109.36,109.59,109.36,109.57,40190
2025-04-01 08:55:00+00:00,109.6,109.62,109.46,109.46,37532
2025-04-01 09:00:00+00:00,109.49,109.72,109.31,109.43,79593
2025-04-01 09:05:00+00:00,109.41,109.42,109.31,109.33,48551
2025-04-01 09:10:00+00:00,109.34,109.4,109.21,109.22,37247
2025-04-01 09:15:00+00:00,109.23,109.46,109.19,109.46,34070
2025-04-01 09:20:00+00:00,109.45,109.51,109.42,109.46,28169
2025-04-01 09:25:00+00:00,109.46,109.56,109.3,109.54,73032
2025-04-01 09:30:00+00:00,109.54,109.75,109.54,109.71,61835
2025-04-01 09:35:00+00:00,109.71,109.8,109.55,109.8,64908
2025-04-01 09:40:00+00:00,109.79,109.9,109.69,109.71,49850
2025-04-01 09:45:00+00:00,109.68,109.85,109.66,109.85,23226
2025-04-01 09:50:00+00:00,109.85,109.97,109.7,109.78,49711
2025-04-01 09:55:00+00:00,109.8,109.89,109.65,109.68,35504
2025-04-01 10:00:00+00:00,109.69,109.69,109.25,109.59,91404
2025-04-01 10:05:00+00:00,109.65,109.65,109.07,109.08,63468
2025-04-01 10:10:00+00:00,109.1,109.14,108.9,109.1,87780
2025-04-01 10:15:00+00:00,109.13,109.17,109.0,109.12,43089
2025-04-01 10:20:00+00:00,109.15,109.29,108.93,108.93,47741
2025-04-01 10:25:00+00:00,108.94,109.08,108.64,108.69,54881
2025-04-01 10:30:00+00:00,108.65,108.68,108.15,108.6,107409
2025-04-01 10:35:00+00:00,108.59,108.83,108.44,108.76,62990
2025-04-01 10:40:00+00:00,108.77,109.1,108.77,108.83,54347
2025-04-01 10:45:00+00:00,108.82,109.22,108.7,109.17,61414
2025-04-01 10:50:00+00:00,109.18,109.18,108.93,109.04,47490
2025-04-01 10:55:00+00:00,109.04,109.04,108.81,108.97,44692
2025-04-01 11:00:00+00:00,109.01,109.01,108.53,108.75,131774
2025-04-01 11:05:00+00:00,108.85,108.94,108.54,108.54,57442
2025-04-01 11:10:00+00:00,108.51,108.7,108.35,108.43,67737
2025-04-01 11:15:00+00:00,108.45,108.78,108.45,108.75,108657
2025-04-01 11:20:00+00:00,108.75,108.82,108.61,108.8,52005
2025-04-01 11:25:00+00:00,108.85,108.85,108.65,108.75,44131
2025-04-01 11:30:00+00:00,108.73,108.88,108.4,108.56,85598
2025-04-01 11:35:00+00:00,108.58,108.58,108.21,108.5,75844
2025-04-01 11:40:00+00:00,108.5,108.6,108.28,108.5,47897
2025-04-01 11:45:00+00:00,108.52,108.56,108.43,108.43,24279
2025-04-01 11:50:00+00:00,108.47,108.52,108.31,108.36,29343
2025-04-01 11:55:00+00:00,108.33,108.55,108.33,108.4,29984
2025-04-01 12:00:00+00:00,108.85,109.9596,107.51,108.3901,864367
2025-04-01 12:05:00+00:00,108.42,108.75,108.27,108.6712,171519
2025-04-01 12:10:00+00:00,108.69,108.8,108.4,108.5943,194684
2025-04-01 12:15:00+00:00,108.59,108.75,108.45,108.49,55735
2025-04-01 12:20:00+00:00,108.52,108.62,108.32,108.56,94312
2025-04-01 12:25:00+00:00,108.54,108.56,108.37,108.5,55070
2025-04-01 12:30:00+00:00,108.4999,108.62,108.46,108.5476,86459
2025-04-01 12:35:00+00:00,108.5899,108.68,108.38,108.59,45993
2025-04-01 12:40:00+00:00,108.6,108.62,108.53,108.6,41192
2025-04-01 12:45:00+00:00,108.6,108.68,108.5,108.68,100859
2025-04-01 12:50:00+00:00,108.6701,108.82,108.641,108.74,115632
2025-04-01 12:55:00+00:00,108.7001,108.79,108.63,108.67,66833
2025-04-01 13:00:00+00:00,108.67,108.71,108.58,108.59,143390
2025-04-01 13:05:00+00:00,108.57,108.78,108.55,108.68,96344
2025-04-01 13:10:00+00:00,108.7,108.95,108.7,108.87,134557
2025-04-01 13:15:00+00:00,108.85,108.8899,108.62,108.7005,116701
2025-04-01 13:20:00+00:00,108.71,108.83,108.69,108.72,124545
2025-04-01 13:25:00+00:00,108.72,108.72,108.35,108.48,359755
2025-04-01 13:30:00+00:00,108.515,109.1,107.42,107.45,7670084
2025-04-01 13:35:00+00:00,107.45,107.7,106.8,107.255,5628645
2025-04-01 13:40:00+00:00,107.27,108.13,107.115,107.745,4499370
2025-04-01 13:45:00+00:00,107.745,108.55,107.63,108.2201,4505062
2025-04-01 13:50:00+00:00,108.225,108.39,107.75,107.7575,3732197
2025-04-01 13:55:00+00:00,107.76,107.9,107.34,107.55,3525842
2025-04-01 14:00:00+00:00,107.52,107.8,106.925,107.0701,5334942
2025-04-01 14:05:00+00:00,107.06,107.43,106.71,107.0738,3782786
2025-04-01 14:10:00+00:00,107.08,107.18,106.6,106.9,3190032
2025-04-01 14:15:00+00:00,106.9,107.23,106.65,106.6999,2866705
2025-04-01 14:20:00+00:00,106.69,107.2788,106.47,107.21,3671715
2025-04-01 14:25:00+00:00,107.21,107.43,106.91,107.155,2763617
2025-04-01 14:30:00+00:00,107.1435,107.52,107.075,107.2853,2275172
2025-04-01 14:35:00+00:00,107.28,107.92,107.18,107.6401,2740961
2025-04-01 14:40:00+00:00,107.65,108.12,107.54,107.9178,2974957
2025-04-01 14:45:00+00:00,107.91,108.0283,107.765,107.89,2013242
2025-04-01 14:50:00+00:00,107.89,108.21,107.83,108.195,2341858
2025-04-01 14:55:00+00:00,108.2085,108.5,107.94,108.341,2856374
2025-04-01 15:00:00+00:00,108.3405,108.5,108.24,108.34,2094391
2025-04-01 15:05:00+00:00,108.33,108.76,108.315,108.6799,2410081
2025-04-01 15:10:00+00:00,108.68,108.87,108.44,108.8499,2056742
2025-04-01 15:15:00+00:00,108.849,109.33,108.7,109.055,3509405
2025-04-01 15:20:00+00:00,109.055,109.49,108.9301,109.385,3748369
2025-04-01 15:25:00+00:00,109.375,109.445,108.88,108.9109,2542651
2025-04-01 15:30:00+00:00,108.92,108.97,108.76,108.875,1964935
2025-04-01 15:35:00+00:00,108.875,108.945,108.58,108.9201,2114400
2025-04-01 15:40:00+00:00,108.92,109.1098,108.66,109.055,1986394
2025-04-01 15:45:00+00:00,109.05,109.4299,109.02,109.41,2826407
2025-04-01 15:50:00+00:00,109.41,109.49,108.94,109.0703,2487814
2025-04-01 15:55:00+00:00,109.07,109.38,108.97,109.352,1497015
2025-04-01 16:00:00+00:00,109.36,109.605,109.14,109.5,2408382
2025-04-01 16:05:00+00:00,109.5,109.64,109.27,109.635,1816603
2025-04-01 16:10:00+00:00,109.625,109.73,109.44,109.45,1668219
2025-04-01 16:15:00+00:00,109.455,109.78,109.41,109.7515,1709767
2025-04-01 16:20:00+00:00,109.755,109.9299,109.56,109.6501,2300393
2025-04-01 16:25:00+00:00,109.655,109.7,109.1101,109.4,2482351
2025-04-01 16:30:00+00:00,109.41,109.455,109.06,109.225,2070768
2025-04-01 16:35:00+00:00,109.2219,109.24,108.68,108.87,2245692
2025-04-01 16:40:00+00:00,108.86,108.95,108.56,108.565,1720206
2025-04-01 16:45:00+00:00,108.57,109.0,108.45,108.955,2272659
2025-04-01 16:50:00+00:00,108.959,109.35,108.87,109.2249,1937666
2025-04-01 16:55:00+00:00,109.22,109.33,109.02,109.035,1443326
2025-04-01 17:00:00+00:00,109.04,109.32,108.985,109.195,1376242
2025-04-01 17:05:00+00:00,109.2,109.215,108.84,108.8699,1431162
2025-04-01 17:10:00+00:00,108.865,109.19,108.76,109.145,1520857
2025-04-01 17:15:00+00:00,109.14,109.24,108.755,108.83,1255810
2025-04-01 17:20:00+00:00,108.835,108.92,108.67,108.78,1190005
2025-04-01 17:25:00+00:00,108.785,108.985,108.74,108.8012,1042206
2025-04-01 17:30:00+00:00,108.803,109.05,108.76,108.8,1325153
2025-04-01 17:35:00+00:00,108.79,109.15,108.78,109.025,1174938
2025-04-01 17:40:00+00:00,109.03,109.23,108.87,108.945,1277822
2025-04-01 17:45:00+00:00,108.945,108.9983,108.82,108.9315,1113952
2025-04-01 17:50:00+00:00,108.93,109.1,108.81,108.825,1223781
2025-04-01 17:55:00+00:00,108.83,108.8598,108.51,108.575,1482189
2025-04-01 18:00:00+00:00,108.58,108.65,107.945,108.085,2324664
2025-04-01 18:05:00+00:00,108.1,108.24,107.685,107.745,2046437
2025-04-01 18:10:00+00:00,107.75,108.04,107.7,107.9257,1804384
2025-04-01 18:15:00+00:00,107.93,107.97,107.52,107.61,1815068
2025-04-01 18:20:00+00:00,107.605,107.68,107.41,107.4499,1574567
2025-04-01 18:25:00+00:00,107.45,107.83,107.43,107.7199,1676782
2025-04-01 18:30:00+00:00,107.71,108.07,107.64,107.92,1928113
2025-04-01 18:35:00+00:00,107.92,108.04,107.81,107.895,1617331
2025-04-01 18:40:00+00:00,107.9,108.11,107.8645,108.1099,1410944
2025-04-01 18:45:00+00:00,108.11,108.12,107.87,107.9,1340983
2025-04-01 18:50:00+00:00,107.905,108.1,107.75,108.085,1466069
2025-04-01 18:55:00+00:00,108.09,108.32,108.03,108.15,1703443
2025-04-01 19:00:00+00:00,108.155,108.29,108.05,108.18,1493007
2025-04-01 19:05:00+00:00,108.171,108.35,108.08,108.175,1632788
2025-04-01 19:10:00+00:00,108.1718,108.46,108.125,108.3817,1637695
2025-04-01 19:15:00+00:00,108.3805,108.62,108.36,108.47,2094574
2025-04-01 19:20:00+00:00,108.465,108.74,108.445,108.685,1780254
2025-04-01 19:25:00+00:00,108.68,108.96,108.6113,108.6113,2292776
2025-04-01 19:30:00+00:00,108.61,109.08,108.56,108.9902,2700660
2025-04-01 19:35:00+00:00,108.99,109.32,108.95,109.31,2480086
2025-04-01 19:40:00+00:00,109.3001,109.41,109.11,109.325,2350904
2025-04-01 19:45:00+00:00,109.325,109.48,109.25,109.3628,2151242
2025-04-01 19:50:00+00:00,109.38,109.79,109.265,109.765,4248896
2025-04-01 19:55:00+00:00,109.765,110.2,109.71,110.19,9948937
2025-04-01 20:00:00+00:00,110.14,110.51,110.0,110.4399,17892242
2025-04-01 20:05:00+00:00,110.44,110.45,110.15,110.27,695324
2025-04-01 20:10:00+00:00,110.25,110.34,110.15,110.25,137980
2025-04-01 20:15:00+00:00,110.27,110.3,110.1,110.13,65075
2025-04-01 20:20:00+00:00,110.13,110.13,109.87,109.88,169673
2025-04-01 20:25:00+00:00,109.88,109.95,109.82,109.8701,552121
2025-04-01 20:30:00+00:00,109.8799,109.94,109.86,109.93,77750
2025-04-01 20:35:00+00:00,109.93,110.0,109.93,109.95,101986
2025-04-01 20:40:00+00:00,109.96,110.15,109.91,109.98,111062
2025-04-01 20:45:00+00:00,109.99,110.24,109.93,110.13,195535
2025-04-01 20:50:00+00:00,110.13,110.13,109.99,110.0008,93962
2025-04-01 20:55:00+00:00,110.0,110.0499,109.96,110.01,71283
2025-04-01 21:00:00+00:00,110.04,110.08,109.98,110.01,44784
2025-04-01 21:05:00+00:00,110.03,110.04,109.96,110.0299,35887
2025-04-01 21:10:00+00:00,110.03,110.06,109.95,110.0193,37234
2025-04-01 21:15:00+00:00,110.0,110.03,109.96,109.98,4612982
2025-04-01 21:20:00+00:00,109.98,110.04,109.98,110.0,28727
2025-04-01 21:25:00+00:00,109.9801,110.0,109.8802,109.89,45513
2025-04-01 21:30:00+00:00,109.88,109.94,109.87,109.8901,14584
2025-04-01 21:35:00+00:00,109.8901,109.91,109.86,109.86,19230
2025-04-01 21:40:00+00:00,109.85,109.91,109.85,109.91,14115
2025-04-01 21:45:00+00:00,109.91,109.93,109.88,109.9,20947
2025-04-01 21:50:00+00:00,109.9,109.96,109.9,109.9009,17313
2025-04-01 21:55:00+00:00,109.9,109.96,109.9,109.92,17904
2025-04-01 22:00:00+00:00,109.9101,110.15,109.9,109.95,21768
2025-04-01 22:05:00+00:00,109.931,110.08,109.93,110.04,50235
2025-04-01 22:10:00+00:00,110.04,110.36,110.04,110.2,139882
2025-04-01 22:15:00+00:00,110.24,110.4599,110.2,110.45,84600
2025-04-01 22:20:00+00:00,110.45,110.5,110.4,110.42,71891
2025-04-01 22:25:00+00:00,110.43,110.5,110.41,110.47,106474
2025-04-01 22:30:00+00:00,110.46,110.46,110.13,110.18,98006
2025-04-01 22:35:00+00:00,110.16,110.24,110.03,110.1983,39931
2025-04-01 22:40:00+00:00,110.18,110.24,110.1,110.1,39226
2025-04-01 22:45:00+00:00,110.1,110.12,109.98,110.05,33754
2025-04-01 22:50:00+00:00,110.0612,110.14,110.02,110.06,39701
2025-04-01 22:55:00+00:00,110.0693,110.1299,110.0202,110.1105,18453
2025-04-01 23:00:00+00:00,110.12,110.12,110.06,110.08,31240
2025-04-01 23:05:00+00:00,110.07,110.11,110.07,110.11,12864
2025-04-01 23:10:00+00:00,110.08,110.1395,110.08,110.11,17028
2025-04-01 23:15:00+00:00,110.1099,110.19,110.1,110.15,22210
2025-04-01 23:20:00+00:00,110.17,110.26,110.16,110.1603,31774
2025-04-01 23:25:00+00:00,110.16,110.2,110.16,110.1898,13445
2025-04-01 23:30:00+00:00,110.1899,110.2359,110.16,110.191,34642
2025-04-01 23:35:00+00:00,110.2095,110.22,110.15,110.18,25520
2025-04-01 23:40:00+00:00,110.18,110.19,110.15,110.16,22974
2025-04-01 23:45:00+00:00,110.17,110.18,110.0833,110.1099,17442
2025-04-01 23:50:00+00:00,110.1,110.11,110.07,110.07,30642
2025-04-01 23:55:00+00:00,110.08,110.08,110.0,110.03,89409
2025-04-02 08:00:00+00:00,109.01,109.25,108.8,109.09,109285
2025-04-02 08:05:00+00:00,109.07,109.21,108.97,109.06,67762
2025-04-02 08:10:00+00:00,109.07,109.34,109.05,109.26,22927
2025-04-02 08:15:00+00:00,109.25,109.32,109.12,109.17,21629
2025-04-02 08:20:00+00:00,109.17,109.36,109.17,109.22,59579
2025-04-02 08:25:00+00:00,109.22,109.55,109.22,109.48,42870
2025-04-02 08:30:00+00:00,109.45,109.66,109.42,109.57,19988
2025-04-02 08:35:00+00:00,109.5,109.57,109.43,109.45,23265
2025-04-02 08:40:00+00:00,109.47,109.57,109.39,109.41,33784
2025-04-02 08:45:00+00:00,109.39,109.47,109.39,109.42,8254
2025-04-02 08:50:00+00:00,109.4,109.4,109.28,109.34,20286
2025-04-02 08:55:00+00:00,109.33,109.34,109.26,109.26,14333
2025-04-02 09:00:00+00:00,109.25,109.33,109.25,109.33,7830
2025-04-02 09:05:00+00:00,109.31,109.47,109.29,109.4,19182
2025-04-02 09:10:00+00:00,109.43,109.48,109.35,109.35,7072
2025-04-02 09:15:00+00:00,109.32,109.32,109.21,109.21,8878
2025-04-02 09:20:00+00:00,109.22,109.29,109.2,109.24,11132
2025-04-02 09:25:00+00:00,109.24,109.25,109.17,109.21,17271
2025-04-02 09:30:00+00:00,109.21,109.37,109.2,109.34,12662
2025-04-02 09:35:00+00:00,109.33,109.44,109.31,109.36,18294
2025-04-02 09:40:00+00:00,109.41,109.45,109.35,109.42,9209
2025-04-02 09:45:00+00:00,109.4,109.47,109.33,109.38,17044
2025-04-02 09:50:00+00:00,109.37,109.39,109.28,109.28,13907
2025-04-02 09:55:00+00:00,109.27,109.32,109.23,109.24,9775
2025-04-02 10:00:00+00:00,109.24,109.3,108.63,108.93,124647
2025-04-02 10:05:00+00:00,108.95,109.08,108.82,108.89,41113
2025-04-02 10:10:00+00:00,108.88,109.0,108.75,108.96,27553
2025-04-02 10:15:00+00:00,108.93,109.1,108.88,108.9,30440
2025-04-02 10:20:00+00:00,108.92,108.99,108.8,108.8,16221
2025-04-02 10:25:00+00:00,108.8,108.83,108.6,108.7,47259
2025-04-02 10:30:00+00:00,108.65,108.78,108.55,108.55,22265
2025-04-02 10:35:00+00:00,108.54,108.6,108.24,108.55,56353
2025-04-02 10:40:00+00:00,108.51,108.54,108.41,108.51,23438
2025-04-02 10:45:00+00:00,108.5,109.0,108.48,108.77,47738
2025-04-02 10:50:00+00:00,108.76,108.8,108.61,108.67,27981
2025-04-02 10:55:00+00:00,108.66,108.71,108.57,108.64,33491
2025-04-02 11:00:00+00:00,108.64,108.76,108.31,108.34,115559
2025-04-02 11:05:00+00:00,108.35,108.51,108.33,108.47,43466
2025-04-02 11:10:00+00:00,108.49,108.6,108.34,108.4,37101
2025-04-02 11:15:00+00:00,108.41,108.41,108.2,108.37,69020
2025-04-02 11:20:00+00:00,108.36,108.42,108.32,108.42,27770
2025-04-02 11:25:00+00:00,108.45,108.45,108.32,108.34,39042
2025-04-02 11:30:00+00:00,108.35,108.53,108.29,108.41,71143
2025-04-02 11:35:00+00:00,108.42,108.56,108.3,108.45,68191
2025-04-02 11:40:00+00:00,108.47,108.54,108.4,108.52,22576
2025-04-02 11:45:00+00:00,108.52,108.65,108.3,108.35,48999
2025-04-02 11:50:00+00:00,108.36,108.54,108.3,108.38,82112
2025-04-02 11:55:00+00:00,108.38,108.41,107.78,107.78,304304
2025-04-02 12:00:00+00:00,108.6,109.79,107.59,107.86,1109244
2025-04-02 12:05:00+00:00,107.85,107.85,107.5,107.61,260763
2025-04-02 12:10:00+00:00,107.65,108.11,107.57,108.07,286629
2025-04-02 12:15:00+00:00,108.06,108.39,107.9,108.31,214968
2025-04-02 12:20:00+00:00,108.31,108.48,107.98,108.1,211267
2025-04-02 12:25:00+00:00,108.11,108.25,107.88,107.8999,109576
2025-04-02 12:30:00+00:00,107.91,108.1393,107.88,107.88,154153
2025-04-02 12:35:00+00:00,107.91,108.05,107.85,107.94,140384
2025-04-02 12:40:00+00:00,107.96,108.0,107.87,107.95,137434
2025-04-02 12:45:00+00:00,107.96,108.0,107.85,107.89,156728
2025-04-02 12:50:00+00:00,107.88,107.94,107.69,107.82,209607
2025-04-02 12:55:00+00:00,107.83,107.94,107.81,107.9,128696
2025-04-02 13:00:00+00:00,107.9,108.0,107.36,107.55,349370
2025-04-02 13:05:00+00:00,107.55,107.74,107.5,107.6205,190628
2025-04-02 13:10:00+00:00,107.62,107.6793,107.26,107.3195,229256
2025-04-02 13:15:00+00:00,107.3199,107.45,107.23,107.43,266356
2025-04-02 13:20:00+00:00,107.44,107.48,107.31,107.35,176708
2025-04-02 13:25:00+00:00,107.35,107.68,107.05,107.29,425486
2025-04-02 13:30:00+00:00,107.29,107.75,106.79,107.685,8009450
2025-04-02 13:35:00+00:00,107.685,108.86,107.6225,108.385,5870600
2025-04-02 13:40:00+00:00,108.38,108.88,108.17,108.73,4200098
2025-04-02 13:45:00+00:00,108.76,109.59,108.7101,109.4849,4185408
2025-04-02 13:50:00+00:00,109.4836,109.555,108.87,108.91,2940074
2025-04-02 13:55:00+00:00,108.92,109.2498,108.83,108.84,2382411
2025-04-02 14:00:00+00:00,108.83,109.72,108.71,109.49,3676968
2025-04-02 14:05:00+00:00,109.49,109.56,108.52,108.6727,3187888
2025-04-02 14:10:00+00:00,108.675,108.86,108.11,108.5101,3693831
2025-04-02 14:15:00+00:00,108.5151,109.0,108.34,108.72,2859817
2025-04-02 14:20:00+00:00,108.75,109.28,108.58,109.12,2312677
2025-04-02 14:25:00+00:00,109.11,109.19,108.6,108.9986,2355446
2025-04-02 14:30:00+00:00,108.99,109.36,108.8913,109.045,1993851
2025-04-02 14:35:00+00:00,109.045,109.08,108.68,108.96,2344007
2025-04-02 14:40:00+00:00,108.95,109.14,108.75,108.835,1771049
2025-04-02 14:45:00+00:00,108.835,109.18,108.8,109.065,1310438
2025-04-02 14:50:00+00:00,109.06,109.27,108.93,108.975,1879444
2025-04-02 14:55:00+00:00,108.9751,109.46,108.9,109.38,1914657
2025-04-02 15:00:00+00:00,109.375,109.3899,109.0,109.25,1695102
2025-04-02 15:05:00+00:00,109.26,109.55,109.13,109.4901,1855669
2025-04-02 15:10:00+00:00,109.49,109.49,108.975,109.065,1864866
2025-04-02 15:15:00+00:00,109.065,109.38,108.85,109.3769,2081825
2025-04-02 15:20:00+00:00,109.36,110.1,109.33,110.09,3038674
2025-04-02 15:25:00+00:00,110.09,110.49,110.08,110.2589,3241690
2025-04-02 15:30:00+00:00,110.25,110.2928,109.94,110.17,2130929
2025-04-02 15:35:00+00:00,110.17,110.43,110.02,110.24,1904067
2025-04-02 15:40:00+00:00,110.24,110.28,109.88,109.915,1983078
2025-04-02 15:45:00+00:00,109.91,110.01,109.685,109.8251,2011780
2025-04-02 15:50:00+00:00,109.82,109.8785,109.61,109.84,1553321
2025-04-02 15:55:00+00:00,109.82,110.12,109.75,109.93,1497759
2025-04-02 16:00:00+00:00,109.94,110.1,109.8,109.805,1340408
2025-04-02 16:05:00+00:00,109.82,110.08,109.8,110.06,1039939
2025-04-02 16:10:00+00:00,110.0605,110.39,110.015,110.2802,1579891
2025-04-02 16:15:00+00:00,110.28,110.56,110.27,110.475,1592302
2025-04-02 16:20:00+00:00,110.47,110.8101,110.34,110.76,1666184
2025-04-02 16:25:00+00:00,110.75,111.155,110.56,111.152,2502376
2025-04-02 16:30:00+00:00,111.1513,111.35,111.01,111.17,2739715
2025-04-02 16:35:00+00:00,111.175,111.2,110.75,110.9009,2223739
2025-04-02 16:40:00+00:00,110.905,111.0,110.62,110.99,2041562
2025-04-02 16:45:00+00:00,110.995,111.41,110.83,111.38,2181298
2025-04-02 16:50:00+00:00,111.38,111.55,111.12,111.22,2817798
2025-04-02 16:55:00+00:00,111.22,111.35,110.96,111.245,2237348
2025-04-02 17:00:00+00:00,111.25,111.46,111.2,111.3993,1688097
2025-04-02 17:05:00+00:00,111.3998,111.72,111.385,111.5823,1984276
2025-04-02 17:10:00+00:00,111.58,111.98,111.55,111.75,2220327
2025-04-02 17:15:00+00:00,111.755,111.78,111.62,111.7299,1292382
2025-04-02 17:20:00+00:00,111.725,111.73,111.24,111.385,1947352
2025-04-02 17:25:00+00:00,111.38,111.4499,111.18,111.235,1362454
2025-04-02 17:30:00+00:00,111.23,111.25,110.92,111.1001,1808069
2025-04-02 17:35:00+00:00,111.11,111.115,110.8,111.02,1706802
2025-04-02 17:40:00+00:00,111.025,111.11,110.55,110.755,2009995
2025-04-02 17:45:00+00:00,110.755,110.755,110.3,110.405,2205841
2025-04-02 17:50:00+00:00,110.4,110.4299,110.1,110.2815,2101097
2025-04-02 17:55:00+00:00,110.28,110.49,110.2,110.335,1634713
2025-04-02 18:00:00+00:00,110.3301,110.58,110.12,110.1249,1622556
2025-04-02 18:05:00+00:00,110.12,110.14,109.53,109.76,2952332
2025-04-02 18:10:00+00:00,109.755,109.975,109.6,109.865,1817309
2025-04-02 18:15:00+00:00,109.86,110.0383,109.63,109.71,1703350
2025-04-02 18:20:00+00:00,109.71,109.935,109.55,109.59,1494916
2025-04-02 18:25:00+00:00,109.585,109.79,109.32,109.325,2106073
2025-04-02 18:30:00+00:00,109.32,109.655,109.23,109.595,1577606
2025-04-02 18:35:00+00:00,109.595,110.05,109.52,110.05,1927525
2025-04-02 18:40:00+00:00,110.05,110.13,109.7714,109.865,1687070
2025-04-02 18:45:00+00:00,109.86,109.96,109.75,109.8817,1216501
2025-04-02 18:50:00+00:00,109.8815,109.885,109.525,109.6899,1356325
2025-04-02 18:55:00+00:00,109.675,109.68,108.97,108.9887,2103525
2025-04-02 19:00:00+00:00,108.985,109.58,108.985,109.535,2134622
2025-04-02 19:05:00+00:00,109.535,109.58,109.23,109.32,1425852
2025-04-02 19:10:00+00:00,109.315,109.33,109.08,109.1049,1611504
2025-04-02 19:15:00+00:00,109.1,109.24,108.85,108.965,1902527
2025-04-02 19:20:00+00:00,108.96,109.4899,108.885,109.455,1871999
2025-04-02 19:25:00+00:00,109.455,109.7,109.14,109.65,2185728
2025-04-02 19:30:00+00:00,109.65,110.08,109.39,110.01,2485116
2025-04-02 19:35:00+00:00,110.01,110.13,109.88,109.93,1881079
2025-04-02 19:40:00+00:00,109.93,110.27,109.87,110.105,2074079
2025-04-02 19:45:00+00:00,110.105,110.56,110.04,110.3999,2265348
2025-04-02 19:50:00+00:00,110.4,110.72,110.165,110.46,3885836
2025-04-02 19:55:00+00:00,110.46,110.76,110.28,110.31,6181229
2025-04-02 20:00:00+00:00,110.3,110.58,110.1,110.22,12733864
2025-04-02 20:05:00+00:00,110.219,110.42,110.07,110.1112,158831
2025-04-02 20:10:00+00:00,110.18,112.03,109.83,112.03,729520
2025-04-02 20:15:00+00:00,112.04,113.23,112.0014,112.95,1383210
2025-04-02 20:20:00+00:00,112.9499,112.99,112.04,112.73,914819
2025-04-02 20:25:00+00:00,112.75,113.15,107.6208,108.48,2306921
2025-04-02 20:30:00+00:00,108.7,110.42,107.78,108.7514,1062162
2025-04-02 20:35:00+00:00,108.78,110.42,106.88,107.57,1130760
2025-04-02 20:40:00+00:00,107.56,107.612,105.8,106.15,1205897
2025-04-02 20:45:00+00:00,106.04,107.19,105.9,107.0502,854502
2025-04-02 20:50:00+00:00,107.08,108.12,106.95,107.6502,768006
2025-04-02 20:55:00+00:00,107.6503,107.75,106.66,106.77,636599
2025-04-02 21:00:00+00:00,106.73,107.0,106.5,106.6,380028
2025-04-02 21:05:00+00:00,106.62,106.8,105.83,105.85,649304
2025-04-02 21:10:00+00:00,105.88,105.9,104.5,104.5,1125933
2025-04-02 21:15:00+00:00,104.6999,105.46,104.02,105.3001,880844
2025-04-02 21:20:00+00:00,105.35,105.41,104.68,105.22,546512
2025-04-02 21:25:00+00:00,105.22,106.1376,105.1338,106.0,521476
2025-04-02 21:30:00+00:00,105.98,107.09,105.97,106.6,698093
2025-04-02 21:35:00+00:00,106.6,106.6704,106.25,106.65,290361
2025-04-02 21:40:00+00:00,106.64,106.94,106.25,106.31,279026
2025-04-02 21:45:00+00:00,106.26,106.48,105.6,105.9018,433476
2025-04-02 21:50:00+00:00,105.93,106.47,105.91,106.07,229647
2025-04-02 21:55:00+00:00,106.0002,106.0789,105.61,105.67,180078
2025-04-02 22:00:00+00:00,105.69,107.0,105.0,105.878,633301
2025-04-02 22:05:00+00:00,105.81,105.81,105.2,105.52,245913
2025-04-02 22:10:00+00:00,105.52,105.9399,105.4,105.55,207705
2025-04-02 22:15:00+00:00,105.6016,105.75,105.1,105.18,149141
2025-04-02 22:20:00+00:00,105.1428,105.1968,104.75,105.12,359269
2025-04-02 22:25:00+00:00,105.16,105.54,105.1496,105.52,204087
2025-04-02 22:30:00+00:00,105.52,105.6999,105.37,105.45,111602
2025-04-02 22:35:00+00:00,105.41,105.8,105.3805,105.46,142684
2025-04-02 22:40:00+00:00,105.4415,105.6,105.1401,105.26,157631
2025-04-02 22:45:00+00:00,105.25,105.3099,105.04,105.19,135891
2025-04-02 22:50:00+00:00,105.2,105.53,105.17,105.32,143501
2025-04-02 22:55:00+00:00,105.32,105.3322,105.12,105.25,90833
2025-04-02 23:00:00+00:00,105.25,105.26,104.68,104.69,281643
2025-04-02 23:05:00+00:00,104.69,105.0624,104.67,104.93,138984
2025-04-02 23:10:00+00:00,104.91,105.2,104.8559,105.1,131949
2025-04-02 23:15:00+00:00,105.1499,105.1499,104.8401,104.85,124305
2025-04-02 23:20:00+00:00,104.83,104.9,104.64,104.75,162583
2025-04-02 23:25:00+00:00,104.71,104.84,104.5698,104.8,151553
2025-04-02 23:30:00+00:00,104.81,104.85,104.67,104.69,90346
2025-04-02 23:35:00+00:00,104.7,104.74,104.51,104.62,116390
2025-04-02 23:40:00+00:00,104.6,104.64,104.47,104.6,142770
2025-04-02 23:45:00+00:00,104.5994,104.6,104.46,104.4893,160153
2025-04-02 23:50:00+00:00,104.4792,104.489,104.15,104.1598,174768
2025-04-02 23:55:00+00:00,104.1598,104.23,104.03,104.15,322074
2025-04-03 08:00:00+00:00,105.92,106.95,105.49,106.84,236045
2025-04-03 08:05:00+00:00,106.87,106.95,106.4,106.8,163438
2025-04-03 08:10:00+00:00,106.77,106.93,106.55,106.86,87282
2025-04-03 08:15:00+00:00,106.81,107.19,106.79,107.16,130414
2025-04-03 08:20:00+00:00,107.15,107.19,106.75,107.07,94045
2025-04-03 08:25:00+00:00,107.08,107.1,106.96,107.03,48063
2025-04-03 08:30:00+00:00,107.08,107.38,107.01,107.13,77028
2025-04-03 08:35:00+00:00,107.11,107.35,106.99,107.32,73929
2025-04-03 08:40:00+00:00,107.31,107.31,107.0,107.07,77678
2025-04-03 08:45:00+00:00,107.08,107.08,106.85,107.05,111284
2025-04-03 08:50:00+00:00,107.05,107.06,106.75,106.87,56202
2025-04-03 08:55:00+00:00,106.87,107.15,106.84,107.0,43427
2025-04-03 09:00:00+00:00,107.01,107.2,106.98,107.14,47511
2025-04-03 09:05:00+00:00,107.13,107.2,106.8,106.82,66534
2025-04-03 09:10:00+00:00,106.8,106.93,106.68,106.68,75485
2025-04-03 09:15:00+00:00,106.73,106.86,106.61,106.8,30239
2025-04-03 09:20:00+00:00,106.78,106.96,106.59,106.74,46972
2025-04-03 09:25:00+00:00,106.8,106.8,106.4,106.4,66205
2025-04-03 09:30:00+00:00,106.4,106.62,106.37,106.48,68901
2025-04-03 09:35:00+00:00,106.46,106.78,106.46,106.77,46364
2025-04-03 09:40:00+00:00,106.75,106.76,106.57,106.72,25422
2025-04-03 09:45:00+00:00,106.68,106.68,105.5,105.995,283946
2025-04-03 09:50:00+00:00,106.0,106.0,105.24,105.63,187641
2025-04-03 09:55:00+00:00,105.6,105.75,105.4,105.7,107729
2025-04-03 10:00:00+00:00,105.73,105.99,105.44,105.5,107096
2025-04-03 10:05:00+00:00,105.51,105.55,105.1,105.16,176171
2025-04-03 10:10:00+00:00,105.17,105.19,104.58,104.7,263027
2025-04-03 10:15:00+00:00,104.64,105.03,104.5,104.78,155773
2025-04-03 10:20:00+00:00,104.78,105.18,104.74,105.03,150409
2025-04-03 10:25:00+00:00,105.03,105.16,104.79,104.92,75420
2025-04-03 10:30:00+00:00,104.88,105.56,104.87,105.52,125872
2025-04-03 10:35:00+00:00,105.53,105.65,105.47,105.57,148213
2025-04-03 10:40:00+00:00,105.56,105.64,105.3,105.6,98417
2025-04-03 10:45:00+00:00,105.6,105.78,105.12,105.12,83844
2025-04-03 10:50:00+00:00,105.13,105.3,104.91,105.15,121960
2025-04-03 10:55:00+00:00,105.15,105.3,105.03,105.05,74546
2025-04-03 11:00:00+00:00,105.11,105.2,104.15,104.42,400509
2025-04-03 11:05:00+00:00,104.39,104.71,104.28,104.4,169343
2025-04-03 11:10:00+00:00,104.37,104.8,104.33,104.73,235066
2025-04-03 11:15:00+00:00,104.71,104.71,104.24,104.35,141355
2025-04-03 11:20:00+00:00,104.36,104.39,104.02,104.36,204568
2025-04-03 11:25:00+00:00,104.34,104.38,104.1,104.3,98964
2025-04-03 11:30:00+00:00,104.32,104.32,104.01,104.09,197310
2025-04-03 11:35:00+00:00,104.08,104.38,104.08,104.25,131054
2025-04-03 11:40:00+00:00,104.27,104.42,104.2,104.36,152726
2025-04-03 11:45:00+00:00,104.38,104.43,104.27,104.32,59598
2025-04-03 11:50:00+00:00,104.34,104.479,104.33,104.44,105053
2025-04-03 11:55:00+00:00,104.42,104.57,103.98,104.29,425469
2025-04-03 12:00:00+00:00,104.24,107.3481,103.98,104.24,1516085
2025-04-03 12:05:00+00:00,104.24,105.2137,104.19,104.44,278046
2025-04-03 12:10:00+00:00,104.42,104.8,104.3,104.64,315348
2025-04-03 12:15:00+00:00,104.649,104.65,104.4,104.56,225817
2025-04-03 12:20:00+00:00,104.53,104.58,103.92,103.96,426118
2025-04-03 12:25:00+00:00,103.95,104.01,103.82,103.88,310079
2025-04-03 12:30:00+00:00,103.883,104.21,103.85,103.9518,355902
2025-04-03 12:35:00+00:00,103.98,104.04,103.63,103.81,360243
2025-04-03 12:40:00+00:00,103.82,103.9793,103.53,103.73,342278
2025-04-03 12:45:00+00:00,103.71,103.72,103.46,103.58,289262
2025-04-03 12:50:00+00:00,103.56,104.0,103.55,103.81,414842
2025-04-03 12:55:00+00:00,103.8,103.93,103.61,103.8,244541
2025-04-03 13:00:00+00:00,103.78,103.97,103.67,103.91,302191
2025-04-03 13:05:00+00:00,103.94,103.97,103.6207,103.9187,337182
2025-04-03 13:10:00+00:00,103.9,104.0,103.79,103.9108,330441
2025-04-03 13:15:00+00:00,103.91,103.99,103.7,103.82,241555
2025-04-03 13:20:00+00:00,103.83,103.9,103.58,103.6,240797
2025-04-03 13:25:00+00:00,103.58,104.0,103.43,103.51,587963
2025-04-03 13:30:00+00:00,103.51,105.1696,103.2622,104.81,15873620
2025-04-03 13:35:00+00:00,104.815,105.04,103.83,104.67,8430194
2025-04-03 13:40:00+00:00,104.675,104.675,103.68,104.49,7078766
2025-04-03 13:45:00+00:00,104.48,104.735,103.96,104.1099,5588372
2025-04-03 13:50:00+00:00,104.1,105.39,104.06,104.975,6427709
2025-04-03 13:55:00+00:00,104.975,105.6,104.63,105.09,5583231
2025-04-03 14:00:00+00:00,105.08,105.49,104.61,104.85,4855657
2025-04-03 14:05:00+00:00,104.86,105.33,104.64,105.045,4364407
2025-04-03 14:10:00+00:00,105.04,105.13,104.315,104.82,4520019
2025-04-03 14:15:00+00:00,104.83,105.12,104.66,104.7,3504361
2025-04-03 14:20:00+00:00,104.7,105.16,104.59,104.9,3735600
2025-04-03 14:25:00+00:00,104.9,105.63,104.84,105.15,5156215
2025-04-03 14:30:00+00:00,105.155,105.4291,104.6,104.69,4211787
2025-04-03 14:35:00+00:00,104.68,104.765,103.93,104.1202,6404210
2025-04-03 14:40:00+00:00,104.13,104.24,103.67,103.795,4899822
2025-04-03 14:45:00+00:00,103.78,103.86,102.8,102.8281,8208862
2025-04-03 14:50:00+00:00,102.825,103.1,102.51,102.98,6361320
2025-04-03 14:55:00+00:00,102.97,103.23,102.665,102.78,4646960
2025-04-03 15:00:00+00:00,102.78,103.2,102.7102,102.895,3320803
2025-04-03 15:05:00+00:00,102.9,102.985,102.01,102.16,6086688
2025-04-03 15:10:00+00:00,102.165,103.1398,102.13,102.755,5236710
2025-04-03 15:15:00+00:00,102.755,103.58,102.73,103.2077,4295556
2025-04-03 15:20:00+00:00,103.2,103.21,102.485,102.805,4141724
2025-04-03 15:25:00+00:00,102.81,103.44,102.7101,102.9699,3302750
2025-04-03 15:30:00+00:00,102.96,103.67,102.885,103.595,3464521
2025-04-03 15:35:00+00:00,103.6,103.76,103.2901,103.54,2836955
2025-04-03 15:40:00+00:00,103.53,103.83,103.395,103.565,2909029
2025-04-03 15:45:00+00:00,103.56,103.705,103.1,103.415,2954585
2025-04-03 15:50:00+00:00,103.41,103.42,103.01,103.365,2572450
2025-04-03 15:55:00+00:00,103.36,103.59,103.1,103.145,2368612
2025-04-03 16:00:00+00:00,103.14,103.67,103.08,103.45,2195328
2025-04-03 16:05:00+00:00,103.46,103.6,103.21,103.229,1984286
2025-04-03 16:10:00+00:00,103.225,103.99,103.21,103.83,2662301
2025-04-03 16:15:00+00:00,103.825,104.2,103.81,104.13,2925010
2025-04-03 16:20:00+00:00,104.1281,104.15,103.83,103.955,2257994
2025-04-03 16:25:00+00:00,103.955,103.99,103.38,103.661,3314848
2025-04-03 16:30:00+00:00,103.67,103.87,102.95,102.98,3417487
2025-04-03 16:35:00+00:00,102.98,103.245,102.85,102.975,2590363
2025-04-03 16:40:00+00:00,102.975,103.54,102.91,103.1899,4847562
2025-04-03 16:45:00+00:00,103.185,103.62,103.0,103.59,2871521
2025-04-03 16:50:00+00:00,103.58,103.62,103.22,103.2385,2167812
2025-04-03 16:55:00+00:00,103.235,103.235,102.88,103.0251,2505592
2025-04-03 17:00:00+00:00,103.035,103.5491,103.0021,103.2,2155986
2025-04-03 17:05:00+00:00,103.19,103.5,103.02,103.09,2038151
2025-04-03 17:10:00+00:00,103.09,103.37,103.0,103.1289,1846720
2025-04-03 17:15:00+00:00,103.12,103.3,103.02,103.125,1444210
2025-04-03 17:20:00+00:00,103.125,103.32,102.72,103.0,2659406
2025-04-03 17:25:00+00:00,102.9989,103.18,102.91,103.02,1810082
2025-04-03 17:30:00+00:00,103.0199,103.16,102.88,103.09,1812688
2025-04-03 17:35:00+00:00,103.095,103.36,103.04,103.2,2025917
2025-04-03 17:40:00+00:00,103.19,103.36,103.1,103.2985,1387128
2025-04-03 17:45:00+00:00,103.29,103.36,102.95,103.0,1748779
2025-04-03 17:50:00+00:00,103.005,103.1,102.85,103.055,1538597
2025-04-03 17:55:00+00:00,103.05,103.11,102.725,102.73,1657598
2025-04-03 18:00:00+00:00,102.725,102.97,102.72,102.8399,1741642
2025-04-03 18:05:00+00:00,102.835,102.89,102.59,102.675,2032044
2025-04-03 18:10:00+00:00,102.67,102.76,102.4326,102.455,2342866
2025-04-03 18:15:00+00:00,102.45,102.63,102.325,102.4101,1925935
2025-04-03 18:20:00+00:00,102.415,102.7,102.3,102.4901,2301865
2025-04-03 18:25:00+00:00,102.495,102.67,102.445,102.625,1767635
2025-04-03 18:30:00+00:00,102.625,103.02,102.53,102.755,2949533
2025-04-03 18:35:00+00:00,102.755,103.14,102.7441,103.03,2026407
2025-04-03 18:40:00+00:00,103.03,103.2501,102.9712,103.195,2081855
2025-04-03 18:45:00+00:00,103.1989,103.5473,103.04,103.49,2744219
2025-04-03 18:50:00+00:00,103.485,104.1,103.43,103.685,3831531
2025-04-03 18:55:00+00:00,103.685,103.84,103.39,103.75,3022524
2025-04-03 19:00:00+00:00,103.74,103.87,103.46,103.6501,2019619
2025-04-03 19:05:00+00:00,103.655,103.98,103.565,103.57,2290605
2025-04-03 19:10:00+00:00,103.57,103.7353,103.275,103.565,2968007
2025-04-03 19:15:00+00:00,103.575,103.58,102.77,102.995,3605973
2025-04-03 19:20:00+00:00,103.0,103.245,102.81,102.91,2894035
2025-04-03 19:25:00+00:00,102.915,103.06,102.615,102.67,3251773
2025-04-03 19:30:00+00:00,102.67,102.875,102.565,102.675,2941877
2025-04-03 19:35:00+00:00,102.67,102.75,102.465,102.665,3812732
2025-04-03 19:40:00+00:00,102.67,102.95,102.45,102.9,3800556
2025-04-03 19:45:00+00:00,102.9035,103.01,102.3,102.43,4147208
2025-04-03 19:50:00+00:00,102.42,102.61,102.16,102.535,6706319
2025-04-03 19:55:00+00:00,102.55,102.575,101.6,101.785,14654043
2025-04-03 20:00:00+00:00,101.8,102.39,101.68,101.94,29057519
2025-04-03 20:05:00+00:00,101.965,102.05,101.93,101.98,652257
2025-04-03 20:10:00+00:00,101.98,102.0,101.8,101.92,202261
2025-04-03 20:15:00+00:00,101.9293,101.93,101.56,101.73,246726
2025-04-03 20:20:00+00:00,101.73,102.03,101.65,101.96,203726
2025-04-03 20:25:00+00:00,101.95,101.99,101.7,101.72,176465
2025-04-03 20:30:00+00:00,101.72,102.13,101.7,101.91,152174
2025-04-03 20:35:00+00:00,101.93,101.95,101.8,101.84,100465
2025-04-03 20:40:00+00:00,101.84,102.18,101.8,102.0201,160488
2025-04-03 20:45:00+00:00,102.05,102.15,102.02,102.1,151233
2025-04-03 20:50:00+00:00,102.09,102.14,102.0104,102.129,122990
2025-04-03 20:55:00+00:00,102.12,102.3,102.1109,102.2888,179817
2025-04-03 21:00:00+00:00,102.26,102.38,101.8,102.35,194596
2025-04-03 21:05:00+00:00,102.3791,102.39,102.24,102.36,95600
2025-04-03 21:10:00+00:00,102.36,102.64,102.36,102.64,129671
2025-04-03 21:15:00+00:00,102.59,102.6207,102.46,102.56,112935
2025-04-03 21:20:00+00:00,102.56,102.65,102.5,102.61,121434
2025-04-03 21:25:00+00:00,102.61,102.64,102.43,102.55,95982
2025-04-03 21:30:00+00:00,102.52,102.52,102.31,102.3587,83567
2025-04-03 21:35:00+00:00,102.31,102.43,102.3,102.4,58116
2025-04-03 21:40:00+00:00,102.4,102.6197,102.4,102.6,78721
2025-04-03 21:45:00+00:00,102.61,102.69,102.55,102.6201,85906
2025-04-03 21:50:00+00:00,102.64,102.6794,102.56,102.66,64967
2025-04-03 21:55:00+00:00,102.6699,102.8295,102.65,102.82,135611
2025-04-03 22:00:00+00:00,102.8,102.94,102.65,102.91,116175
2025-04-03 22:05:00+00:00,102.9001,102.9194,102.6501,102.66,103231
2025-04-03 22:10:00+00:00,102.6895,102.74,102.57,102.59,75342
2025-04-03 22:15:00+00:00,102.57,102.71,102.45,102.45,66958
2025-04-03 22:20:00+00:00,102.4428,102.51,102.22,102.28,113097
2025-04-03 22:25:00+00:00,102.28,102.34,102.14,102.2791,91390
2025-04-03 22:30:00+00:00,102.2797,102.45,102.2573,102.34,83913
2025-04-03 22:35:00+00:00,102.3,102.45,102.26,102.39,50156
2025-04-03 22:40:00+00:00,102.36,102.49,102.36,102.47,37439
2025-04-03 22:45:00+00:00,102.45,102.55,102.4003,102.4887,143772
2025-04-03 22:50:00+00:00,102.48,102.5499,102.44,102.44,41346
2025-04-03 22:55:00+00:00,102.45,102.45,102.35,102.3999,68976
2025-04-03 23:00:00+00:00,102.39,102.4783,102.2,102.2,59556
2025-04-03 23:05:00+00:00,102.239,102.3,102.2101,102.26,32663
2025-04-03 23:10:00+00:00,102.25,102.31,102.2,102.29,28664
2025-04-03 23:15:00+00:00,102.2707,102.3,102.05,102.08,63456
2025-04-03 23:20:00+00:00,102.05,102.0994,101.85,102.09,132067
2025-04-03 23:25:00+00:00,102.06,102.29,102.06,102.2,67456
2025-04-03 23:30:00+00:00,102.2,102.3,102.15,102.2603,44223
2025-04-03 23:35:00+00:00,102.2899,102.44,102.2701,102.34,67160
2025-04-03 23:40:00+00:00,102.341,102.39,102.25,102.351,62030
2025-04-03 23:45:00+00:00,102.38,102.48,102.3499,102.35,66373
2025-04-03 23:50:00+00:00,102.39,102.44,102.3412,102.39,43391
2025-04-03 23:55:00+00:00,102.39,102.44,102.3,102.42,106956
2025-04-04 08:00:00+00:00,101.6,102.45,101.25,102.1,163120
2025-04-04 08:05:00+00:00,102.05,102.25,101.75,102.22,91618
2025-04-04 08:10:00+00:00,102.2,102.25,102.0,102.08,64911
2025-04-04 08:15:00+00:00,102.05,102.48,102.0,102.46,61312
2025-04-04 08:20:00+00:00,102.46,102.65,102.4,102.53,125778
2025-04-04 08:25:00+00:00,102.48,102.64,102.38,102.38,70899
2025-04-04 08:30:00+00:00,102.35,102.47,102.07,102.12,51269
2025-04-04 08:35:00+00:00,102.1,102.4,102.05,102.36,54883
2025-04-04 08:40:00+00:00,102.33,102.43,102.2,102.34,80482
2025-04-04 08:45:00+00:00,102.34,102.5,102.25,102.44,53214
2025-04-04 08:50:00+00:00,102.42,102.59,102.32,102.46,45415
2025-04-04 08:55:00+00:00,102.49,102.49,102.12,102.3,65590
2025-04-04 09:00:00+00:00,102.33,102.4,102.0,102.06,42205
2025-04-04 09:05:00+00:00,102.09,102.22,101.93,102.12,57151
2025-04-04 09:10:00+00:00,102.15,102.17,101.94,102.01,32553
2025-04-04 09:15:00+00:00,102.04,102.12,101.94,102.08,33067
2025-04-04 09:20:00+00:00,102.09,102.16,101.96,101.99,23801
2025-04-04 09:25:00+00:00,102.0,102.01,101.63,101.69,71176
2025-04-04 09:30:00+00:00,101.7,101.9,101.56,101.9,110386
2025-04-04 09:35:00+00:00,101.87,102.13,101.86,101.95,51705
2025-04-04 09:40:00+00:00,101.99,102.05,101.9,101.9,45273
2025-04-04 09:45:00+00:00,101.88,102.07,101.85,102.04,29837
2025-04-04 09:50:00+00:00,102.0,102.09,101.92,101.94,23240
2025-04-04 09:55:00+00:00,101.95,101.98,101.8,101.95,25455
2025-04-04 10:00:00+00:00,101.98,102.25,101.93,102.02,61062
2025-04-04 10:05:00+00:00,102.0,102.12,100.96,100.96,289453
2025-04-04 10:10:00+00:00,100.96,101.1,100.22,100.37,320157
2025-04-04 10:15:00+00:00,100.33,100.43,98.45,98.8,1148580
2025-04-04 10:20:00+00:00,98.8,98.87,96.88,98.0,1189504
2025-04-04 10:25:00+00:00,98.0,98.48,97.11,97.16,577438
2025-04-04 10:30:00+00:00,97.16,98.28,97.0,98.14,454361
2025-04-04 10:35:00+00:00,98.19,98.92,98.19,98.28,549487
2025-04-04 10:40:00+00:00,98.24,98.29,97.72,98.08,307450
2025-04-04 10:45:00+00:00,98.0,98.6,97.51,98.3,374953
2025-04-04 10:50:00+00:00,98.29,98.34,97.5,97.53,383393
2025-04-04 10:55:00+00:00,97.51,98.1,97.44,97.77,283540
2025-04-04 11:00:00+00:00,97.78,98.55,97.75,98.07,705781
2025-04-04 11:05:00+00:00,98.1,98.3,97.54,97.67,302629
2025-04-04 11:10:00+00:00,97.71,97.85,97.18,97.4,396481
2025-04-04 11:15:00+00:00,97.4,97.5,97.14,97.2,342143
2025-04-04 11:20:00+00:00,97.2,97.23,96.81,96.95,548625
2025-04-04 11:25:00+00:00,96.92,97.0,95.71,95.84,851204
2025-04-04 11:30:00+00:00,95.86,96.28,95.36,96.23,823194
2025-04-04 11:35:00+00:00,96.24,96.89,96.18,96.51,535414
2025-04-04 11:40:00+00:00,96.52,96.56,95.8,95.9,543300
2025-04-04 11:45:00+00:00,95.86,96.67,95.85,96.56,418473
2025-04-04 11:50:00+00:00,96.55,96.89,96.52,96.89,296152
2025-04-04 11:55:00+00:00,96.89,97.6,96.83,97.42,553973
2025-04-04 12:00:00+00:00,97.0,102.513,95.36,97.23,4218988
2025-04-04 12:05:00+00:00,97.2,97.45,96.93,97.1,464930
2025-04-04 12:10:00+00:00,97.1,97.99,96.93,97.8268,703770
2025-04-04 12:15:00+00:00,97.8245,98.27,97.6,97.78,497643
2025-04-04 12:20:00+00:00,97.8,97.88,97.43,97.5,429819
2025-04-04 12:25:00+00:00,97.53,98.0,97.53,97.95,380546
2025-04-04 12:30:00+00:00,97.96,98.46,97.46,98.4305,823752
2025-04-04 12:35:00+00:00,98.43,98.6983,97.6,97.88,841413
2025-04-04 12:40:00+00:00,97.88,98.47,97.68,98.45,440386
2025-04-04 12:45:00+00:00,98.45,98.46,98.01,98.43,446134
2025-04-04 12:50:00+00:00,98.4,98.75,98.14,98.5,530006
2025-04-04 12:55:00+00:00,98.49,98.74,98.27,98.56,530533
2025-04-04 13:00:00+00:00,98.54,99.058,98.45,98.98,666912
2025-04-04 13:05:00+00:00,98.9797,99.1499,98.65,98.76,518118
2025-04-04 13:10:00+00:00,98.79,98.85,98.46,98.5,345748
2025-04-04 13:15:00+00:00,98.5,98.7089,98.3,98.53,453083
2025-04-04 13:20:00+00:00,98.53,98.69,98.32,98.43,289981
2025-04-04 13:25:00+00:00,98.47,99.0,98.24,98.92,885069
2025-04-04 13:30:00+00:00,98.95,100.13,97.99,98.455,20885681
2025-04-04 13:35:00+00:00,98.495,98.74,97.05,97.17,11273390
2025-04-04 13:40:00+00:00,97.175,97.19,96.21,96.58,12902740
2025-04-04 13:45:00+00:00,96.57,97.76,96.41,97.31,10128223
2025-04-04 13:50:00+00:00,97.29,98.48,97.19,97.36,7858011
2025-04-04 13:55:00+00:00,97.37,97.98,96.76,97.635,7704304
2025-04-04 14:00:00+00:00,97.65,97.86,96.95,97.3712,6069301
2025-04-04 14:05:00+00:00,97.38,97.7,95.91,95.96,7652595
2025-04-04 14:10:00+00:00,95.96,96.14,95.31,95.823,8107788
2025-04-04 14:15:00+00:00,95.79,95.87,95.1,95.7,7403497
2025-04-04 14:20:00+00:00,95.705,96.26,95.08,95.21,7249051
2025-04-04 14:25:00+00:00,95.215,95.66,94.56,94.6058,10023077
2025-04-04 14:30:00+00:00,94.605,95.3,94.47,94.48,7775797
2025-04-04 14:35:00+00:00,94.49,94.93,94.22,94.78,7642917
2025-04-04 14:40:00+00:00,94.79,95.04,94.48,94.578,5644119
2025-04-04 14:45:00+00:00,94.57,94.72,92.6,92.69,11993476
2025-04-04 14:50:00+00:00,92.69,94.08,92.11,93.85,14081750
2025-04-04 14:55:00+00:00,93.85,94.58,93.53,94.18,7457244
2025-04-04 15:00:00+00:00,94.18,95.7193,93.63,95.39,10532429
2025-04-04 15:05:00+00:00,95.38,95.57,94.031,94.66,6812825
2025-04-04 15:10:00+00:00,94.64,96.18,94.57,95.8,7276071
2025-04-04 15:15:00+00:00,95.7907,96.5,95.41,95.44,8001421
2025-04-04 15:20:00+00:00,95.43,96.57,95.3,96.45,5750916
2025-04-04 15:25:00+00:00,96.455,96.4597,94.96,95.1,6694680
2025-04-04 15:30:00+00:00,95.1,95.65,94.9,95.08,4610636
2025-04-04 15:35:00+00:00,95.09,95.26,94.0,94.34,4891178
2025-04-04 15:40:00+00:00,94.315,95.02,94.25,94.83,3972013
2025-04-04 15:45:00+00:00,94.825,95.73,94.42,95.59,4395972
2025-04-04 15:50:00+00:00,95.59,95.85,95.22,95.31,3403165
2025-04-04 15:55:00+00:00,95.34,95.78,94.6,94.6588,6287551
2025-04-04 16:00:00+00:00,94.66,95.25,94.62,94.9273,3167122
2025-04-04 16:05:00+00:00,94.915,95.545,94.88,95.115,2750893
2025-04-04 16:10:00+00:00,95.115,95.74,95.03,95.34,3442039
2025-04-04 16:15:00+00:00,95.35,95.49,94.07,94.18,5740963
2025-04-04 16:20:00+00:00,94.18,94.5399,93.66,93.91,4746041
2025-04-04 16:25:00+00:00,93.89,94.09,93.63,93.8299,3541857
2025-04-04 16:30:00+00:00,93.83,93.97,93.33,93.335,3618009
2025-04-04 16:35:00+00:00,93.335,94.3,93.24,94.22,4434283
2025-04-04 16:40:00+00:00,94.22,94.44,93.9101,93.945,4058056
2025-04-04 16:45:00+00:00,93.945,94.18,93.77,93.9,2969633
2025-04-04 16:50:00+00:00,93.8961,94.3512,93.75,94.11,2690297
2025-04-04 16:55:00+00:00,94.11,94.48,93.99,94.0876,2889723
2025-04-04 17:00:00+00:00,94.08,94.58,93.86,94.295,3353279
2025-04-04 17:05:00+00:00,94.28,94.58,94.01,94.19,2627827
2025-04-04 17:10:00+00:00,94.185,94.39,93.68,93.78,3166586
2025-04-04 17:15:00+00:00,93.78,93.95,93.3901,93.9198,3878882
2025-04-04 17:20:00+00:00,93.92,94.47,93.83,94.349,3683866
2025-04-04 17:25:00+00:00,94.35,94.54,94.09,94.11,4978445
2025-04-04 17:30:00+00:00,94.11,94.36,93.665,94.14,3272262
2025-04-04 17:35:00+00:00,94.13,94.7143,94.06,94.575,3176927
2025-04-04 17:40:00+00:00,94.56,94.89,94.4,94.52,3313753
2025-04-04 17:45:00+00:00,94.505,95.26,94.48,95.25,3928879
2025-04-04 17:50:00+00:00,95.25,95.3,94.85,95.1186,3169077
2025-04-04 17:55:00+00:00,95.12,95.74,94.72,95.7291,3525994
2025-04-04 18:00:00+00:00,95.73,96.1299,95.52,95.58,4634821
2025-04-04 18:05:00+00:00,95.59,95.69,94.84,94.885,3965379
2025-04-04 18:10:00+00:00,94.89,95.02,94.43,94.5166,3821141
2025-04-04 18:15:00+00:00,94.51,94.54,93.94,94.0088,3958966
2025-04-04 18:20:00+00:00,94.005,94.23,93.81,94.08,3219894
2025-04-04 18:25:00+00:00,94.085,94.26,93.81,94.01,3340766
2025-04-04 18:30:00+00:00,94.025,94.29,93.54,93.8882,4047362
2025-04-04 18:35:00+00:00,93.89,94.18,93.48,93.86,4134052
2025-04-04 18:40:00+00:00,93.855,94.05,93.465,93.515,3296566
2025-04-04 18:45:00+00:00,93.51,94.3,93.2649,94.12,4726287
2025-04-04 18:50:00+00:00,94.12,94.49,93.89,94.32,3855945
2025-04-04 18:55:00+00:00,94.29,94.49,93.79,93.93,3290927
2025-04-04 19:00:00+00:00,93.93,94.2198,93.6988,94.15,4240210
2025-04-04 19:05:00+00:00,94.15,94.3,93.84,94.185,4240987
2025-04-04 19:10:00+00:00,94.185,95.19,94.12,95.105,5208409
2025-04-04 19:15:00+00:00,95.105,95.14,94.17,94.42,4919908
2025-04-04 19:20:00+00:00,94.415,95.45,94.4,95.35,6704200
2025-04-04 19:25:00+00:00,95.3435,95.56,94.82,95.17,5410937
2025-04-04 19:30:00+00:00,95.17,96.09,94.92,96.03,6460860
2025-04-04 19:35:00+00:00,96.025,96.38,95.46,95.815,6339499
2025-04-04 19:40:00+00:00,95.835,96.03,95.36,96.0,4568747
2025-04-04 19:45:00+00:00,95.99,96.32,94.965,94.9699,6411432
2025-04-04 19:50:00+00:00,94.965,95.0,94.2,94.875,9214217
2025-04-04 19:55:00+00:00,94.87,94.87,94.21,94.28,15500995
2025-04-04 20:00:00+00:00,94.32,94.42,93.5,93.5,40904216
2025-04-04 20:05:00+00:00,93.5793,94.31,93.5,94.1497,1087356
2025-04-04 20:10:00+00:00,94.1,94.1601,93.85,94.05,249520
2025-04-04 20:15:00+00:00,94.0,94.31,93.75,93.75,207253
2025-04-04 20:20:00+00:00,93.72,93.86,93.52,93.7,210665
2025-04-04 20:25:00+00:00,93.7,94.31,93.46,93.61,654885
2025-04-04 20:30:00+00:00,93.61,93.9,93.6,93.86,178881
2025-04-04 20:35:00+00:00,93.85,94.05,93.81,93.8996,171678
2025-04-04 20:40:00+00:00,93.87,94.0,93.7,93.73,287251
2025-04-04 20:45:00+00:00,93.73,94.31,93.73,93.859,219016
2025-04-04 20:50:00+00:00,93.8,93.98,93.8,93.9042,141225
2025-04-04 20:55:00+00:00,93.95,93.99,93.88,93.95,154103
2025-04-04 21:00:00+00:00,93.9501,93.98,93.79,93.79,131963
2025-04-04 21:05:00+00:00,93.79,93.8,93.7,93.75,444339
2025-04-04 21:10:00+00:00,93.76,93.88,93.75,93.8307,203205
2025-04-04 21:15:00+00:00,93.88,94.0,93.85,93.97,322346
2025-04-04 21:20:00+00:00,93.99,94.05,93.91,93.9493,114870
2025-04-04 21:25:00+00:00,93.93,93.97,93.85,93.93,88188
2025-04-04 21:30:00+00:00,93.93,93.96,93.82,93.96,75817
2025-04-04 21:35:00+00:00,93.95,94.02,93.88,93.9803,77282
2025-04-04 21:40:00+00:00,94.0,94.04,93.92,93.96,59117
2025-04-04 21:45:00+00:00,93.95,93.97,93.87,93.91,67764
2025-04-04 21:50:00+00:00,93.9,93.94,93.8,93.86,81079
2025-04-04 21:55:00+00:00,93.83,93.89,93.76,93.81,58576
2025-04-04 22:00:00+00:00,93.82,93.82,93.7,93.7,65540
2025-04-04 22:05:00+00:00,93.76,93.76,93.6376,93.67,102246
2025-04-04 22:10:00+00:00,93.67,93.7099,93.63,93.66,62041
2025-04-04 22:15:00+00:00,93.67,93.72,93.59,93.7,82957
2025-04-04 22:20:00+00:00,93.7,93.72,93.6563,93.68,43593
2025-04-04 22:25:00+00:00,93.65,93.7,93.61,93.7,67263
2025-04-04 22:30:00+00:00,93.69,93.7,93.61,93.6202,41424
2025-04-04 22:35:00+00:00,93.62,93.62,93.52,93.52,66006
2025-04-04 22:40:00+00:00,93.53,93.57,93.42,93.46,129559
2025-04-04 22:45:00+00:00,93.5183,93.57,93.4,93.4001,62211
2025-04-04 22:50:00+00:00,93.4002,93.42,93.25,93.2694,115836
2025-04-04 22:55:00+00:00,93.25,93.27,93.12,93.15,77372
2025-04-04 23:00:00+00:00,93.15,93.31,93.15,93.1912,105364
2025-04-04 23:05:00+00:00,93.17,93.1876,93.0,93.04,128016
2025-04-04 23:10:00+00:00,93.05,93.05,92.8801,92.9399,212939
2025-04-04 23:15:00+00:00,92.93,93.01,92.91,92.99,118387
2025-04-04 23:20:00+00:00,92.96,93.01,92.93,92.99,97297
2025-04-04 23:25:00+00:00,92.98,93.0,92.93,92.94,57255
2025-04-04 23:30:00+00:00,92.96,93.0,92.8317,92.95,169334
2025-04-04 23:35:00+00:00,92.95,93.0,92.95,92.99,246324
2025-04-04 23:40:00+00:00,92.97,92.98,92.8205,92.84,93169
2025-04-04 23:45:00+00:00,92.8299,92.8299,92.57,92.58,163645
2025-04-04 23:50:00+00:00,92.6,92.66,92.57,92.64,241870
2025-04-04 23:55:00+00:00,92.64,92.66,92.5498,92.6,214376
2025-04-07 08:00:00+00:00,86.27,91.1,86.0,87.74,1270536
2025-04-07 08:05:00+00:00,87.73,88.2,87.05,88.08,755150
2025-04-07 08:10:00+00:00,88.04,88.29,87.35,88.0,546175
2025-04-07 08:15:00+00:00,88.0,88.98,88.0,88.94,412611
2025-04-07 08:20:00+00:00,88.95,89.0,88.42,88.7,364827
2025-04-07 08:25:00+00:00,88.69,89.02,88.4,88.87,358612
2025-04-07 08:30:00+00:00,88.87,89.36,88.45,89.31,261650
2025-04-07 08:35:00+00:00,89.34,89.87,89.27,89.59,520385
2025-04-07 08:40:00+00:00,89.58,90.54,89.43,90.03,658592
2025-04-07 08:45:00+00:00,90.02,90.22,89.56,89.78,328203
2025-04-07 08:50:00+00:00,89.77,90.36,89.54,89.91,280122
2025-04-07 08:55:00+00:00,89.88,90.15,89.61,89.8,289107
2025-04-07 09:00:00+00:00,89.8,90.17,89.64,89.71,256389
2025-04-07 09:05:00+00:00,89.72,89.74,89.21,89.33,317866
2025-04-07 09:10:00+00:00,89.34,89.45,89.22,89.32,180748
2025-04-07 09:15:00+00:00,89.32,89.4,88.66,88.71,285557
2025-04-07 09:20:00+00:00,88.68,89.04,88.56,88.9,280635
2025-04-07 09:25:00+00:00,88.88,89.69,88.8,89.34,211555
2025-04-07 09:30:00+00:00,89.3,89.88,89.2,89.71,191654
2025-04-07 09:35:00+00:00,89.68,90.05,89.48,90.0,180594
2025-04-07 09:40:00+00:00,89.99,90.11,89.76,90.0,194812
2025-04-07 09:45:00+00:00,89.97,90.25,89.56,90.0,188580
2025-04-07 09:50:00+00:00,89.95,90.08,89.77,89.87,145350
2025-04-07 09:55:00+00:00,89.87,89.99,89.45,89.74,162901
2025-04-07 10:00:00+00:00,89.78,91.46,89.36,90.95,672987
2025-04-07 10:05:00+00:00,90.94,91.85,90.92,91.6,422628
2025-04-07 10:10:00+00:00,91.59,91.68,91.01,91.28,371894
2025-04-07 10:15:00+00:00,91.26,91.86,90.83,91.63,277140
2025-04-07 10:20:00+00:00,91.71,92.53,91.4,92.39,451502
2025-04-07 10:25:00+00:00,92.37,92.37,91.41,91.93,317347
2025-04-07 10:30:00+00:00,91.9,92.36,91.25,92.35,258205
2025-04-07 10:35:00+00:00,92.3,93.33,92.02,93.33,400639
2025-04-07 10:40:00+00:00,93.31,93.44,92.56,93.26,415530
2025-04-07 10:45:00+00:00,93.24,93.58,92.36,92.56,548969
2025-04-07 10:50:00+00:00,92.63,93.0,92.11,92.35,367580
2025-04-07 10:55:00+00:00,92.31,92.31,90.66,91.41,831982
2025-04-07 11:00:00+00:00,91.44,91.49,90.43,91.07,1024279
2025-04-07 11:05:00+00:00,91.05,91.66,91.0,91.541,444879
2025-04-07 11:10:00+00:00,91.52,91.62,91.0,91.17,397191
2025-04-07 11:15:00+00:00,91.17,91.22,90.83,91.15,305027
2025-04-07 11:20:00+00:00,91.17,91.56,91.0,91.08,268349
2025-04-07 11:25:00+00:00,91.08,91.2,90.71,90.89,354870
2025-04-07 11:30:00+00:00,90.9,91.08,90.5,90.58,386584
2025-04-07 11:35:00+00:00,90.57,90.66,89.84,89.9,680072
2025-04-07 11:40:00+00:00,89.88,90.07,89.24,89.24,577903
2025-04-07 11:45:00+00:00,89.24,89.52,88.74,88.81,786900
2025-04-07 11:50:00+00:00,88.86,89.3,88.78,89.21,619785
2025-04-07 11:55:00+00:00,89.21,89.95,88.71,89.48,532600
2025-04-07 12:00:00+00:00,91.0,94.075,83.66,89.73,10561223
2025-04-07 12:05:00+00:00,89.74,91.0917,88.56,88.59,685127
2025-04-07 12:10:00+00:00,88.56,88.9095,88.28,88.9,634224
2025-04-07 12:15:00+00:00,88.9,89.0988,88.05,88.08,952736
2025-04-07 12:20:00+00:00,88.08,88.72,88.051,88.66,497719
2025-04-07 12:25:00+00:00,88.68,89.7,88.65,89.68,1138360
2025-04-07 12:30:00+00:00,89.66,90.1,89.35,89.67,1235461
2025-04-07 12:35:00+00:00,89.64,90.0,89.26,89.4499,505424
2025-04-07 12:40:00+00:00,89.4491,89.91,89.0,89.59,548175
2025-04-07 12:45:00+00:00,89.6,90.13,88.86,89.74,752139
2025-04-07 12:50:00+00:00,89.7201,90.43,89.67,90.38,874153
2025-04-07 12:55:00+00:00,90.37,90.68,90.05,90.29,739017
2025-04-07 13:00:00+00:00,90.29,90.29,89.7707,89.98,486782
2025-04-07 13:05:00+00:00,89.96,90.14,89.6,89.76,366215
2025-04-07 13:10:00+00:00,89.76,90.03,89.59,90.0,373063
2025-04-07 13:15:00+00:00,89.96,90.0,89.47,89.56,374941
2025-04-07 13:20:00+00:00,89.55,89.58,88.82,88.9,564738
2025-04-07 13:25:00+00:00,88.88,88.88,87.36,87.48,2759458
2025-04-07 13:30:00+00:00,87.46,88.99,87.08,88.22,29527965
2025-04-07 13:35:00+00:00,88.21,88.72,87.5,88.6399,13857110
2025-04-07 13:40:00+00:00,88.63,88.79,86.62,87.5119,14536680
2025-04-07 13:45:00+00:00,87.49,89.82,87.15,89.59,13544324
2025-04-07 13:50:00+00:00,89.58,92.4699,89.33,92.44,15516098
2025-04-07 13:55:00+00:00,92.43,94.3,91.47,93.9,15115355
2025-04-07 14:00:00+00:00,93.9,94.99,92.58,93.6742,13902731
2025-04-07 14:05:00+00:00,93.7291,94.76,93.38,94.1,8699274
2025-04-07 14:10:00+00:00,94.09,101.46,94.04,99.21,23284477
2025-04-07 14:15:00+00:00,99.209,101.75,96.92,97.7,21497087
2025-04-07 14:20:00+00:00,97.71,97.93,93.0,93.56,16973374
2025-04-07 14:25:00+00:00,93.56,95.81,93.42,93.48,12307002
2025-04-07 14:30:00+00:00,93.49,96.07,93.01,94.0,11390531
2025-04-07 14:35:00+00:00,94.0,94.46,92.12,92.21,9912316
2025-04-07 14:40:00+00:00,92.18,94.59,92.02,94.375,7187314
2025-04-07 14:45:00+00:00,94.39,95.56,93.7109,95.41,8708910
2025-04-07 14:50:00+00:00,95.41,97.7264,95.32,97.54,8844544
2025-04-07 14:55:00+00:00,97.52,97.6159,95.99,96.94,6842576
2025-04-07 15:00:00+00:00,96.91,98.29,96.47,98.1499,9813292
2025-04-07 15:05:00+00:00,98.13,98.15,95.93,96.0199,6559455
2025-04-07 15:10:00+00:00,96.0,97.51,94.24,94.7001,7844524
2025-04-07 15:15:00+00:00,94.7058,95.41,93.65,94.77,10172105
2025-04-07 15:20:00+00:00,94.77,95.5,93.67,93.73,6301712
2025-04-07 15:25:00+00:00,93.79,94.42,93.64,93.88,4496304
2025-04-07 15:30:00+00:00,93.85,95.33,93.85,94.89,5118576
2025-04-07 15:35:00+00:00,94.9208,96.27,94.87,95.45,5235647
2025-04-07 15:40:00+00:00,95.45,97.31,95.3,97.02,5245888
2025-04-07 15:45:00+00:00,97.04,97.5938,96.3701,97.195,5171882
2025-04-07 15:50:00+00:00,97.2,97.74,95.9,95.95,4833776
2025-04-07 15:55:00+00:00,95.96,96.59,95.72,95.74,3346008
2025-04-07 16:00:00+00:00,95.75,96.03,95.42,95.63,3284072
2025-04-07 16:05:00+00:00,95.64,95.66,94.58,94.74,3488804
2025-04-07 16:10:00+00:00,94.73,95.9,94.56,95.45,3716783
2025-04-07 16:15:00+00:00,95.43,95.7161,94.71,95.41,4038398
2025-04-07 16:20:00+00:00,95.4,95.855,94.91,95.65,4886363
2025-04-07 16:25:00+00:00,95.67,96.29,95.495,95.87,3921393
2025-04-07 16:30:00+00:00,95.86,96.785,95.68,96.68,3395350
2025-04-07 16:35:00+00:00,96.68,96.73,96.115,96.23,2525467
2025-04-07 16:40:00+00:00,96.225,96.55,95.36,95.7066,3173029
2025-04-07 16:45:00+00:00,95.69,95.82,95.21,95.47,2675989
2025-04-07 16:50:00+00:00,95.47,96.0,95.21,95.85,2440158
2025-04-07 16:55:00+00:00,95.85,95.87,94.812,95.16,3470264
2025-04-07 17:00:00+00:00,95.16,97.73,95.0553,95.3189,6412192
2025-04-07 17:05:00+00:00,95.33,95.92,95.02,95.57,3546304
2025-04-07 17:10:00+00:00,95.57,96.95,95.17,96.85,3584958
2025-04-07 17:15:00+00:00,96.85,97.52,96.4132,97.18,4430664
2025-04-07 17:20:00+00:00,97.19,97.76,96.85,97.23,3976677
2025-04-07 17:25:00+00:00,97.245,98.32,97.05,98.2329,4951214
2025-04-07 17:30:00+00:00,98.21,98.35,97.17,97.7612,4087882
2025-04-07 17:35:00+00:00,97.775,98.43,97.39,98.3699,4199832
2025-04-07 17:40:00+00:00,98.34,99.0,97.8701,98.76,4808532
2025-04-07 17:45:00+00:00,98.75,99.49,98.0,98.65,6479634
2025-04-07 17:50:00+00:00,98.675,99.27,98.3872,99.0431,4041762
2025-04-07 17:55:00+00:00,99.04,99.5,98.52,99.4,4348268
2025-04-07 18:00:00+00:00,99.42,99.69,98.76,99.06,5412800
2025-04-07 18:05:00+00:00,99.05,99.1,97.95,98.48,4585244
2025-04-07 18:10:00+00:00,98.48,99.03,97.8702,98.37,3673034
2025-04-07 18:15:00+00:00,98.37,99.64,98.22,99.31,4509900
2025-04-07 18:20:00+00:00,99.305,99.48,98.7,99.235,3671491
2025-04-07 18:25:00+00:00,99.25,99.35,97.31,97.4307,4336964
2025-04-07 18:30:00+00:00,97.425,98.29,97.38,98.2206,3276286
2025-04-07 18:35:00+00:00,98.21,98.86,98.0517,98.68,3626690
2025-04-07 18:40:00+00:00,98.675,99.03,98.07,98.36,3279173
2025-04-07 18:45:00+00:00,98.365,98.88,97.94,98.11,3069821
2025-04-07 18:50:00+00:00,98.1,98.28,97.38,97.48,3201411
2025-04-07 18:55:00+00:00,97.48,97.79,96.84,97.18,3638932
2025-04-07 19:00:00+00:00,97.18,98.24,97.03,97.2,3785812
2025-04-07 19:05:00+00:00,97.21,97.43,96.61,96.74,3120735
2025-04-07 19:10:00+00:00,96.74,96.99,96.47,96.8269,3072227
2025-04-07 19:15:00+00:00,96.81,97.84,96.42,97.5472,4465762
2025-04-07 19:20:00+00:00,97.54,97.86,96.75,97.08,3367011
2025-04-07 19:25:00+00:00,97.07,97.44,96.6,96.65,3342086
2025-04-07 19:30:00+00:00,96.67,98.16,96.65,97.7493,4711290
2025-04-07 19:35:00+00:00,97.76,98.37,97.59,97.89,4331952
2025-04-07 19:40:00+00:00,97.88,97.98,96.96,97.045,3948284
2025-04-07 19:45:00+00:00,97.045,97.645,96.98,97.4995,3713898
2025-04-07 19:50:00+00:00,97.47,97.47,96.27,97.13,6501997
2025-04-07 19:55:00+00:00,97.125,97.8282,97.12,97.71,9157003
2025-04-07 20:00:00+00:00,97.71,98.01,97.4,97.9989,38148405
2025-04-07 20:05:00+00:00,97.96,98.34,97.64,98.31,770711
2025-04-07 20:10:00+00:00,98.31,98.49,97.64,98.1503,384553
2025-04-07 20:15:00+00:00,98.15,98.6,97.64,98.46,239812
2025-04-07 20:20:00+00:00,98.46,98.6,98.3108,98.35,374852
2025-04-07 20:25:00+00:00,98.36,98.41,98.157,98.33,108956
2025-04-07 20:30:00+00:00,98.3,98.4,98.2001,98.34,74845
2025-04-07 20:35:00+00:00,98.33,98.38,98.1,98.14,81300
2025-04-07 20:40:00+00:00,98.15,98.2999,98.1,98.27,62643
2025-04-07 20:45:00+00:00,98.2504,98.35,97.64,98.28,154817
2025-04-07 20:50:00+00:00,98.27,98.43,98.24,98.42,101494
2025-04-07 20:55:00+00:00,98.37,98.4381,98.3308,98.37,76699
2025-04-07 21:00:00+00:00,98.3705,98.39,98.25,98.3,60356
2025-04-07 21:05:00+00:00,98.28,98.37,98.26,98.2601,85764
2025-04-07 21:10:00+00:00,98.251,98.33,98.2142,98.2984,1669722
2025-04-07 21:15:00+00:00,98.28,98.3,98.2,98.3,41524
2025-04-07 21:20:00+00:00,98.2616,98.36,98.24,98.31,92682
2025-04-07 21:25:00+00:00,98.28,98.45,98.25,98.4,103743
2025-04-07 21:30:00+00:00,98.4,98.45,98.29,98.32,38686
2025-04-07 21:35:00+00:00,98.36,98.4,98.31,98.38,25831
2025-04-07 21:40:00+00:00,98.38,98.45,98.34,98.4,37948
2025-04-07 21:45:00+00:00,98.4,98.4199,98.25,98.26,40421
2025-04-07 21:50:00+00:00,98.28,98.3,98.2,98.26,62725
2025-04-07 21:55:00+00:00,98.25,98.3292,98.24,98.32,41641
2025-04-07 22:00:00+00:00,98.33,98.43,98.25,98.35,92172
2025-04-07 22:05:00+00:00,98.36,98.46,98.31,98.39,67845
2025-04-07 22:10:00+00:00,98.43,98.73,98.39,98.67,148166
2025-04-07 22:15:00+00:00,98.67,98.84,98.66,98.7,101185
2025-04-07 22:20:00+00:00,98.67,98.9,98.6601,98.9,94874
2025-04-07 22:25:00+00:00,98.85,99.05,98.8406,99.0005,165545
2025-04-07 22:30:00+00:00,99.0,99.15,98.9,98.921,143958
2025-04-07 22:35:00+00:00,98.96,99.05,98.9,98.98,59424
2025-04-07 22:40:00+00:00,99.0,99.12,98.97,99.0,63863
2025-04-07 22:45:00+00:00,99.0,99.04,98.92,99.02,47562
2025-04-07 22:50:00+00:00,99.03,99.25,99.0294,99.2305,94130
2025-04-07 22:55:00+00:00,99.23,99.3,99.18,99.21,87533
2025-04-07 23:00:00+00:00,99.23,99.3,99.17,99.2707,51714
2025-04-07 23:05:00+00:00,99.29,99.36,99.23,99.35,95882
2025-04-07 23:10:00+00:00,99.3103,99.4898,99.3103,99.41,120505
2025-04-07 23:15:00+00:00,99.42,99.43,99.36,99.42,73087
2025-04-07 23:20:00+00:00,99.43,99.45,99.33,99.3599,84655
2025-04-07 23:25:00+00:00,99.33,99.42,99.29,99.4,52732
2025-04-07 23:30:00+00:00,99.41,99.44,99.2306,99.28,166309
2025-04-07 23:35:00+00:00,99.3,99.3,99.1,99.1129,64378
2025-04-07 23:40:00+00:00,99.1197,99.12,98.8903,99.01,101131
2025-04-07 23:45:00+00:00,99.0101,99.09,98.91,99.0499,81024
2025-04-07 23:50:00+00:00,99.0302,99.13,99.0,99.07,86412
2025-04-07 23:55:00+00:00,99.1,99.2,99.05,99.1799,140094
2025-04-08 08:00:00+00:00,100.6,101.22,99.0,101.01,432825
2025-04-08 08:05:00+00:00,101.05,101.07,99.92,99.99,257298
2025-04-08 08:10:00+00:00,99.97,100.4,99.82,100.1,247007
2025-04-08 08:15:00+00:00,100.1,100.3,99.89,100.0,129406
2025-04-08 08:20:00+00:00,99.97,100.07,98.93,99.2,231832
2025-04-08 08:25:00+00:00,99.22,99.53,99.12,99.43,114975
2025-04-08 08:30:00+00:00,99.45,99.92,99.43,99.8,110172
2025-04-08 08:35:00+00:00,99.81,99.95,99.4,99.87,100717
2025-04-08 08:40:00+00:00,99.83,100.2,99.79,100.15,162297
2025-04-08 08:45:00+00:00,100.12,100.16,100.01,100.08,94606
2025-04-08 08:50:00+00:00,100.07,100.1,99.78,99.97,126212
2025-04-08 08:55:00+00:00,99.96,100.64,99.74,100.52,142667
2025-04-08 09:00:00+00:00,100.51,100.545,100.07,100.23,90908
2025-04-08 09:05:00+00:00,100.2,100.3,100.02,100.23,58341
2025-04-08 09:10:00+00:00,100.27,100.48,100.23,100.43,75153
2025-04-08 09:15:00+00:00,100.4,100.42,100.1,100.12,80413
2025-04-08 09:20:00+00:00,100.12,100.35,99.97,100.24,85328
2025-04-08 09:25:00+00:00,100.23,100.24,99.9,99.96,133891
2025-04-08 09:30:00+00:00,99.99,100.22,99.98,100.13,59097
2025-04-08 09:35:00+00:00,100.155,100.37,99.96,100.34,75966
2025-04-08 09:40:00+00:00,100.32,100.58,100.2,100.35,98539
2025-04-08 09:45:00+00:00,100.33,100.45,100.2,100.45,56683
2025-04-08 09:50:00+00:00,100.44,100.46,100.05,100.07,57518
2025-04-08 09:55:00+00:00,100.05,100.22,99.92,100.04,115432
2025-04-08 10:00:00+00:00,100.01,100.4,99.78,100.35,145029
2025-04-08 10:05:00+00:00,100.38,100.47,100.2,100.24,59176
2025-04-08 10:10:00+00:00,100.24,100.24,99.93,99.93,127113
2025-04-08 10:15:00+00:00,99.92,99.97,99.66,99.77,136596
2025-04-08 10:20:00+00:00,99.77,100.0,99.55,99.88,99453
2025-04-08 10:25:00+00:00,99.88,99.9,99.68,99.79,74070
2025-04-08 10:30:00+00:00,99.79,100.0,99.71,99.94,69569
2025-04-08 10:35:00+00:00,99.96,100.15,99.95,100.12,94617
2025-04-08 10:40:00+00:00,100.11,100.28,100.01,100.1,69821
2025-04-08 10:45:00+00:00,100.08,100.22,100.0,100.05,63161
2025-04-08 10:50:00+00:00,100.04,100.09,99.84,99.9,112545
2025-04-08 10:55:00+00:00,99.92,100.05,99.82,100.0,82511
2025-04-08 11:00:00+00:00,100.0,100.4,99.97,100.28,294343
2025-04-08 11:05:00+00:00,100.27,100.41,100.07,100.36,197976
2025-04-08 11:10:00+00:00,100.34,100.42,100.14,100.14,189943
2025-04-08 11:15:00+00:00,100.12,100.47,99.98,100.27,193978
2025-04-08 11:20:00+00:00,100.27,100.85,100.27,100.62,226064
2025-04-08 11:25:00+00:00,100.57,100.8,100.45,100.76,272521
2025-04-08 11:30:00+00:00,100.73,101.14,100.64,101.11,322600
2025-04-08 11:35:00+00:00,101.12,101.46,101.01,101.37,459466
2025-04-08 11:40:00+00:00,101.37,101.42,101.14,101.4,442080
2025-04-08 11:45:00+00:00,101.41,101.73,101.4,101.68,474287
2025-04-08 11:50:00+00:00,101.68,102.12,101.63,102.0,623560
2025-04-08 11:55:00+00:00,102.0,102.02,101.8,101.9,330086
2025-04-08 12:00:00+00:00,101.88,102.11,97.84,100.0053,2479592
2025-04-08 12:05:00+00:00,101.5401,102.14,101.5,102.13,526675
2025-04-08 12:10:00+00:00,102.14,102.33,101.97,101.97,593933
2025-04-08 12:15:00+00:00,101.99,102.26,101.9,102.14,542576
2025-04-08 12:20:00+00:00,102.11,102.14,101.69,101.78,426684
2025-04-08 12:25:00+00:00,101.78,101.85,101.56,101.7,395467
2025-04-08 12:30:00+00:00,101.69,101.78,101.51,101.58,268249
2025-04-08 12:35:00+00:00,101.58,101.74,101.5,101.6,249693
2025-04-08 12:40:00+00:00,101.6293,101.7,101.43,101.68,374656
2025-04-08 12:45:00+00:00,101.7,101.96,101.65,101.84,391743
2025-04-08 12:50:00+00:00,101.85,101.98,101.77,101.89,227874
2025-04-08 12:55:00+00:00,101.9,102.24,101.8,102.17,512820
2025-04-08 13:00:00+00:00,102.15,102.44,102.1,102.4397,535133
2025-04-08 13:05:00+00:00,102.4103,102.99,102.34,102.91,773739
2025-04-08 13:10:00+00:00,102.81,103.48,102.76,103.4,1834731
2025-04-08 13:15:00+00:00,103.3667,103.52,103.0,103.039,761223
2025-04-08 13:20:00+00:00,103.0,103.35,102.9,103.35,587968
2025-04-08 13:25:00+00:00,103.35,104.25,103.27,103.86,1696367
2025-04-08 13:30:00+00:00,103.805,104.423,102.99,103.9831,21544057
2025-04-08 13:35:00+00:00,103.97,104.87,102.66,103.17,13371435
2025-04-08 13:40:00+00:00,103.17,104.17,102.59,103.985,8988444
2025-04-08 13:45:00+00:00,103.985,104.84,103.96,104.125,9739861
2025-04-08 13:50:00+00:00,104.14,104.8,103.92,104.6932,7577608
2025-04-08 13:55:00+00:00,104.695,105.1,104.3,104.57,9519846
2025-04-08 14:00:00+00:00,104.56,105.52,104.13,105.28,9115532
2025-04-08 14:05:00+00:00,105.285,105.59,104.79,105.5251,7082740
2025-04-08 14:10:00+00:00,105.525,105.57,104.87,105.23,6021628
2025-04-08 14:15:00+00:00,105.2,105.67,105.12,105.32,5670118
2025-04-08 14:20:00+00:00,105.32,105.85,105.055,105.305,5858628
2025-04-08 14:25:00+00:00,105.305,105.5399,104.71,104.73,5888804
2025-04-08 14:30:00+00:00,104.72,105.2,104.3321,105.12,6526758
2025-04-08 14:35:00+00:00,105.09,105.23,104.59,104.92,4023529
2025-04-08 14:40:00+00:00,104.925,104.925,104.02,104.0799,5083201
2025-04-08 14:45:00+00:00,104.08,104.6,103.97,104.26,4973234
2025-04-08 14:50:00+00:00,104.25,104.44,103.73,103.7643,5569077
2025-04-08 14:55:00+00:00,103.77,103.96,103.28,103.32,5579335
2025-04-08 15:00:00+00:00,103.32,104.25,103.2806,104.145,5107327
2025-04-08 15:05:00+00:00,104.145,104.16,103.33,103.571,4133472
2025-04-08 15:10:00+00:00,103.58,103.665,102.63,102.865,5335672
2025-04-08 15:15:00+00:00,102.87,103.09,102.23,102.625,5705311
2025-04-08 15:20:00+00:00,102.63,103.12,102.24,102.385,5906752
2025-04-08 15:25:00+00:00,102.385,102.68,102.02,102.06,4230869
2025-04-08 15:30:00+00:00,102.06,102.55,102.01,102.33,4262641
2025-04-08 15:35:00+00:00,102.325,103.2,102.15,103.155,5646526
2025-04-08 15:40:00+00:00,103.155,103.535,102.97,103.33,4206349
2025-04-08 15:45:00+00:00,103.325,104.3657,102.46,102.5007,4001135
2025-04-08 15:50:00+00:00,102.505,102.58,101.36,101.99,7118106
2025-04-08 15:55:00+00:00,101.995,102.75,101.83,102.675,4016852
2025-04-08 16:00:00+00:00,102.675,102.68,101.995,102.1501,5169383
2025-04-08 16:05:00+00:00,102.155,102.38,101.86,102.105,3326048
2025-04-08 16:10:00+00:00,102.11,102.72,102.07,102.095,3410733
2025-04-08 16:15:00+00:00,102.1,102.215,101.46,101.62,3998038
2025-04-08 16:20:00+00:00,101.62,101.73,101.03,101.195,3996770
2025-04-08 16:25:00+00:00,101.1999,101.66,100.945,101.585,4185721
2025-04-08 16:30:00+00:00,101.58,101.82,100.75,100.7599,5919277
2025-04-08 16:35:00+00:00,100.755,101.07,99.56,99.74,6720705
2025-04-08 16:40:00+00:00,99.7489,100.08,99.38,99.75,5454488
2025-04-08 16:45:00+00:00,99.745,100.76,99.45,100.35,5046674
2025-04-08 16:50:00+00:00,100.33,100.5,100.0,100.175,3426396
2025-04-08 16:55:00+00:00,100.175,100.9025,99.56,99.62,4685847
2025-04-08 17:00:00+00:00,99.62,100.05,99.45,100.045,3771922
2025-04-08 17:05:00+00:00,100.03,100.38,99.11,99.18,3689267
2025-04-08 17:10:00+00:00,99.16,99.56,98.9,99.4379,4241850
2025-04-08 17:15:00+00:00,99.44,100.24,99.365,99.625,4030289
2025-04-08 17:20:00+00:00,99.62,99.83,98.74,99.3,4204012
2025-04-08 17:25:00+00:00,99.3,99.58,98.7,98.77,3266520
2025-04-08 17:30:00+00:00,98.755,99.3,98.58,98.8075,3147530
2025-04-08 17:35:00+00:00,98.8,99.95,98.73,99.665,4692287
2025-04-08 17:40:00+00:00,99.66,101.0,99.63,100.58,4931310
2025-04-08 17:45:00+00:00,100.6,100.66,99.77,100.0,3228540
2025-04-08 17:50:00+00:00,100.0,100.41,99.73,100.04,2668248
2025-04-08 17:55:00+00:00,100.04,100.45,99.99,100.3398,3653245
2025-04-08 18:00:00+00:00,100.33,100.38,99.96,100.03,2520982
2025-04-08 18:05:00+00:00,100.02,100.03,99.29,99.48,2918894
2025-04-08 18:10:00+00:00,99.475,99.7,99.34,99.49,2343549
2025-04-08 18:15:00+00:00,99.485,100.27,99.415,100.15,2956204
2025-04-08 18:20:00+00:00,100.1518,100.26,99.765,99.99,2465564
2025-04-08 18:25:00+00:00,99.99,100.035,99.33,99.43,2354828
2025-04-08 18:30:00+00:00,99.4283,101.0,99.42,99.51,5288511
2025-04-08 18:35:00+00:00,99.51,99.57,98.86,98.95,3922333
2025-04-08 18:40:00+00:00,98.955,99.11,98.48,98.485,3073230
2025-04-08 18:45:00+00:00,98.485,99.28,98.4805,98.9902,3562736
2025-04-08 18:50:00+00:00,98.985,99.22,98.69,98.76,2695870
2025-04-08 18:55:00+00:00,98.765,98.83,98.3,98.455,3071797
2025-04-08 19:00:00+00:00,98.455,98.66,97.625,97.72,6466059
2025-04-08 19:05:00+00:00,97.72,97.96,96.865,96.91,5420734
2025-04-08 19:10:00+00:00,96.91,97.19,96.01,96.04,5374636
2025-04-08 19:15:00+00:00,96.045,96.2,95.27,95.7,6382356
2025-04-08 19:20:00+00:00,95.69,96.44,95.625,96.15,5200108
2025-04-08 19:25:00+00:00,96.155,96.75,96.025,96.32,4714764
2025-04-08 19:30:00+00:00,96.31,96.34,95.49,95.8,4421621
2025-04-08 19:35:00+00:00,95.8,95.84,94.77,95.055,6267586
2025-04-08 19:40:00+00:00,95.05,95.7,94.86,94.91,5253656
2025-04-08 19:45:00+00:00,94.905,95.32,94.46,94.53,5608985
2025-04-08 19:50:00+00:00,94.54,96.76,94.54,96.52,9126868
2025-04-08 19:55:00+00:00,96.5136,96.75,95.53,96.71,13640128
2025-04-08 20:00:00+00:00,96.73,97.04,96.3,96.82,28369160
2025-04-08 20:05:00+00:00,96.83,97.36,96.3,96.949,627125
2025-04-08 20:10:00+00:00,96.82,97.18,96.41,96.58,417941
2025-04-08 20:15:00+00:00,96.57,96.76,96.25,96.28,201147
2025-04-08 20:20:00+00:00,96.3,96.48,96.0,96.02,203643
2025-04-08 20:25:00+00:00,96.05,96.31,95.94,96.1495,224446
2025-04-08 20:30:00+00:00,96.12,96.35,96.1,96.1,92776
2025-04-08 20:35:00+00:00,96.12,96.4,96.07,96.25,124086
2025-04-08 20:40:00+00:00,96.26,96.3,96.1,96.2,819702
2025-04-08 20:45:00+00:00,96.22,96.5,96.187,96.5,77658
2025-04-08 20:50:00+00:00,96.4507,96.55,96.35,96.4,677648
2025-04-08 20:55:00+00:00,96.41,96.41,96.19,96.32,70875
2025-04-08 21:00:00+00:00,96.34,96.39,96.15,96.2,309926
2025-04-08 21:05:00+00:00,96.22,96.24,96.1,96.1389,54113
2025-04-08 21:10:00+00:00,96.1,96.18,96.06,96.1492,64634
2025-04-08 21:15:00+00:00,96.15,96.17,96.01,96.1694,46478
2025-04-08 21:20:00+00:00,96.15,96.33,96.0906,96.31,72965
2025-04-08 21:25:00+00:00,96.32,96.35,96.2,96.32,81000
2025-04-08 21:30:00+00:00,96.32,96.49,96.22,96.4,78222
2025-04-08 21:35:00+00:00,96.4,96.57,96.3735,96.51,57310
2025-04-08 21:40:00+00:00,96.51,96.54,96.43,96.54,36220
2025-04-08 21:45:00+00:00,96.55,96.95,96.43,96.95,119328
2025-04-08 21:50:00+00:00,96.93,97.17,96.6,96.68,242448
2025-04-08 21:55:00+00:00,96.69,96.8,96.65,96.74,66153
2025-04-08 22:00:00+00:00,96.72,96.79,95.53,95.75,226835
2025-04-08 22:05:00+00:00,95.75,96.09,95.61,95.7517,129259
2025-04-08 22:10:00+00:00,95.69,95.9,95.52,95.69,95249
2025-04-08 22:15:00+00:00,95.69,95.71,95.12,95.17,136475
2025-04-08 22:20:00+00:00,95.1994,95.23,94.6,94.78,261561
2025-04-08 22:25:00+00:00,94.78,95.18,94.65,95.0,135102
2025-04-08 22:30:00+00:00,94.99,95.15,94.87,94.89,103673
2025-04-08 22:35:00+00:00,94.88,95.0,94.76,94.972,103118
2025-04-08 22:40:00+00:00,94.94,95.0,94.56,94.7195,170404
2025-04-08 22:45:00+00:00,94.72,94.95,94.6512,94.822,71064
2025-04-08 22:50:00+00:00,94.88,95.25,94.77,95.01,121221
2025-04-08 22:55:00+00:00,95.03,95.03,94.81,94.83,55705
2025-04-08 23:00:00+00:00,94.82,94.8514,94.66,94.66,84211
2025-04-08 23:05:00+00:00,94.66,94.7,94.5,94.56,85301
2025-04-08 23:10:00+00:00,94.56,94.6,94.11,94.1399,165034
2025-04-08 23:15:00+00:00,94.13,94.1496,93.8,93.84,251665
2025-04-08 23:20:00+00:00,93.8885,93.9,93.0,93.0,244261
2025-04-08 23:25:00+00:00,93.04,93.26,92.6,92.67,301713
2025-04-08 23:30:00+00:00,92.7,93.09,92.59,92.88,211279
2025-04-08 23:35:00+00:00,92.85,93.3,92.84,93.25,166314
2025-04-08 23:40:00+00:00,93.24,93.26,92.85,92.86,152832
2025-04-08 23:45:00+00:00,92.85,93.49,92.71,93.44,252045
2025-04-08 23:50:00+00:00,93.48,93.49,93.1304,93.24,150011
2025-04-08 23:55:00+00:00,93.1522,93.45,93.0,93.3101,212688
2025-04-09 08:00:00+00:00,99.5,101.16,95.51,99.52,747886
2025-04-09 08:05:00+00:00,99.52,99.7,98.62,99.41,405527
2025-04-09 08:10:00+00:00,99.45,99.48,98.65,98.9,247734
2025-04-09 08:15:00+00:00,98.89,99.44,98.75,99.29,172366
2025-04-09 08:20:00+00:00,99.29,99.42,98.82,99.07,146177
2025-04-09 08:25:00+00:00,99.09,99.44,98.5,98.5,193805
2025-04-09 08:30:00+00:00,98.52,98.54,96.85,97.48,537290
2025-04-09 08:35:00+00:00,97.37,98.03,97.35,97.7,206838
2025-04-09 08:40:00+00:00,97.7,98.56,97.61,98.41,200119
2025-04-09 08:45:00+00:00,98.42,99.25,98.42,99.2,327240
2025-04-09 08:50:00+00:00,99.2,99.92,98.85,99.58,443580
2025-04-09 08:55:00+00:00,99.61,99.74,99.35,99.39,215647
2025-04-09 09:00:00+00:00,99.49,99.64,99.2,99.3,203504
2025-04-09 09:05:00+00:00,99.31,99.68,99.14,99.63,114437
2025-04-09 09:10:00+00:00,99.6,100.16,99.6,99.79,287777
2025-04-09 09:15:00+00:00,99.78,99.79,99.25,99.57,178744
2025-04-09 09:20:00+00:00,99.53,99.7,99.0,99.0,184911
2025-04-09 09:25:00+00:00,99.0,99.14,98.76,99.14,202337
2025-04-09 09:30:00+00:00,99.2,99.35,99.04,99.1,95319
2025-04-09 09:35:00+00:00,99.03,99.34,98.82,98.91,97731
2025-04-09 09:40:00+00:00,98.93,99.1,98.72,99.05,98990
2025-04-09 09:45:00+00:00,99.01,99.01,98.56,98.56,89439
2025-04-09 09:50:00+00:00,98.56,98.78,98.35,98.59,116761
2025-04-09 09:55:00+00:00,98.58,99.08,98.58,98.8,98555
2025-04-09 10:00:00+00:00,98.84,98.97,98.4,98.52,86144
2025-04-09 10:05:00+00:00,98.51,98.67,97.92,98.59,144297
2025-04-09 10:10:00+00:00,98.66,98.97,98.18,98.86,94212
2025-04-09 10:15:00+00:00,98.87,98.93,98.28,98.29,125582
2025-04-09 10:20:00+00:00,98.23,98.55,97.96,98.0,144368
2025-04-09 10:25:00+00:00,98.01,98.46,97.85,98.3,102327
2025-04-09 10:30:00+00:00,98.23,98.28,97.38,97.67,161666
2025-04-09 10:35:00+00:00,97.67,98.1,97.6,98.01,102599
2025-04-09 10:40:00+00:00,98.03,98.45,97.95,98.29,104897
2025-04-09 10:45:00+00:00,98.27,98.88,98.18,98.6,138808
2025-04-09 10:50:00+00:00,98.62,99.05,98.58,98.92,163865
2025-04-09 10:55:00+00:00,98.9,99.15,98.02,98.15,184467
2025-04-09 11:00:00+00:00,98.18,98.31,95.43,96.27,1109523
2025-04-09 11:05:00+00:00,96.27,96.38,95.19,95.77,619290
2025-04-09 11:10:00+00:00,95.83,96.4,95.57,96.37,406313
2025-04-09 11:15:00+00:00,96.41,97.2,95.85,96.12,352196
2025-04-09 11:20:00+00:00,96.11,96.3,95.86,96.2,254500
2025-04-09 11:25:00+00:00,96.19,96.8,96.08,96.49,234479
2025-04-09 11:30:00+00:00,96.47,96.55,95.75,95.79,277218
2025-04-09 11:35:00+00:00,95.79,96.0,95.18,95.2,238145
2025-04-09 11:40:00+00:00,95.19,95.3,94.82,94.87,489011
2025-04-09 11:45:00+00:00,94.84,96.88,94.6,95.98,520134
2025-04-09 11:50:00+00:00,95.95,96.2,95.37,95.57,366284
2025-04-09 11:55:00+00:00,95.62,96.0,95.55,95.77,156161
2025-04-09 12:00:00+00:00,97.53,99.92,93.25,96.44,4616071
2025-04-09 12:05:00+00:00,96.3901,96.4,95.62,96.07,371207
2025-04-09 12:10:00+00:00,96.0512,96.6,95.82,96.32,355717
2025-04-09 12:15:00+00:00,96.3,96.49,96.0,96.3,310670
2025-04-09 12:20:00+00:00,96.3,96.3276,95.9,96.02,313516
2025-04-09 12:25:00+00:00,96.03,96.57,95.8,96.39,417856
2025-04-09 12:30:00+00:00,96.35,96.7,96.12,96.59,338873
2025-04-09 12:35:00+00:00,96.58,96.63,96.1,96.36,261633
2025-04-09 12:40:00+00:00,96.3217,97.56,96.3,97.53,559333
2025-04-09 12:45:00+00:00,97.5001,97.6,97.03,97.3007,626273
2025-04-09 12:50:00+00:00,97.36,98.2,97.23,98.19,677169
2025-04-09 12:55:00+00:00,98.1899,98.57,97.79,97.8009,885909
2025-04-09 13:00:00+00:00,97.82,98.88,97.81,98.72,945667
2025-04-09 13:05:00+00:00,98.71,99.14,98.1727,98.57,1058988
2025-04-09 13:10:00+00:00,98.6,98.89,98.22,98.3,729688
2025-04-09 13:15:00+00:00,98.3,98.93,98.2,98.68,569191
2025-04-09 13:20:00+00:00,98.67,98.85,98.2,98.2001,457376
2025-04-09 13:25:00+00:00,98.2,99.0,97.99,98.94,562595
2025-04-09 13:30:00+00:00,98.94,99.59,97.5301,98.06,12347638
2025-04-09 13:35:00+00:00,98.075,99.49,97.94,99.265,8577768
2025-04-09 13:40:00+00:00,99.27,100.39,98.6,98.71,10436723
2025-04-09 13:45:00+00:00,98.705,99.55,98.16,99.51,6468202
2025-04-09 13:50:00+00:00,99.5,100.4399,99.12,100.024,7305536
2025-04-09 13:55:00+00:00,100.03,100.38,99.77,99.775,5389083
2025-04-09 14:00:00+00:00,99.79,101.18,99.73,100.47,7610849
2025-04-09 14:05:00+00:00,100.45,100.575,99.4,99.6589,5972362
2025-04-09 14:10:00+00:00,99.65,100.25,98.99,99.14,5384623
2025-04-09 14:15:00+00:00,99.13,99.99,99.065,99.905,4211993
2025-04-09 14:20:00+00:00,99.91,100.58,99.36,100.2401,5893164
2025-04-09 14:25:00+00:00,100.24,100.36,99.45,99.9794,4275712
2025-04-09 14:30:00+00:00,99.97,100.93,99.78,100.75,4536609
2025-04-09 14:35:00+00:00,100.76,100.87,99.86,100.085,3981093
2025-04-09 14:40:00+00:00,100.09,100.31,99.64,100.115,3852723
2025-04-09 14:45:00+00:00,100.11,100.6,99.58,99.7299,4155297
2025-04-09 14:50:00+00:00,99.72,99.8,97.99,98.16,7094463
2025-04-09 14:55:00+00:00,98.16,98.725,97.84,97.85,4701987
2025-04-09 15:00:00+00:00,97.875,98.58,97.72,98.51,4292667
2025-04-09 15:05:00+00:00,98.52,99.29,98.38,99.205,4367087
2025-04-09 15:10:00+00:00,99.21,99.31,98.7,99.04,3124669
2025-04-09 15:15:00+00:00,99.045,99.79,99.03,99.3699,3631551
2025-04-09 15:20:00+00:00,99.365,99.87,99.31,99.798,2618481
2025-04-09 15:25:00+00:00,99.8,99.815,99.13,99.1688,2620718
2025-04-09 15:30:00+00:00,99.17,99.59,98.815,99.0686,2998905
2025-04-09 15:35:00+00:00,99.08,99.2488,98.53,98.56,2684239
2025-04-09 15:40:00+00:00,98.565,98.62,98.0,98.08,3300795
2025-04-09 15:45:00+00:00,98.08,99.14,98.0707,98.7386,3822537
2025-04-09 15:50:00+00:00,98.73,98.93,98.28,98.385,2345670
2025-04-09 15:55:00+00:00,98.39,98.68,98.1945,98.56,2497049
2025-04-09 16:00:00+00:00,98.57,98.7,98.12,98.5164,2663439
2025-04-09 16:05:00+00:00,98.515,99.0,98.46,98.82,2396652
2025-04-09 16:10:00+00:00,98.8286,99.63,98.68,99.59,3111274
2025-04-09 16:15:00+00:00,99.59,99.64,99.14,99.3,2726551
2025-04-09 16:20:00+00:00,99.305,99.36,99.03,99.18,1891801
2025-04-09 16:25:00+00:00,99.2,99.72,99.14,99.44,2473617
2025-04-09 16:30:00+00:00,99.44,99.7,99.15,99.68,2774586
2025-04-09 16:35:00+00:00,99.69,99.88,99.57,99.8457,2171562
2025-04-09 16:40:00+00:00,99.85,100.68,99.55,100.255,4904940
2025-04-09 16:45:00+00:00,100.25,100.55,99.7,100.54,6722105
2025-04-09 16:50:00+00:00,100.54,100.8599,100.02,100.8298,4984937
2025-04-09 16:55:00+00:00,100.825,101.3,100.61,100.6692,5397324
2025-04-09 17:00:00+00:00,100.66,102.2,100.59,102.1,6724011
2025-04-09 17:05:00+00:00,102.11,102.24,100.89,100.97,5308088
2025-04-09 17:10:00+00:00,100.97,101.63,100.64,101.61,4648768
2025-04-09 17:15:00+00:00,101.61,104.52,100.26,104.2628,10446172
2025-04-09 17:20:00+00:00,104.23,107.2,102.68,106.985,15753460
2025-04-09 17:25:00+00:00,106.98,109.85,106.0,106.47,16884953
2025-04-09 17:30:00+00:00,106.47,109.37,105.89,109.33,12920727
2025-04-09 17:35:00+00:00,109.31,110.42,108.0,108.03,13331890
2025-04-09 17:40:00+00:00,108.07,108.86,106.73,107.19,9495172
2025-04-09 17:45:00+00:00,107.2,109.568,107.05,108.975,9666367
2025-04-09 17:50:00+00:00,108.98,109.48,108.35,109.44,7984658
2025-04-09 17:55:00+00:00,109.435,110.18,108.5,110.1284,8243596
2025-04-09 18:00:00+00:00,110.125,111.16,109.8,110.295,11450452
2025-04-09 18:05:00+00:00,110.31,110.83,109.566,110.68,8397913
2025-04-09 18:10:00+00:00,110.685,111.6,110.1802,111.055,8785826
2025-04-09 18:15:00+00:00,111.06,111.42,110.42,110.83,7913493
2025-04-09 18:20:00+00:00,110.86,112.2,110.5,112.09,8750436
2025-04-09 18:25:00+00:00,112.07,112.99,111.93,112.03,7993943
2025-04-09 18:30:00+00:00,112.03,112.76,111.27,111.48,7454374
2025-04-09 18:35:00+00:00,111.49,112.6,111.33,112.3498,6557699
2025-04-09 18:40:00+00:00,112.35,112.5,110.54,110.83,7241816
2025-04-09 18:45:00+00:00,110.82,111.5357,110.1,111.02,7057493
2025-04-09 18:50:00+00:00,111.045,112.34,110.965,111.515,6601186
2025-04-09 18:55:00+00:00,111.5,111.6,110.57,111.07,5192347
2025-04-09 19:00:00+00:00,111.08,111.275,110.37,111.11,5647264
2025-04-09 19:05:00+00:00,111.1009,111.47,110.69,111.445,4807019
2025-04-09 19:10:00+00:00,111.45,112.49,111.42,112.49,6356303
2025-04-09 19:15:00+00:00,112.49,112.61,111.83,112.565,6479949
2025-04-09 19:20:00+00:00,112.555,113.3,112.491,112.9584,8696070
2025-04-09 19:25:00+00:00,112.955,113.16,112.49,112.79,7274233
2025-04-09 19:30:00+00:00,112.7976,114.055,112.775,113.97,8645353
2025-04-09 19:35:00+00:00,113.975,114.32,113.07,114.18,8049842
2025-04-09 19:40:00+00:00,114.185,114.4358,113.82,114.16,7397368
2025-04-09 19:45:00+00:00,114.16,114.27,113.535,114.2132,8153868
2025-04-09 19:50:00+00:00,114.215,115.0,114.215,114.61,13355078
2025-04-09 19:55:00+00:00,114.6,115.1,113.4,114.25,24278283
2025-04-09 20:00:00+00:00,114.22,114.6,113.51,113.63,59013794
2025-04-09 20:05:00+00:00,113.7,114.33,113.54,114.03,688847
2025-04-09 20:10:00+00:00,114.03,114.09,113.8,113.81,391836
2025-04-09 20:15:00+00:00,113.81,114.0699,113.81,114.02,373128
2025-04-09 20:20:00+00:00,114.03,114.19,113.83,113.87,422519
2025-04-09 20:25:00+00:00,113.9,114.07,113.69,113.79,216006
2025-04-09 20:30:00+00:00,113.7609,113.83,113.41,113.5,315899
2025-04-09 20:35:00+00:00,113.52,114.33,113.15,113.23,448930
2025-04-09 20:40:00+00:00,113.25,114.33,113.15,113.32,268086
2025-04-09 20:45:00+00:00,113.32,113.69,113.2,113.5,288189
2025-04-09 20:50:00+00:00,113.4547,113.68,113.4,113.61,220223
2025-04-09 20:55:00+00:00,113.67,114.09,113.6108,114.0,342749
2025-04-09 21:00:00+00:00,114.01,114.09,113.74,114.09,898187
2025-04-09 21:05:00+00:00,114.089,114.16,114.0,114.15,210575
2025-04-09 21:10:00+00:00,114.0912,114.25,114.0912,114.17,156615
2025-04-09 21:15:00+00:00,114.16,114.16,113.63,113.63,234743
2025-04-09 21:20:00+00:00,113.61,113.64,113.16,113.18,248285
2025-04-09 21:25:00+00:00,113.17,113.55,113.16,113.5207,194668
2025-04-09 21:30:00+00:00,113.535,113.56,113.2,113.21,204279
2025-04-09 21:35:00+00:00,113.2,113.25,112.7,112.99,350870
2025-04-09 21:40:00+00:00,112.96,113.56,112.77,112.77,247554
2025-04-09 21:45:00+00:00,112.77,112.9,112.6,112.6,214563
2025-04-09 21:50:00+00:00,112.61,112.64,112.33,112.35,232504
2025-04-09 21:55:00+00:00,112.37,112.88,112.29,112.7815,216253
2025-04-09 22:00:00+00:00,112.86,113.54,112.4,112.42,278677
2025-04-09 22:05:00+00:00,112.4464,112.9,112.4464,112.77,160419
2025-04-09 22:10:00+00:00,112.77,113.3,112.54,113.05,168847
2025-04-09 22:15:00+00:00,113.05,113.25,112.98,113.03,144067
2025-04-09 22:20:00+00:00,113.04,113.04,112.7,112.85,129722
2025-04-09 22:25:00+00:00,112.85,113.0,112.83,112.92,106389
2025-04-09 22:30:00+00:00,112.9,113.05,112.8316,113.05,144705
2025-04-09 22:35:00+00:00,113.0309,113.04,112.83,112.9604,79815
2025-04-09 22:40:00+00:00,112.9601,113.27,112.93,113.25,138969
2025-04-09 22:45:00+00:00,113.2699,113.35,113.15,113.151,153291
2025-04-09 22:50:00+00:00,113.1512,113.3,113.14,113.27,95414
2025-04-09 22:55:00+00:00,113.28,113.6,113.26,113.57,159990
2025-04-09 23:00:00+00:00,113.57,113.69,113.42,113.55,196226
2025-04-09 23:05:00+00:00,113.56,113.6499,113.1401,113.33,108255
2025-04-09 23:10:00+00:00,113.35,113.35,113.1,113.1002,100258
2025-04-09 23:15:00+00:00,113.1,113.28,113.01,113.17,117647
2025-04-09 23:20:00+00:00,113.18,113.199,113.0,113.0099,61993
2025-04-09 23:25:00+00:00,113.01,113.03,112.7,112.87,183360
2025-04-09 23:30:00+00:00,112.8698,112.9401,112.8111,112.8501,94241
2025-04-09 23:35:00+00:00,112.86,112.92,112.83,112.8795,121452
2025-04-09 23:40:00+00:00,112.85,112.8791,112.73,112.76,96075
2025-04-09 23:45:00+00:00,112.77,112.8299,112.7,112.82,170216
2025-04-09 23:50:00+00:00,112.81,112.89,112.56,112.59,202091
2025-04-09 23:55:00+00:00,112.571,112.6,112.22,112.589,349136
2025-04-10 08:00:00+00:00,111.7,113.0,110.87,111.06,356928
2025-04-10 08:05:00+00:00,111.03,111.31,110.74,110.97,195665
2025-04-10 08:10:00+00:00,110.97,111.15,110.53,110.53,166564
2025-04-10 08:15:00+00:00,110.53,110.6,109.7,110.03,376088
2025-04-10 08:20:00+00:00,110.1,110.5,109.82,109.88,255140
2025-04-10 08:25:00+00:00,109.88,110.5,109.83,110.22,187931
2025-04-10 08:30:00+00:00,110.16,110.21,109.01,109.62,283139
2025-04-10 08:35:00+00:00,109.65,109.87,109.12,109.21,217557
2025-04-10 08:40:00+00:00,109.23,110.01,109.19,109.65,197496
2025-04-10 08:45:00+00:00,109.69,110.06,109.65,109.79,144360
2025-04-10 08:50:00+00:00,109.84,110.06,109.52,109.8,157389
2025-04-10 08:55:00+00:00,109.84,110.14,109.8,109.96,170640
2025-04-10 09:00:00+00:00,110.0,110.29,109.84,110.18,205094
2025-04-10 09:05:00+00:00,110.15,110.29,109.65,109.75,144882
2025-04-10 09:10:00+00:00,109.81,110.2,109.69,110.1,116364
2025-04-10 09:15:00+00:00,110.08,110.17,109.66,109.84,100532
2025-04-10 09:20:00+00:00,109.89,110.3,109.8,110.16,106087
2025-04-10 09:25:00+00:00,110.15,110.17,109.7,109.95,92457
2025-04-10 09:30:00+00:00,109.95,110.23,109.8,110.21,95546
2025-04-10 09:35:00+00:00,110.23,110.48,110.03,110.31,139733
2025-04-10 09:40:00+00:00,110.3,110.42,109.94,110.03,92427
2025-04-10 09:45:00+00:00,110.0,110.15,109.8,110.1,91097
2025-04-10 09:50:00+00:00,110.12,110.5,110.05,110.48,88695
2025-04-10 09:55:00+00:00,110.48,110.66,110.3,110.4,158768
2025-04-10 10:00:00+00:00,110.36,110.76,110.31,110.69,97706
2025-04-10 10:05:00+00:00,110.7,110.99,110.48,110.8,125246
2025-04-10 10:10:00+00:00,110.8,111.3,110.8,111.1,209617
2025-04-10 10:15:00+00:00,111.06,111.21,110.88,111.08,113378
2025-04-10 10:20:00+00:00,111.0,111.05,110.56,110.87,110353
2025-04-10 10:25:00+00:00,110.89,110.99,110.75,110.86,58331
2025-04-10 10:30:00+00:00,110.86,111.45,110.86,111.27,145977
2025-04-10 10:35:00+00:00,111.25,111.5,110.97,111.5,129084
2025-04-10 10:40:00+00:00,111.45,111.6,111.0,111.09,107458
2025-04-10 10:45:00+00:00,111.06,111.11,110.77,110.84,115252
2025-04-10 10:50:00+00:00,110.86,110.9,110.39,110.4,140664
2025-04-10 10:55:00+00:00,110.4,110.86,110.37,110.75,61846
2025-04-10 11:00:00+00:00,110.75,111.14,110.67,111.1,251508
2025-04-10 11:05:00+00:00,111.08,111.15,110.8,110.95,161482
2025-04-10 11:10:00+00:00,110.94,111.12,110.56,110.74,161707
2025-04-10 11:15:00+00:00,110.72,110.74,110.32,110.61,165607
2025-04-10 11:20:00+00:00,110.6,110.83,110.49,110.69,135835
2025-04-10 11:25:00+00:00,110.67,110.75,110.57,110.57,91562
2025-04-10 11:30:00+00:00,110.6,110.9,110.28,110.79,172862
2025-04-10 11:35:00+00:00,110.77,110.99,110.75,110.79,91916
2025-04-10 11:40:00+00:00,110.81,110.9,110.74,110.82,94992
2025-04-10 11:45:00+00:00,110.77,111.15,110.72,111.08,159754
2025-04-10 11:50:00+00:00,111.08,111.11,110.91,110.91,105531
2025-04-10 11:55:00+00:00,110.92,111.03,110.85,110.95,104244
2025-04-10 12:00:00+00:00,111.12,114.62,109.156,111.0,3173963
2025-04-10 12:05:00+00:00,110.58,110.69,109.97,110.0,567321
2025-04-10 12:10:00+00:00,110.0,110.07,109.85,110.0,455207
2025-04-10 12:15:00+00:00,109.99,110.0,109.83,109.97,556636
2025-04-10 12:20:00+00:00,109.98,110.08,109.82,109.8508,331382
2025-04-10 12:25:00+00:00,109.84,110.01,109.55,109.8,326983
2025-04-10 12:30:00+00:00,109.76,111.38,109.76,110.65,1153909
2025-04-10 12:35:00+00:00,110.61,111.01,110.0,110.42,623586
2025-04-10 12:40:00+00:00,110.449,110.46,109.74,110.1275,531462
2025-04-10 12:45:00+00:00,110.1,110.24,109.81,109.9,356849
2025-04-10 12:50:00+00:00,109.88,110.33,109.6807,110.1802,498063
2025-04-10 12:55:00+00:00,110.1899,110.36,110.04,110.18,237510
2025-04-10 13:00:00+00:00,110.22,110.32,110.03,110.25,273741
2025-04-10 13:05:00+00:00,110.27,110.6,110.21,110.44,319549
2025-04-10 13:10:00+00:00,110.41,110.79,110.2101,110.25,287619
2025-04-10 13:15:00+00:00,110.3,110.6299,110.2112,110.58,252594
2025-04-10 13:20:00+00:00,110.54,110.69,110.3,110.38,265426
2025-04-10 13:25:00+00:00,110.36,110.36,109.21,109.34,640218
2025-04-10 13:30:00+00:00,109.33,110.02,108.33,109.81,15571742
2025-04-10 13:35:00+00:00,109.81,110.03,109.0,109.51,7935749
2025-04-10 13:40:00+00:00,109.49,109.53,108.65,108.9,7167763
2025-04-10 13:45:00+00:00,108.89,109.6,108.59,109.035,6387050
2025-04-10 13:50:00+00:00,109.045,109.5,108.47,108.77,6998139
2025-04-10 13:55:00+00:00,108.77,108.85,107.42,107.48,6826244
2025-04-10 14:00:00+00:00,107.48,108.15,106.94,107.8788,9404718
2025-04-10 14:05:00+00:00,107.8602,108.3891,107.54,108.09,5489293
2025-04-10 14:10:00+00:00,108.1,108.1,107.27,107.8993,4702415
2025-04-10 14:15:00+00:00,107.895,108.69,107.85,108.01,4612603
2025-04-10 14:20:00+00:00,108.015,109.39,107.985,109.31,5697576
2025-04-10 14:25:00+00:00,109.31,109.77,109.01,109.08,4993285
2025-04-10 14:30:00+00:00,109.06,110.25,109.05,110.0901,5994489
2025-04-10 14:35:00+00:00,110.0931,110.55,109.89,110.2164,4686666
2025-04-10 14:40:00+00:00,110.2149,110.86,109.73,109.93,6000295
2025-04-10 14:45:00+00:00,109.94,110.07,108.92,109.19,4618184
2025-04-10 14:50:00+00:00,109.17,109.98,109.1203,109.9047,4110205
2025-04-10 14:55:00+00:00,109.905,110.06,109.31,109.41,3419144
2025-04-10 15:00:00+00:00,109.41,109.53,108.65,109.06,4390788
2025-04-10 15:05:00+00:00,109.055,109.955,108.9,109.81,3595644
2025-04-10 15:10:00+00:00,109.8,109.9199,109.03,109.1011,2719861
2025-04-10 15:15:00+00:00,109.105,109.1999,108.6,108.96,3095433
2025-04-10 15:20:00+00:00,108.97,109.06,108.25,108.4807,3139294
2025-04-10 15:25:00+00:00,108.48,108.58,107.89,107.895,3588849
2025-04-10 15:30:00+00:00,107.8913,108.14,107.63,108.07,3795511
2025-04-10 15:35:00+00:00,108.08,108.24,107.6902,107.76,3227794
2025-04-10 15:40:00+00:00,107.75,108.268,107.66,107.725,3304952
2025-04-10 15:45:00+00:00,107.72,108.0491,106.5,106.525,6446379
2025-04-10 15:50:00+00:00,106.51,106.8401,105.8,106.815,6963860
2025-04-10 15:55:00+00:00,106.82,106.95,105.585,105.96,5432407
2025-04-10 16:00:00+00:00,105.9687,106.44,105.233,105.235,5560312
2025-04-10 16:05:00+00:00,105.235,106.2,105.01,105.78,5617053
2025-04-10 16:10:00+00:00,105.77,106.37,105.2302,105.31,4362540
2025-04-10 16:15:00+00:00,105.3,105.48,104.21,104.58,6526742
2025-04-10 16:20:00+00:00,104.59,104.7087,103.01,104.485,7484404
2025-04-10 16:25:00+00:00,104.5033,104.5479,103.32,104.05,5626077
2025-04-10 16:30:00+00:00,104.03,105.6,103.94,105.575,5980660
2025-04-10 16:35:00+00:00,105.56,106.19,105.13,105.77,5392490
2025-04-10 16:40:00+00:00,105.77,106.29,105.39,105.97,3904947
2025-04-10 16:45:00+00:00,105.965,106.8,105.46,106.6294,4370544
2025-04-10 16:50:00+00:00,106.64,106.95,105.835,106.02,4578565
2025-04-10 16:55:00+00:00,106.01,107.14,105.8701,107.018,3973483
2025-04-10 17:00:00+00:00,107.0,108.37,106.75,107.27,5796625
2025-04-10 17:05:00+00:00,107.28,107.28,106.22,106.32,3513794
2025-04-10 17:10:00+00:00,106.315,106.45,105.0601,105.35,4190593
2025-04-10 17:15:00+00:00,105.34,105.9,105.03,105.64,3099879
2025-04-10 17:20:00+00:00,105.62,105.78,104.68,105.55,4051734
2025-04-10 17:25:00+00:00,105.55,106.71,105.45,106.47,4098300
2025-04-10 17:30:00+00:00,106.45,107.08,106.05,106.6098,3339781
2025-04-10 17:35:00+00:00,106.6144,107.47,106.58,106.74,3355922
2025-04-10 17:40:00+00:00,106.745,107.3,106.51,107.23,3424752
2025-04-10 17:45:00+00:00,107.24,107.64,106.86,107.072,3308868
2025-04-10 17:50:00+00:00,107.07,107.62,106.61,107.215,3329651
2025-04-10 17:55:00+00:00,107.215,107.88,107.1601,107.475,3345971
2025-04-10 18:00:00+00:00,107.44,108.31,107.17,108.2012,3927976
2025-04-10 18:05:00+00:00,108.2,108.32,106.83,106.9549,4563833
2025-04-10 18:10:00+00:00,106.95,107.2169,106.41,106.45,3465414
2025-04-10 18:15:00+00:00,106.44,107.1,106.12,106.91,3446889
2025-04-10 18:20:00+00:00,106.91,108.1665,106.875,107.7687,3582978
2025-04-10 18:25:00+00:00,107.76,108.57,107.46,108.444,4254707
2025-04-10 18:30:00+00:00,108.45,108.9387,108.1,108.14,4054866
2025-04-10 18:35:00+00:00,108.1499,108.6,107.9,108.5,3407315
2025-04-10 18:40:00+00:00,108.5,108.93,108.19,108.79,3122579
2025-04-10 18:45:00+00:00,108.78,108.82,107.76,108.05,3410233
2025-04-10 18:50:00+00:00,108.05,108.5,107.62,107.74,3254504
2025-04-10 18:55:00+00:00,107.735,108.385,107.45,108.03,3166110
2025-04-10 19:00:00+00:00,108.03,108.75,107.72,108.46,3545958
2025-04-10 19:05:00+00:00,108.46,108.74,106.93,107.005,4074392
2025-04-10 19:10:00+00:00,107.0001,107.435,106.77,107.255,3381887
2025-04-10 19:15:00+00:00,107.25,107.7692,106.77,107.6701,3365866
2025-04-10 19:20:00+00:00,107.68,108.11,107.16,107.37,4215506
2025-04-10 19:25:00+00:00,107.37,107.95,106.4,106.44,3884994
2025-04-10 19:30:00+00:00,106.44,107.7399,106.335,107.4735,5087298
2025-04-10 19:35:00+00:00,107.44,107.6,106.58,106.605,4318078
2025-04-10 19:40:00+00:00,106.605,106.8,105.5502,105.78,5554241
2025-04-10 19:45:00+00:00,105.765,106.51,105.5,106.06,5585235
2025-04-10 19:50:00+00:00,106.05,107.91,106.0,107.73,6776740
2025-04-10 19:55:00+00:00,107.72,108.06,106.85,107.7,11881065
2025-04-10 20:00:00+00:00,107.7,108.06,107.0478,107.85,33054289
2025-04-10 20:05:00+00:00,107.8494,107.9,107.57,107.7588,1277390
2025-04-10 20:10:00+00:00,107.76,107.9304,107.65,107.76,1149567
2025-04-10 20:15:00+00:00,107.8,107.8,107.22,107.42,207100
2025-04-10 20:20:00+00:00,107.36,107.57,107.25,107.3,80514
2025-04-10 20:25:00+00:00,107.32,107.57,107.11,107.11,65120
2025-04-10 20:30:00+00:00,107.1,107.3,107.0,107.17,125810
2025-04-10 20:35:00+00:00,107.14,107.57,107.01,107.1,153451
2025-04-10 20:40:00+00:00,107.1001,107.2,106.94,107.0157,82673
2025-04-10 20:45:00+00:00,107.011,107.22,106.96,107.22,86532
2025-04-10 20:50:00+00:00,107.22,107.3499,107.22,107.27,73371
2025-04-10 20:55:00+00:00,107.28,107.55,107.27,107.53,127429
2025-04-10 21:00:00+00:00,107.52,107.54,107.41,107.47,52830
2025-04-10 21:05:00+00:00,107.47,107.47,107.36,107.4185,23851
2025-04-10 21:10:00+00:00,107.42,107.48,107.38,107.45,36713
2025-04-10 21:15:00+00:00,107.45,107.54,107.45,107.48,44954
2025-04-10 21:20:00+00:00,107.49,107.5,107.34,107.41,2665369
2025-04-10 21:25:00+00:00,107.41,107.4784,107.3,107.31,36993
2025-04-10 21:30:00+00:00,107.2987,107.3,107.1401,107.27,36431
2025-04-10 21:35:00+00:00,107.26,107.28,107.1203,107.14,31326
2025-04-10 21:40:00+00:00,107.12,107.24,107.11,107.17,27023
2025-04-10 21:45:00+00:00,107.14,107.25,107.1,107.25,52252
2025-04-10 21:50:00+00:00,107.2908,107.2908,107.11,107.14,18423
2025-04-10 21:55:00+00:00,107.14,107.24,107.12,107.19,19242
2025-04-10 22:00:00+00:00,107.19,107.47,107.19,107.4,88488
2025-04-10 22:05:00+00:00,107.45,107.69,107.45,107.65,81237
2025-04-10 22:10:00+00:00,107.69,107.83,107.6,107.64,66328
2025-04-10 22:15:00+00:00,107.6,107.7491,107.5102,107.59,57360
2025-04-10 22:20:00+00:00,107.58,107.69,107.58,107.61,20078
2025-04-10 22:25:00+00:00,107.62,107.68,107.5758,107.6102,28730
2025-04-10 22:30:00+00:00,107.62,107.8692,107.61,107.73,49819
2025-04-10 22:35:00+00:00,107.77,107.9491,107.7521,107.94,56206
2025-04-10 22:40:00+00:00,107.95,108.13,107.92,108.13,107076
2025-04-10 22:45:00+00:00,108.1499,108.19,107.8717,107.96,91201
2025-04-10 22:50:00+00:00,107.932,108.03,107.9,107.919,50876
2025-04-10 22:55:00+00:00,107.92,107.96,107.7005,107.8,36826
2025-04-10 23:00:00+00:00,107.7701,107.8,107.35,107.58,83625
2025-04-10 23:05:00+00:00,107.58,107.78,107.51,107.6,379759
2025-04-10 23:10:00+00:00,107.56,107.6,107.23,107.26,103332
2025-04-10 23:15:00+00:00,107.26,107.33,107.15,107.2404,47628
2025-04-10 23:20:00+00:00,107.25,107.2735,106.78,106.78,116071
2025-04-10 23:25:00+00:00,106.78,107.0,106.69,106.71,85090
2025-04-10 23:30:00+00:00,106.73,106.9,106.72,106.7715,64162
2025-04-10 23:35:00+00:00,106.8,106.93,106.63,106.63,42319
2025-04-10 23:40:00+00:00,106.64,106.87,106.5,106.7809,220697
2025-04-10 23:45:00+00:00,106.8,106.89,106.6,106.6999,30261
2025-04-10 23:50:00+00:00,106.6401,106.6787,106.15,106.15,111257
2025-04-10 23:55:00+00:00,106.15,106.28,105.9,106.25,282082
2025-04-11 08:00:00+00:00,108.79,109.0,107.66,108.33,255010
2025-04-11 08:05:00+00:00,108.33,108.75,108.26,108.56,204756
2025-04-11 08:10:00+00:00,108.54,108.61,108.1,108.12,102788
2025-04-11 08:15:00+00:00,108.11,108.19,107.48,107.5,112601
2025-04-11 08:20:00+00:00,107.47,107.71,107.02,107.1,145523
2025-04-11 08:25:00+00:00,107.06,107.62,107.0,107.27,116205
2025-04-11 08:30:00+00:00,107.23,107.49,106.76,106.76,116713
2025-04-11 08:35:00+00:00,106.75,107.23,106.67,107.11,126658
2025-04-11 08:40:00+00:00,107.01,107.26,106.7,107.26,116205
2025-04-11 08:45:00+00:00,107.27,107.54,107.07,107.29,104206
2025-04-11 08:50:00+00:00,107.28,107.4,107.05,107.14,64851
2025-04-11 08:55:00+00:00,107.07,107.44,106.88,107.32,77912
2025-04-11 09:00:00+00:00,107.25,107.45,107.18,107.26,55927
2025-04-11 09:05:00+00:00,107.27,107.3,107.1,107.14,54135
2025-04-11 09:10:00+00:00,107.16,107.22,106.98,107.2,71205
2025-04-11 09:15:00+00:00,107.2,107.5,107.19,107.2,73851
2025-04-11 09:20:00+00:00,107.24,107.45,107.11,107.45,35985
2025-04-11 09:25:00+00:00,107.47,107.75,107.3,107.68,56527
2025-04-11 09:30:00+00:00,107.65,108.29,107.6,108.23,148588
2025-04-11 09:35:00+00:00,108.25,108.49,107.84,108.19,137956
2025-04-11 09:40:00+00:00,108.17,108.43,107.9,108.43,76964
2025-04-11 09:45:00+00:00,108.44,108.48,108.12,108.17,87471
2025-04-11 09:50:00+00:00,108.15,108.75,108.05,108.63,108038
2025-04-11 09:55:00+00:00,108.7,109.08,108.57,108.97,142038
2025-04-11 10:00:00+00:00,108.98,109.17,108.73,108.82,108519
2025-04-11 10:05:00+00:00,108.79,108.9,108.44,108.62,109250
2025-04-11 10:10:00+00:00,108.65,108.8,108.46,108.62,61828
2025-04-11 10:15:00+00:00,108.57,108.63,108.27,108.6,75075
2025-04-11 10:20:00+00:00,108.56,109.0,108.55,108.9,143157
2025-04-11 10:25:00+00:00,108.9,109.15,108.73,108.84,102292
2025-04-11 10:30:00+00:00,108.84,109.02,108.65,108.9,90140
2025-04-11 10:35:00+00:00,108.85,109.19,108.77,108.91,114439
2025-04-11 10:40:00+00:00,108.89,109.09,108.77,108.9,73623
2025-04-11 10:45:00+00:00,108.92,109.18,108.8,108.96,116502
2025-04-11 10:50:00+00:00,108.93,109.08,108.69,108.99,112251
2025-04-11 10:55:00+00:00,108.97,109.09,108.78,108.9,73981
2025-04-11 11:00:00+00:00,108.87,109.0,108.61,108.72,212734
2025-04-11 11:05:00+00:00,108.79,109.05,108.63,109.05,96778
2025-04-11 11:10:00+00:00,109.02,109.15,108.95,109.0,167699
2025-04-11 11:15:00+00:00,109.0,109.05,108.5,108.53,176323
2025-04-11 11:20:00+00:00,108.58,108.78,108.49,108.73,145235
2025-04-11 11:25:00+00:00,108.7,108.84,108.54,108.58,145651
2025-04-11 11:30:00+00:00,108.6,108.85,108.55,108.69,134663
2025-04-11 11:35:00+00:00,108.67,108.75,108.4,108.4,82476
2025-04-11 11:40:00+00:00,108.4,108.47,108.2,108.36,95984
2025-04-11 11:45:00+00:00,108.35,108.45,108.2,108.2,71394
2025-04-11 11:50:00+00:00,108.21,108.35,108.06,108.27,88410
2025-04-11 11:55:00+00:00,108.27,108.99,108.25,108.84,162815
2025-04-11 12:00:00+00:00,108.88,110.0,106.69,109.08,2662610
2025-04-11 12:05:00+00:00,109.08,109.13,108.69,108.7985,209093
2025-04-11 12:10:00+00:00,108.79,108.94,108.6901,108.9199,114689
2025-04-11 12:15:00+00:00,108.92,109.04,108.8,108.92,123937
2025-04-11 12:20:00+00:00,108.95,109.0,108.79,108.81,143016
2025-04-11 12:25:00+00:00,108.82,108.95,108.8,108.9,101145
2025-04-11 12:30:00+00:00,108.95,109.47,108.89,109.46,405398
2025-04-11 12:35:00+00:00,109.46,109.62,109.12,109.34,306454
2025-04-11 12:40:00+00:00,109.35,109.5,109.2,109.26,257561
2025-04-11 12:45:00+00:00,109.28,109.36,108.9,109.0282,244475
2025-04-11 12:50:00+00:00,109.0283,109.4,108.92,109.39,204795
2025-04-11 12:55:00+00:00,109.37,109.4499,108.65,108.8,348009
2025-04-11 13:00:00+00:00,108.8,108.9489,108.54,108.9488,288588
2025-04-11 13:05:00+00:00,108.9,109.07,108.43,108.53,318766
2025-04-11 13:10:00+00:00,108.54,108.5971,107.9,108.0801,560872
2025-04-11 13:15:00+00:00,108.11,108.17,107.8222,108.0392,268491
2025-04-11 13:20:00+00:00,107.93,108.47,107.9,108.37,246319
2025-04-11 13:25:00+00:00,108.39,108.7,108.2,108.51,263222
2025-04-11 13:30:00+00:00,108.51,109.2,107.9,108.435,7178384
2025-04-11 13:35:00+00:00,108.43,109.78,108.3968,109.5647,6488566
2025-04-11 13:40:00+00:00,109.575,110.34,108.945,109.77,7235564
2025-04-11 13:45:00+00:00,109.78,110.54,109.67,109.8958,5701789
2025-04-11 13:50:00+00:00,109.89,110.685,109.36,110.44,6471488
2025-04-11 13:55:00+00:00,110.44,110.69,109.8,110.35,5167248
2025-04-11 14:00:00+00:00,110.35,110.6,108.72,109.3503,6851367
2025-04-11 14:05:00+00:00,109.37,110.4,109.17,110.286,4752775
2025-04-11 14:10:00+00:00,110.29,110.43,109.37,109.8,4508512
2025-04-11 14:15:00+00:00,109.79,110.3299,108.7,108.76,4358848
2025-04-11 14:20:00+00:00,108.72,108.77,107.555,108.4549,6467237
2025-04-11 14:25:00+00:00,108.46,108.6699,107.66,107.695,4278059
2025-04-11 14:30:00+00:00,107.71,108.97,107.48,108.7101,5130434
2025-04-11 14:35:00+00:00,108.71,109.37,108.63,109.28,3920131
2025-04-11 14:40:00+00:00,109.25,109.67,108.88,109.61,3538983
2025-04-11 14:45:00+00:00,109.61,109.835,109.07,109.29,3735961
2025-04-11 14:50:00+00:00,109.28,109.29,108.61,109.0211,3355830
2025-04-11 14:55:00+00:00,109.04,109.06,108.38,108.44,2809113
2025-04-11 15:00:00+00:00,108.44,109.67,108.05,108.21,4768091
2025-04-11 15:05:00+00:00,108.19,108.9299,107.97,108.615,3346836
2025-04-11 15:10:00+00:00,108.62,108.75,107.86,108.12,3065324
2025-04-11 15:15:00+00:00,108.13,108.41,107.93,108.3499,2581869
2025-04-11 15:20:00+00:00,108.35,108.74,107.96,108.139,2907773
2025-04-11 15:25:00+00:00,108.13,108.785,108.06,108.64,2736086
2025-04-11 15:30:00+00:00,108.65,108.9899,108.43,108.89,2682129
2025-04-11 15:35:00+00:00,108.9,109.4,108.58,109.33,2610918
2025-04-11 15:40:00+00:00,109.33,109.4,108.78,109.035,3139677
2025-04-11 15:45:00+00:00,109.02,109.35,108.9149,109.15,4089398
2025-04-11 15:50:00+00:00,109.15,109.25,108.75,109.03,2184458
2025-04-11 15:55:00+00:00,109.02,109.5,109.02,109.46,2331261
2025-04-11 16:00:00+00:00,109.455,109.585,109.18,109.46,2431697
2025-04-11 16:05:00+00:00,109.465,110.0,109.44,109.5801,3227197
2025-04-11 16:10:00+00:00,109.59,109.96,109.58,109.77,2354447
2025-04-11 16:15:00+00:00,109.78,109.89,109.475,109.57,2008045
2025-04-11 16:20:00+00:00,109.57,109.67,109.37,109.43,1755066
2025-04-11 16:25:00+00:00,109.44,109.6695,109.08,109.44,2340971
2025-04-11 16:30:00+00:00,109.45,110.215,109.45,110.1,3818882
2025-04-11 16:35:00+00:00,110.09,110.85,110.0711,110.61,4371368
2025-04-11 16:40:00+00:00,110.62,111.06,110.37,110.9801,4312226
2025-04-11 16:45:00+00:00,110.985,111.01,110.58,110.8,2672408
2025-04-11 16:50:00+00:00,110.805,110.955,110.53,110.79,2574867
2025-04-11 16:55:00+00:00,110.78,110.865,110.39,110.435,2446592
2025-04-11 17:00:00+00:00,110.435,110.595,109.91,110.23,2942653
2025-04-11 17:05:00+00:00,110.24,110.47,109.98,110.21,2416792
2025-04-11 17:10:00+00:00,110.22,110.25,109.86,110.13,2143662
2025-04-11 17:15:00+00:00,110.14,110.39,109.47,109.71,2684025
2025-04-11 17:20:00+00:00,109.7099,110.01,109.43,109.88,2503918
2025-04-11 17:25:00+00:00,109.875,110.0,109.6543,109.74,2909825
2025-04-11 17:30:00+00:00,109.73,109.89,109.2901,109.75,2095595
2025-04-11 17:35:00+00:00,109.755,110.31,109.49,110.2,2649057
2025-04-11 17:40:00+00:00,110.1999,110.68,110.06,110.505,3823074
2025-04-11 17:45:00+00:00,110.5,110.88,110.04,110.73,3250381
2025-04-11 17:50:00+00:00,110.735,111.5499,110.57,111.235,4402339
2025-04-11 17:55:00+00:00,111.235,111.43,110.87,110.98,3288361
2025-04-11 18:00:00+00:00,110.97,111.1,110.65,110.885,3433932
2025-04-11 18:05:00+00:00,110.905,110.915,110.36,110.545,2483307
2025-04-11 18:10:00+00:00,110.545,110.96,110.31,110.68,2501430
2025-04-11 18:15:00+00:00,110.675,110.825,109.98,110.2199,2890622
2025-04-11 18:20:00+00:00,110.205,110.345,109.71,110.22,3462464
2025-04-11 18:25:00+00:00,110.212,110.38,110.03,110.35,1900373
2025-04-11 18:30:00+00:00,110.36,110.4599,110.14,110.23,1716679
2025-04-11 18:35:00+00:00,110.225,110.435,109.87,110.12,2378134
2025-04-11 18:40:00+00:00,110.12,110.44,110.04,110.34,1645916
2025-04-11 18:45:00+00:00,110.34,110.52,110.24,110.405,1694646
2025-04-11 18:50:00+00:00,110.41,110.45,109.57,110.145,2709367
2025-04-11 18:55:00+00:00,110.14,110.1999,109.68,109.735,1915272
2025-04-11 19:00:00+00:00,109.735,110.21,109.72,110.0812,1935930
2025-04-11 19:05:00+00:00,110.09,110.5,109.88,110.4665,2582201
2025-04-11 19:10:00+00:00,110.465,110.52,110.21,110.42,2226561
2025-04-11 19:15:00+00:00,110.4114,110.46,110.04,110.3701,2256056
2025-04-11 19:20:00+00:00,110.38,110.4,110.15,110.31,1683951
2025-04-11 19:25:00+00:00,110.315,110.45,110.09,110.11,2042104
2025-04-11 19:30:00+00:00,110.105,110.3,109.83,110.165,2836387
2025-04-11 19:35:00+00:00,110.17,110.285,109.89,110.26,2535077
2025-04-11 19:40:00+00:00,110.27,110.56,110.26,110.52,3340221
2025-04-11 19:45:00+00:00,110.515,110.545,110.2,110.4001,3194021
2025-04-11 19:50:00+00:00,110.41,110.75,110.06,110.59,5522542
2025-04-11 19:55:00+00:00,110.59,111.04,110.52,110.69,12266875
2025-04-11 20:00:00+00:00,110.7,110.97,110.66,110.85,24622926
2025-04-11 20:05:00+00:00,110.86,110.93,110.8,110.85,3964996
2025-04-11 20:10:00+00:00,110.82,110.85,110.69,110.74,108186
2025-04-11 20:15:00+00:00,110.75,110.9,110.73,110.81,100377
2025-04-11 20:20:00+00:00,110.81,110.93,110.71,110.8,214373
2025-04-11 20:25:00+00:00,110.79,110.93,110.7,110.73,56744
2025-04-11 20:30:00+00:00,110.75,110.81,110.7201,110.81,807083
2025-04-11 20:35:00+00:00,110.83,110.86,110.76,110.8101,64709
2025-04-11 20:40:00+00:00,110.82,110.93,110.8102,110.87,702676
2025-04-11 20:45:00+00:00,110.88,110.93,110.87,110.91,88446
2025-04-11 20:50:00+00:00,110.91,110.92,110.61,110.65,149123
2025-04-11 20:55:00+00:00,110.64,110.7,110.58,110.65,71531
2025-04-11 21:00:00+00:00,110.6608,110.6885,110.62,110.65,58349
2025-04-11 21:05:00+00:00,110.65,110.67,110.61,110.66,33778
2025-04-11 21:10:00+00:00,110.66,110.66,110.61,110.66,42243
2025-04-11 21:15:00+00:00,110.65,110.74,110.6401,110.7,40742
2025-04-11 21:20:00+00:00,110.69,110.77,110.67,110.77,28028
2025-04-11 21:25:00+00:00,110.74,110.78,110.7,110.7,34008
2025-04-11 21:30:00+00:00,110.74,110.74,110.6,110.65,41606
2025-04-11 21:35:00+00:00,110.64,110.6914,110.6,110.61,42011
2025-04-11 21:40:00+00:00,110.6009,110.6983,110.55,110.55,47411
2025-04-11 21:45:00+00:00,110.55,110.61,110.54,110.56,27560
2025-04-11 21:50:00+00:00,110.56,110.61,110.55,110.6009,21979
2025-04-11 21:55:00+00:00,110.6008,110.6589,110.5717,110.6,21418
2025-04-11 22:00:00+00:00,110.6,110.61,110.52,110.5306,23184
2025-04-11 22:05:00+00:00,110.53,110.56,110.5,110.51,25702
2025-04-11 22:10:00+00:00,110.5198,110.52,110.46,110.49,32723
2025-04-11 22:15:00+00:00,110.49,110.52,110.4601,110.5,30835
2025-04-11 22:20:00+00:00,110.5009,110.6,110.5,110.51,32010
2025-04-11 22:25:00+00:00,110.5293,110.57,110.49,110.56,16179
2025-04-11 22:30:00+00:00,110.521,110.57,110.52,110.54,13944
2025-04-11 22:35:00+00:00,110.54,110.56,110.5207,110.55,12073
2025-04-11 22:40:00+00:00,110.53,110.55,110.5,110.51,10299
2025-04-11 22:45:00+00:00,110.52,110.53,110.5,110.52,15580
2025-04-11 22:50:00+00:00,110.52,110.5203,110.49,110.5,23288
2025-04-11 22:55:00+00:00,110.4993,110.53,110.47,110.51,14967
2025-04-11 23:00:00+00:00,110.52,110.52,110.43,110.45,21559
2025-04-11 23:05:00+00:00,110.45,110.45,110.41,110.41,15843
2025-04-11 23:10:00+00:00,110.41,110.47,110.4,110.44,24888
2025-04-11 23:15:00+00:00,110.45,110.46,110.42,110.43,19220
2025-04-11 23:20:00+00:00,110.42,110.45,110.42,110.45,23715
2025-04-11 23:25:00+00:00,110.4313,110.4798,110.4313,110.479,18442
2025-04-11 23:30:00+00:00,110.47,110.55,110.45,110.51,27112
2025-04-11 23:35:00+00:00,110.51,110.59,110.5,110.59,22130
2025-04-11 23:40:00+00:00,110.59,110.6,110.5705,110.6,35758
2025-04-11 23:45:00+00:00,110.59,110.65,110.59,110.62,38586
2025-04-11 23:50:00+00:00,110.6201,110.7,110.62,110.6895,53598
2025-04-11 23:55:00+00:00,110.68,110.71,110.65,110.7003,82525
2025-04-14 08:00:00+00:00,114.5,115.44,113.89,114.42,421916
2025-04-14 08:05:00+00:00,114.46,114.49,114.1,114.32,170210
2025-04-14 08:10:00+00:00,114.32,114.35,114.16,114.33,137790
2025-04-14 08:15:00+00:00,114.33,114.39,114.1,114.15,73824
2025-04-14 08:20:00+00:00,114.15,114.32,114.12,114.32,68962
2025-04-14 08:25:00+00:00,114.32,114.35,113.81,113.87,167968
2025-04-14 08:30:00+00:00,113.85,113.99,113.57,113.61,133152
2025-04-14 08:35:00+00:00,113.6,113.94,113.57,113.82,83934
2025-04-14 08:40:00+00:00,113.81,113.96,113.66,113.69,63510
2025-04-14 08:45:00+00:00,113.69,113.8,113.65,113.68,70912
2025-04-14 08:50:00+00:00,113.72,113.77,113.61,113.74,75565
2025-04-14 08:55:00+00:00,113.73,113.73,113.47,113.51,98710
2025-04-14 09:00:00+00:00,113.5,113.72,113.45,113.66,82230
2025-04-14 09:05:00+00:00,113.62,113.67,113.5,113.64,51566
2025-04-14 09:10:00+00:00,113.62,113.7,113.56,113.65,48289
2025-04-14 09:15:00+00:00,113.66,113.69,113.27,113.31,89371
2025-04-14 09:20:00+00:00,113.31,113.44,113.03,113.05,101579
2025-04-14 09:25:00+00:00,113.05,113.3,112.88,113.19,155378
2025-04-14 09:30:00+00:00,113.19,113.21,112.85,112.86,83966
2025-04-14 09:35:00+00:00,112.88,112.88,112.41,112.45,161029
2025-04-14 09:40:00+00:00,112.48,112.99,112.45,112.83,99578
2025-04-14 09:45:00+00:00,112.79,112.9,112.62,112.79,64580
2025-04-14 09:50:00+00:00,112.85,113.11,112.82,113.0,68091
2025-04-14 09:55:00+00:00,113.0,113.09,112.91,112.99,39974
2025-04-14 10:00:00+00:00,112.99,113.21,112.99,113.18,57227
2025-04-14 10:05:00+00:00,113.18,113.23,113.0,113.12,60671
2025-04-14 10:10:00+00:00,113.13,113.28,113.04,113.09,78392
2025-04-14 10:15:00+00:00,113.09,113.15,113.04,113.11,41267
2025-04-14 10:20:00+00:00,113.1,113.1,112.8,112.94,67941
2025-04-14 10:25:00+00:00,112.94,113.2,112.9,113.1,42496
2025-04-14 10:30:00+00:00,113.12,113.2,113.08,113.15,39710
2025-04-14 10:35:00+00:00,113.14,113.21,113.08,113.08,52292
2025-04-14 10:40:00+00:00,113.08,113.19,113.0,113.08,54795
2025-04-14 10:45:00+00:00,113.07,113.16,113.0,113.09,48978
2025-04-14 10:50:00+00:00,113.1,113.27,113.06,113.2,87678
2025-04-14 10:55:00+00:00,113.22,113.27,113.15,113.25,41941
2025-04-14 11:00:00+00:00,113.26,114.2,113.22,114.2,463110
2025-04-14 11:05:00+00:00,114.19,114.44,114.031,114.11,365456
2025-04-14 11:10:00+00:00,114.1,114.5,114.07,114.43,214878
2025-04-14 11:15:00+00:00,114.431,114.6,114.301,114.59,251520
2025-04-14 11:20:00+00:00,114.6,114.68,114.47,114.52,229784
2025-04-14 11:25:00+00:00,114.53,114.9,114.44,114.77,334070
2025-04-14 11:30:00+00:00,114.78,114.9,114.63,114.66,159941
2025-04-14 11:35:00+00:00,114.66,114.9,114.61,114.73,153664
2025-04-14 11:40:00+00:00,114.75,114.79,114.36,114.62,196887
2025-04-14 11:45:00+00:00,114.62,114.64,114.36,114.45,106346
2025-04-14 11:50:00+00:00,114.49,114.51,114.03,114.09,221725
2025-04-14 11:55:00+00:00,114.05,114.3,114.02,114.27,131313
2025-04-14 12:00:00+00:00,114.27,114.9,112.4488,114.44,2489231
2025-04-14 12:05:00+00:00,114.48,114.5,110.542,114.42,192315
2025-04-14 12:10:00+00:00,114.42,114.43,114.1805,114.1805,280393
2025-04-14 12:15:00+00:00,114.2,114.361,114.06,114.36,161846
2025-04-14 12:20:00+00:00,114.35,114.5,114.33,114.42,227730
2025-04-14 12:25:00+00:00,114.45,114.45,114.31,114.4004,92230
2025-04-14 12:30:00+00:00,114.42,114.49,114.21,114.47,189059
2025-04-14 12:35:00+00:00,114.47,114.82,114.45,114.73,363324
2025-04-14 12:40:00+00:00,114.73,114.81,114.5,114.6402,210667
2025-04-14 12:45:00+00:00,114.66,114.84,114.64,114.769,211624
2025-04-14 12:50:00+00:00,114.75,114.8,114.62,114.71,208726
2025-04-14 12:55:00+00:00,114.7,114.77,114.58,114.61,225091
2025-04-14 13:00:00+00:00,114.62,115.18,114.5,115.0903,931675
2025-04-14 13:05:00+00:00,115.1,115.16,114.91,114.9952,515255
2025-04-14 13:10:00+00:00,114.99,115.25,114.95,115.25,384524
2025-04-14 13:15:00+00:00,115.245,115.37,115.2,115.3,489161
2025-04-14 13:20:00+00:00,115.29,115.34,115.16,115.34,345266
2025-04-14 13:25:00+00:00,115.34,115.38,114.07,114.15,1120314
2025-04-14 13:30:00+00:00,114.15,114.29,112.81,113.1106,15318789
2025-04-14 13:35:00+00:00,113.11,113.52,112.42,112.62,6877059
2025-04-14 13:40:00+00:00,112.62,112.82,111.3801,111.815,7546573
2025-04-14 13:45:00+00:00,111.815,112.56,111.61,112.385,6583564
2025-04-14 13:50:00+00:00,112.3918,112.73,111.83,112.42,5089011
2025-04-14 13:55:00+00:00,112.42,112.49,111.65,111.676,3911304
2025-04-14 14:00:00+00:00,111.69,112.93,111.69,112.84,4843780
2025-04-14 14:05:00+00:00,112.835,113.04,112.33,112.39,4453453
2025-04-14 14:10:00+00:00,112.405,112.61,112.03,112.34,3780699
2025-04-14 14:15:00+00:00,112.35,112.57,111.76,112.29,3654153
2025-04-14 14:20:00+00:00,112.295,112.43,111.95,112.4299,2759712
2025-04-14 14:25:00+00:00,112.43,112.78,112.41,112.567,3218655
2025-04-14 14:30:00+00:00,112.565,112.85,112.3618,112.71,2873040
2025-04-14 14:35:00+00:00,112.705,112.99,112.62,112.905,2758805
2025-04-14 14:40:00+00:00,112.905,112.99,112.46,112.57,2890353
2025-04-14 14:45:00+00:00,112.5615,112.685,112.4,112.5401,2313652
2025-04-14 14:50:00+00:00,112.56,112.77,112.395,112.665,2577412
2025-04-14 14:55:00+00:00,112.6699,112.71,112.17,112.185,2672097
2025-04-14 15:00:00+00:00,112.19,112.38,111.91,112.1303,2999562
2025-04-14 15:05:00+00:00,112.14,112.43,111.97,112.3979,2288206
2025-04-14 15:10:00+00:00,112.39,112.6,111.94,112.01,2594075
2025-04-14 15:15:00+00:00,112.02,112.1699,111.85,112.1311,1983291
2025-04-14 15:20:00+00:00,112.14,112.255,111.91,112.19,2833138
2025-04-14 15:25:00+00:00,112.19,112.255,111.3,111.3335,3817013
2025-04-14 15:30:00+00:00,111.35,111.66,111.125,111.48,3051680
2025-04-14 15:35:00+00:00,111.49,111.55,110.3411,110.56,6301578
2025-04-14 15:40:00+00:00,110.555,110.74,110.235,110.655,3248542
2025-04-14 15:45:00+00:00,110.655,110.6793,109.5,109.605,5364722
2025-04-14 15:50:00+00:00,109.59,109.88,109.2,109.865,4037854
2025-04-14 15:55:00+00:00,109.87,110.37,109.64,109.645,3612565
2025-04-14 16:00:00+00:00,109.65,110.1,109.46,110.08,2537229
2025-04-14 16:05:00+00:00,110.08,110.235,109.73,109.854,2053966
2025-04-14 16:10:00+00:00,109.86,110.06,109.07,109.75,3900121
2025-04-14 16:15:00+00:00,109.76,110.27,109.53,110.13,3397246
2025-04-14 16:20:00+00:00,110.13,110.5,109.95,110.29,2731427
2025-04-14 16:25:00+00:00,110.29,110.37,109.85,110.03,1987938
2025-04-14 16:30:00+00:00,110.03,110.76,109.935,110.735,2446683
2025-04-14 16:35:00+00:00,110.737,111.01,110.72,110.785,2529486
2025-04-14 16:40:00+00:00,110.785,111.12,110.725,111.0727,2164522
2025-04-14 16:45:00+00:00,111.075,111.084,110.76,110.8,1613739
2025-04-14 16:50:00+00:00,110.79,110.81,110.3,110.75,2060413
2025-04-14 16:55:00+00:00,110.77,110.785,110.1,110.1219,1752213
2025-04-14 17:00:00+00:00,110.14,111.19,110.04,110.39,3143872
2025-04-14 17:05:00+00:00,110.4,110.6,110.22,110.55,1531190
2025-04-14 17:10:00+00:00,110.55,110.675,110.33,110.515,1233239
2025-04-14 17:15:00+00:00,110.525,110.6391,110.25,110.635,1306242
2025-04-14 17:20:00+00:00,110.635,111.1599,110.48,110.9,2007099
2025-04-14 17:25:00+00:00,110.9,110.91,110.35,110.44,1798814
2025-04-14 17:30:00+00:00,110.43,110.57,110.06,110.3999,1846283
2025-04-14 17:35:00+00:00,110.39,110.62,110.3198,110.46,1412637
2025-04-14 17:40:00+00:00,110.4629,110.48,109.86,109.92,2104125
2025-04-14 17:45:00+00:00,109.92,110.1702,109.78,110.08,1967966
2025-04-14 17:50:00+00:00,110.075,110.61,109.96,110.3925,1915495
2025-04-14 17:55:00+00:00,110.405,110.7061,110.36,110.625,1351407
2025-04-14 18:00:00+00:00,110.61,111.05,110.56,110.9421,1917479
2025-04-14 18:05:00+00:00,110.945,111.3,110.83,111.06,2386524
2025-04-14 18:10:00+00:00,111.065,111.1,110.66,110.8299,2041644
2025-04-14 18:15:00+00:00,110.8268,110.9693,110.675,110.965,1269598
2025-04-14 18:20:00+00:00,110.965,111.36,110.95,111.3213,2007918
2025-04-14 18:25:00+00:00,111.32,111.36,111.14,111.1994,1242636
2025-04-14 18:30:00+00:00,111.2,111.54,111.1,111.3101,2392676
2025-04-14 18:35:00+00:00,111.3107,111.3999,111.22,111.3,1003638
2025-04-14 18:40:00+00:00,111.3,111.64,111.29,111.635,1467408
2025-04-14 18:45:00+00:00,111.63,111.66,111.11,111.3951,1839781
2025-04-14 18:50:00+00:00,111.4,111.45,111.23,111.28,1088663
2025-04-14 18:55:00+00:00,111.275,111.37,111.12,111.18,1383818
2025-04-14 19:00:00+00:00,111.18,111.45,111.11,111.445,1461155
2025-04-14 19:05:00+00:00,111.44,111.81,111.39,111.765,1984909
2025-04-14 19:10:00+00:00,111.765,111.88,111.59,111.825,1855196
2025-04-14 19:15:00+00:00,111.83,111.83,111.29,111.4103,2224138
2025-04-14 19:20:00+00:00,111.42,111.51,111.26,111.44,1678449
2025-04-14 19:25:00+00:00,111.45,111.4899,111.24,111.35,1722203
2025-04-14 19:30:00+00:00,111.36,111.445,111.0475,111.31,2126065
2025-04-14 19:35:00+00:00,111.31,111.54,111.25,111.5013,2163383
2025-04-14 19:40:00+00:00,111.5,111.79,111.45,111.575,3953615
2025-04-14 19:45:00+00:00,111.58,111.62,111.12,111.36,2362463
2025-04-14 19:50:00+00:00,111.35,111.45,110.92,111.31,3642324
2025-04-14 19:55:00+00:00,111.31,111.315,110.64,110.7,7051462
2025-04-14 20:00:00+00:00,110.7,110.71,110.2,110.31,14288413
2025-04-14 20:05:00+00:00,110.3,110.379,110.02,110.27,656187
2025-04-14 20:10:00+00:00,110.31,110.71,110.25,110.43,249381
2025-04-14 20:15:00+00:00,110.48,110.5,110.15,110.19,154495
2025-04-14 20:20:00+00:00,110.19,110.71,109.9,110.0,333420
2025-04-14 20:25:00+00:00,110.01,110.08,109.77,109.98,158646
2025-04-14 20:30:00+00:00,110.0,110.71,110.0,110.2087,197631
2025-04-14 20:35:00+00:00,110.2,110.41,110.0314,110.39,2688555
2025-04-14 20:40:00+00:00,110.32,110.35,110.1502,110.24,32697
2025-04-14 20:45:00+00:00,110.27,110.5,110.2,110.41,67610
2025-04-14 20:50:00+00:00,110.39,110.4786,110.32,110.4499,52877
2025-04-14 20:55:00+00:00,110.4488,110.4499,110.37,110.42,88423
2025-04-14 21:00:00+00:00,110.43,110.43,110.22,110.24,59207
2025-04-14 21:05:00+00:00,110.27,110.34,110.22,110.2236,46251
2025-04-14 21:10:00+00:00,110.22,110.3,110.1507,110.21,36931
2025-04-14 21:15:00+00:00,110.2,110.3279,110.15,110.28,39752
2025-04-14 21:20:00+00:00,110.3,110.35,110.22,110.22,24972
2025-04-14 21:25:00+00:00,110.25,110.2618,110.15,110.22,27777
2025-04-14 21:30:00+00:00,110.2553,110.26,110.18,110.24,18050
2025-04-14 21:35:00+00:00,110.23,110.3,110.16,110.23,145539
2025-04-14 21:40:00+00:00,110.25,110.29,110.1509,110.19,28607
2025-04-14 21:45:00+00:00,110.17,110.26,110.16,110.22,13527
2025-04-14 21:50:00+00:00,110.21,110.29,110.1597,110.24,49103
2025-04-14 21:55:00+00:00,110.24,110.319,110.2399,110.31,14796
2025-04-14 22:00:00+00:00,110.31,110.31,110.161,110.161,24793
2025-04-14 22:05:00+00:00,110.2,110.2003,110.0,110.05,72422
2025-04-14 22:10:00+00:00,110.05,110.11,109.93,109.98,77386
2025-04-14 22:15:00+00:00,109.98,110.0,109.85,109.85,61536
2025-04-14 22:20:00+00:00,109.8899,110.05,109.83,110.01,48162
2025-04-14 22:25:00+00:00,110.01,110.0599,109.83,109.83,26641
2025-04-14 22:30:00+00:00,109.82,109.95,109.82,109.91,23365
2025-04-14 22:35:00+00:00,109.9194,109.9199,109.84,109.89,25119
2025-04-14 22:40:00+00:00,109.93,109.96,109.84,109.89,23162
2025-04-14 22:45:00+00:00,109.89,109.89,109.77,109.81,41023
2025-04-14 22:50:00+00:00,109.82,109.85,109.7,109.71,34001
2025-04-14 22:55:00+00:00,109.71,109.71,109.57,109.57,74133
2025-04-14 23:00:00+00:00,109.5699,109.67,109.55,109.6,54152
2025-04-14 23:05:00+00:00,109.61,109.67,109.52,109.5334,34429
2025-04-14 23:10:00+00:00,109.53,109.64,109.5,109.5261,91023
2025-04-14 23:15:00+00:00,109.53,109.68,109.51,109.65,38109
2025-04-14 23:20:00+00:00,109.649,109.76,109.55,109.55,60143
2025-04-14 23:25:00+00:00,109.56,109.59,109.5101,109.5495,23252
2025-04-14 23:30:00+00:00,109.54,109.58,109.5,109.559,50848
2025-04-14 23:35:00+00:00,109.55,109.59,109.5,109.5,40110
2025-04-14 23:40:00+00:00,109.52,109.53,109.4,109.4205,57793
2025-04-14 23:45:00+00:00,109.42,109.54,109.4,109.5,32537
2025-04-14 23:50:00+00:00,109.49,109.5,109.42,109.47,63272
2025-04-14 23:55:00+00:00,109.46,109.48,109.31,109.3697,87227
2025-04-15 08:00:00+00:00,111.24,111.31,110.32,110.83,123712
2025-04-15 08:05:00+00:00,110.85,111.1,110.83,111.02,55601
2025-04-15 08:10:00+00:00,111.01,111.18,110.97,111.06,36092
2025-04-15 08:15:00+00:00,111.02,111.15,110.89,111.07,35179
2025-04-15 08:20:00+00:00,111.03,111.2,110.97,111.08,38952
2025-04-15 08:25:00+00:00,111.08,111.18,110.95,111.05,19808
2025-04-15 08:30:00+00:00,111.07,111.2,110.88,110.96,41101
2025-04-15 08:35:00+00:00,110.93,111.0,110.78,111.0,31904
2025-04-15 08:40:00+00:00,111.02,111.1,110.92,111.1,29050
2025-04-15 08:45:00+00:00,111.1,111.15,110.98,111.0,39016
2025-04-15 08:50:00+00:00,111.03,111.04,110.76,110.87,51365
2025-04-15 08:55:00+00:00,110.9,111.08,110.89,111.05,22352
2025-04-15 09:00:00+00:00,111.04,111.05,110.89,111.03,17087
2025-04-15 09:05:00+00:00,111.01,111.06,110.92,110.98,25356
2025-04-15 09:10:00+00:00,110.99,111.04,110.8,110.85,24094
2025-04-15 09:15:00+00:00,110.89,110.98,110.85,110.93,25168
2025-04-15 09:20:00+00:00,110.95,111.06,110.89,111.03,31464
2025-04-15 09:25:00+00:00,111.02,111.12,110.98,111.08,39037
2025-04-15 09:30:00+00:00,111.09,111.25,111.04,111.25,52465
2025-04-15 09:35:00+00:00,111.24,111.24,111.05,111.1,37265
2025-04-15 09:40:00+00:00,111.11,111.13,110.81,110.85,46583
2025-04-15 09:45:00+00:00,110.85,110.95,110.72,110.94,40362
2025-04-15 09:50:00+00:00,110.96,111.0,110.77,110.9,29661
2025-04-15 09:55:00+00:00,110.9,111.02,110.9,110.95,18146
2025-04-15 10:00:00+00:00,110.93,111.06,110.86,110.86,24172
2025-04-15 10:05:00+00:00,110.85,111.0,110.79,110.99,22965
2025-04-15 10:10:00+00:00,110.97,110.97,110.88,110.97,15621
2025-04-15 10:15:00+00:00,110.97,110.97,110.89,110.97,14095
2025-04-15 10:20:00+00:00,111.0,111.07,110.93,111.0,17606
2025-04-15 10:25:00+00:00,111.0,111.04,110.96,111.0,15163
2025-04-15 10:30:00+00:00,110.97,111.04,110.9,111.0,18772
2025-04-15 10:35:00+00:00,110.94,111.04,110.92,110.96,20205
2025-04-15 10:40:00+00:00,110.97,111.0,110.8,110.81,35448
2025-04-15 10:45:00+00:00,110.81,110.87,110.52,110.61,59854
2025-04-15 10:50:00+00:00,110.61,110.7,110.49,110.62,40709
2025-04-15 10:55:00+00:00,110.6,110.9,110.6,110.88,29045
2025-04-15 11:00:00+00:00,110.84,110.9,110.5,110.71,99685
2025-04-15 11:05:00+00:00,110.71,110.75,110.6,110.69,37879
2025-04-15 11:10:00+00:00,110.68,110.68,110.37,110.46,49236
2025-04-15 11:15:00+00:00,110.45,110.54,110.4,110.49,29230
2025-04-15 11:20:00+00:00,110.49,110.55,110.45,110.55,22299
2025-04-15 11:25:00+00:00,110.51,110.6,110.47,110.48,27561
2025-04-15 11:30:00+00:00,110.48,110.58,110.41,110.41,34115
2025-04-15 11:35:00+00:00,110.42,110.95,110.24,110.78,254281
2025-04-15 11:40:00+00:00,110.78,110.95,110.76,110.87,123222
2025-04-15 11:45:00+00:00,110.88,111.0,110.55,110.66,115551
2025-04-15 11:50:00+00:00,110.67,110.96,110.55,110.87,167004
2025-04-15 11:55:00+00:00,110.89,110.91,110.66,110.77,81339
2025-04-15 12:00:00+00:00,110.68,111.46,109.86,110.8,1191669
2025-04-15 12:05:00+00:00,110.8191,110.9,110.73,110.79,101114
2025-04-15 12:10:00+00:00,110.81,110.85,110.5701,110.65,113770
2025-04-15 12:15:00+00:00,110.63,110.68,110.51,110.6001,121678
2025-04-15 12:20:00+00:00,110.61,110.62,110.1,110.19,268992
2025-04-15 12:25:00+00:00,110.1701,110.2981,109.85,110.07,247022
2025-04-15 12:30:00+00:00,110.06,110.18,109.93,109.95,201195
2025-04-15 12:35:00+00:00,109.98,110.27,109.92,110.15,146216
2025-04-15 12:40:00+00:00,110.14,110.28,110.09,110.2,120576
2025-04-15 12:45:00+00:00,110.15,110.27,110.02,110.1301,83581
2025-04-15 12:50:00+00:00,110.1301,110.33,110.12,110.33,87193
2025-04-15 12:55:00+00:00,110.3102,110.45,110.26,110.43,100408
2025-04-15 13:00:00+00:00,110.45,110.6699,110.42,110.54,159467
2025-04-15 13:05:00+00:00,110.53,110.75,110.52,110.5802,141242
2025-04-15 13:10:00+00:00,110.59,110.72,110.39,110.4,176402
2025-04-15 13:15:00+00:00,110.3901,110.46,110.18,110.24,150972
2025-04-15 13:20:00+00:00,110.23,110.57,110.21,110.5,94215
2025-04-15 13:25:00+00:00,110.49,111.13,110.45,111.0,393975
2025-04-15 13:30:00+00:00,110.97,112.76,110.95,112.1035,8793900
2025-04-15 13:35:00+00:00,112.1099,112.235,111.65,111.8,5435455
2025-04-15 13:40:00+00:00,111.83,111.98,111.21,111.49,5115534
2025-04-15 13:45:00+00:00,111.495,111.9,111.13,111.605,4104727
2025-04-15 13:50:00+00:00,111.605,112.0,111.37,111.91,4213159
2025-04-15 13:55:00+00:00,111.925,112.22,111.72,111.73,4279539
2025-04-15 14:00:00+00:00,111.73,111.9785,111.61,111.8499,2640463
2025-04-15 14:05:00+00:00,111.86,112.15,111.695,111.81,2828800
2025-04-15 14:10:00+00:00,111.82,112.3,111.75,111.93,3069711
2025-04-15 14:15:00+00:00,111.94,112.17,110.68,110.84,4611372
2025-04-15 14:20:00+00:00,110.84,111.47,110.5,111.11,4568565
2025-04-15 14:25:00+00:00,111.12,111.23,110.73,111.03,2974261
2025-04-15 14:30:00+00:00,111.035,111.59,111.0,111.585,2761008
2025-04-15 14:35:00+00:00,111.58,111.67,111.21,111.345,2392941
2025-04-15 14:40:00+00:00,111.345,111.85,111.2,111.75,2228127
2025-04-15 14:45:00+00:00,111.755,111.83,111.1,111.54,2888287
2025-04-15 14:50:00+00:00,111.53,111.69,111.25,111.65,1746725
2025-04-15 14:55:00+00:00,111.65,111.84,111.53,111.5962,1874340
2025-04-15 15:00:00+00:00,111.6,111.91,111.52,111.8753,2132186
2025-04-15 15:05:00+00:00,111.88,111.95,111.61,111.825,1805955
2025-04-15 15:10:00+00:00,111.8299,112.115,111.67,112.05,2425287
2025-04-15 15:15:00+00:00,112.0549,112.3792,112.02,112.345,2348649
2025-04-15 15:20:00+00:00,112.345,112.49,112.26,112.405,2214009
2025-04-15 15:25:00+00:00,112.405,112.42,112.01,112.02,2100429
2025-04-15 15:30:00+00:00,112.03,112.4,111.97,112.16,1874936
2025-04-15 15:35:00+00:00,112.16,112.24,111.79,112.1495,2078564
2025-04-15 15:40:00+00:00,112.14,112.28,112.02,112.243,4876733
2025-04-15 15:45:00+00:00,112.24,112.3387,112.07,112.2,1477710
2025-04-15 15:50:00+00:00,112.2,112.787,111.99,112.615,3837106
2025-04-15 15:55:00+00:00,112.615,112.74,112.42,112.7191,2314809
2025-04-15 16:00:00+00:00,112.7101,113.05,112.67,112.985,3907687
2025-04-15 16:05:00+00:00,112.985,113.365,112.95,113.3091,3346519
2025-04-15 16:10:00+00:00,113.305,113.615,113.19,113.37,3037080
2025-04-15 16:15:00+00:00,113.36,113.5399,113.115,113.2098,2046330
2025-04-15 16:20:00+00:00,113.2,113.41,113.06,113.164,2233985
2025-04-15 16:25:00+00:00,113.16,113.45,113.15,113.265,3036196
2025-04-15 16:30:00+00:00,113.27,113.4,113.16,113.185,1412537
2025-04-15 16:35:00+00:00,113.185,113.23,112.98,112.985,1702904
2025-04-15 16:40:00+00:00,112.9815,113.16,112.89,113.11,2320136
2025-04-15 16:45:00+00:00,113.115,113.34,113.09,113.195,1971574
2025-04-15 16:50:00+00:00,113.1965,113.22,112.69,112.7,1892474
2025-04-15 16:55:00+00:00,112.7,112.7,112.293,112.465,2977638
2025-04-15 17:00:00+00:00,112.46,112.76,112.3,112.7412,2004234
2025-04-15 17:05:00+00:00,112.745,112.81,112.44,112.4862,1637017
2025-04-15 17:10:00+00:00,112.49,112.67,112.37,112.6586,1503746
2025-04-15 17:15:00+00:00,112.65,112.7,112.22,112.27,1734628
2025-04-15 17:20:00+00:00,112.27,112.29,111.735,112.0715,2712381
2025-04-15 17:25:00+00:00,112.08,112.09,111.7301,111.8401,1984032
2025-04-15 17:30:00+00:00,111.84,112.17,111.82,111.9663,1870141
2025-04-15 17:35:00+00:00,111.95,112.16,111.78,112.14,1562418
2025-04-15 17:40:00+00:00,112.14,112.38,112.1207,112.295,1726900
2025-04-15 17:45:00+00:00,112.3,112.55,112.13,112.53,1538858
2025-04-15 17:50:00+00:00,112.535,112.64,112.17,112.245,1957681
2025-04-15 17:55:00+00:00,112.24,112.58,112.18,112.4901,1276767
2025-04-15 18:00:00+00:00,112.497,112.625,112.31,112.46,1487743
2025-04-15 18:05:00+00:00,112.465,112.53,112.25,112.3911,1324877
2025-04-15 18:10:00+00:00,112.395,112.44,111.92,112.045,1965316
2025-04-15 18:15:00+00:00,112.0311,112.1,111.77,111.935,1683905
2025-04-15 18:20:00+00:00,111.93,112.215,111.88,112.1335,1527635
2025-04-15 18:25:00+00:00,112.13,112.3,111.99,112.12,1674483
2025-04-15 18:30:00+00:00,112.115,112.29,112.0602,112.1899,1173600
2025-04-15 18:35:00+00:00,112.175,112.26,112.0,112.1116,1262530
2025-04-15 18:40:00+00:00,112.11,112.45,112.07,112.405,1391685
2025-04-15 18:45:00+00:00,112.405,112.5602,112.29,112.365,1662802
2025-04-15 18:50:00+00:00,112.365,112.56,112.31,112.545,1296707
2025-04-15 18:55:00+00:00,112.5493,112.72,112.51,112.63,1995593
2025-04-15 19:00:00+00:00,112.62,112.64,112.41,112.515,1359865
2025-04-15 19:05:00+00:00,112.51,112.71,112.41,112.443,1542361
2025-04-15 19:10:00+00:00,112.445,112.55,112.23,112.5,1570711
2025-04-15 19:15:00+00:00,112.5,112.55,112.445,112.51,1181716
2025-04-15 19:20:00+00:00,112.52,112.52,112.22,112.255,1380053
2025-04-15 19:25:00+00:00,112.255,112.26,111.995,112.2101,2009870
2025-04-15 19:30:00+00:00,112.215,112.33,112.15,112.195,1650133
2025-04-15 19:35:00+00:00,112.19,112.32,112.02,112.285,1847739
2025-04-15 19:40:00+00:00,112.285,112.335,112.13,112.25,1388268
2025-04-15 19:45:00+00:00,112.245,112.275,111.95,112.08,2026901
2025-04-15 19:50:00+00:00,112.11,112.35,112.05,112.225,2529133
2025-04-15 19:55:00+00:00,112.225,112.33,112.05,112.1,4610520
2025-04-15 20:00:00+00:00,112.1,112.39,112.1,112.18,15245016
2025-04-15 20:05:00+00:00,112.16,112.25,112.16,112.25,330469
2025-04-15 20:10:00+00:00,112.22,112.22,112.1,112.13,358544
2025-04-15 20:15:00+00:00,112.12,112.14,112.08,112.09,81802
2025-04-15 20:20:00+00:00,112.09,112.1,111.96,112.08,85339
2025-04-15 20:25:00+00:00,112.0897,112.2,111.95,111.95,296261
2025-04-15 20:30:00+00:00,111.9993,112.2,111.96,112.06,153625
2025-04-15 20:35:00+00:00,112.0505,112.0792,111.9736,112.01,25174
2025-04-15 20:40:00+00:00,112.02,112.1,111.95,112.1,29105
2025-04-15 20:45:00+00:00,112.08,112.08,112.01,112.04,22493
2025-04-15 20:50:00+00:00,112.05,112.05,111.9,111.93,50464
2025-04-15 20:55:00+00:00,111.9213,112.02,111.92,111.9396,42444
2025-04-15 21:00:00+00:00,112.01,112.02,111.94,111.94,30575
2025-04-15 21:05:00+00:00,111.9399,112.1,111.9331,112.08,39309
2025-04-15 21:10:00+00:00,112.0799,112.1,112.02,112.09,12291
2025-04-15 21:15:00+00:00,112.0965,112.14,112.04,112.11,20735
2025-04-15 21:20:00+00:00,112.09,112.14,111.62,111.86,171512
2025-04-15 21:25:00+00:00,111.8406,111.95,109.0,109.2998,1126436
2025-04-15 21:30:00+00:00,109.3,109.3,107.01,107.3,1148933
2025-04-15 21:35:00+00:00,107.33,108.23,106.76,106.89,970693
2025-04-15 21:40:00+00:00,106.85,107.47,106.12,107.11,1051132
2025-04-15 21:45:00+00:00,107.11,107.7,106.87,107.44,794801
2025-04-15 21:50:00+00:00,107.44,107.44,105.77,105.85,1194779
2025-04-15 21:55:00+00:00,105.8197,105.84,104.74,105.29,1422276
2025-04-15 22:00:00+00:00,105.29,105.7,104.75,105.2,947065
2025-04-15 22:05:00+00:00,105.2,105.82,104.8101,105.6,664863
2025-04-15 22:10:00+00:00,105.59,105.85,105.35,105.7201,513249
2025-04-15 22:15:00+00:00,105.7104,105.9,105.22,105.3739,433655
2025-04-15 22:20:00+00:00,105.36,105.37,104.85,105.24,629158
2025-04-15 22:25:00+00:00,105.25,105.32,104.9,105.1799,404469
2025-04-15 22:30:00+00:00,105.15,105.95,105.1,105.6,513194
2025-04-15 22:35:00+00:00,105.58,106.16,105.58,105.9862,387946
2025-04-15 22:40:00+00:00,105.98,106.35,105.81,106.15,435873
2025-04-15 22:45:00+00:00,106.12,106.47,105.85,106.0,435670
2025-04-15 22:50:00+00:00,106.0,106.0,105.66,105.95,419524
2025-04-15 22:55:00+00:00,105.9502,106.07,105.8,105.84,240322
2025-04-15 23:00:00+00:00,105.8803,105.95,105.8,105.88,177627
2025-04-15 23:05:00+00:00,105.87,105.89,105.5,105.54,321134
2025-04-15 23:10:00+00:00,105.54,105.6,105.1,105.3,342853
2025-04-15 23:15:00+00:00,105.2885,105.8794,105.25,105.59,219126
2025-04-15 23:20:00+00:00,105.59,105.64,105.35,105.35,171995
2025-04-15 23:25:00+00:00,105.34,105.4999,105.19,105.44,245175
2025-04-15 23:30:00+00:00,105.44,105.44,105.28,105.2995,194461
2025-04-15 23:35:00+00:00,105.28,105.34,105.1,105.11,237628
2025-04-15 23:40:00+00:00,105.12,105.26,105.05,105.2015,223510
2025-04-15 23:45:00+00:00,105.26,105.35,105.01,105.05,233072
2025-04-15 23:50:00+00:00,105.07,105.08,104.9,105.01,449367
2025-04-15 23:55:00+00:00,105.0,105.21,104.99,105.1,304896
2025-04-16 08:00:00+00:00,105.25,105.39,104.25,104.44,499633
2025-04-16 08:05:00+00:00,104.46,104.69,104.21,104.23,198915
2025-04-16 08:10:00+00:00,104.23,104.55,104.23,104.31,191112
2025-04-16 08:15:00+00:00,104.3,104.6,104.23,104.45,136222
2025-04-16 08:20:00+00:00,104.47,104.76,104.43,104.49,98757
2025-04-16 08:25:00+00:00,104.49,105.74,104.46,104.96,402074
2025-04-16 08:30:00+00:00,105.03,105.66,104.87,105.56,328838
2025-04-16 08:35:00+00:00,105.58,106.2,105.5,106.08,380325
2025-04-16 08:40:00+00:00,106.09,107.19,106.09,107.13,565568
2025-04-16 08:45:00+00:00,107.12,107.12,106.37,106.83,286457
2025-04-16 08:50:00+00:00,106.83,107.38,106.26,106.41,343151
2025-04-16 08:55:00+00:00,106.36,106.7,106.14,106.24,177897
2025-04-16 09:00:00+00:00,106.26,106.59,105.99,105.99,202242
2025-04-16 09:05:00+00:00,106.0,106.44,105.95,106.3,154793
2025-04-16 09:10:00+00:00,106.25,106.5,105.96,106.12,478484
2025-04-16 09:15:00+00:00,106.05,106.41,106.0,106.15,495177
2025-04-16 09:20:00+00:00,106.15,106.21,105.86,106.06,118126
2025-04-16 09:25:00+00:00,106.01,106.38,105.84,105.9,252551
2025-04-16 09:30:00+00:00,105.9,105.96,105.46,105.61,221454
2025-04-16 09:35:00+00:00,105.63,105.91,105.55,105.87,105563
2025-04-16 09:40:00+00:00,105.87,106.29,105.85,105.9,101242
2025-04-16 09:45:00+00:00,105.9,105.92,105.66,105.76,89150
2025-04-16 09:50:00+00:00,105.74,106.12,105.73,106.1,60432
2025-04-16 09:55:00+00:00,106.08,106.08,105.69,105.7,83414
2025-04-16 10:00:00+00:00,105.7,105.96,105.63,105.9,66709
2025-04-16 10:05:00+00:00,105.87,105.97,105.75,105.75,51277
2025-04-16 10:10:00+00:00,105.77,105.77,105.64,105.73,56033
2025-04-16 10:15:00+00:00,105.77,105.91,105.65,105.84,80259
2025-04-16 10:20:00+00:00,105.82,105.9,105.7,105.7,75169
2025-04-16 10:25:00+00:00,105.7,105.9,105.7,105.81,30353
2025-04-16 10:30:00+00:00,105.81,105.83,105.53,105.64,53006
2025-04-16 10:35:00+00:00,105.61,105.61,105.41,105.58,107148
2025-04-16 10:40:00+00:00,105.6,105.72,105.59,105.62,41822
2025-04-16 10:45:00+00:00,105.6,105.71,105.53,105.61,40045
2025-04-16 10:50:00+00:00,105.63,105.71,105.6,105.67,44585
2025-04-16 10:55:00+00:00,105.65,105.85,105.64,105.79,65484
2025-04-16 11:00:00+00:00,105.79,105.81,104.93,105.02,600388
2025-04-16 11:05:00+00:00,104.99,105.1,104.73,105.03,260048
2025-04-16 11:10:00+00:00,105.02,105.04,104.75,104.85,200066
2025-04-16 11:15:00+00:00,104.87,104.94,104.58,104.851,236786
2025-04-16 11:20:00+00:00,104.88,105.18,104.87,105.11,182628
2025-04-16 11:25:00+00:00,105.16,105.24,105.08,105.15,113628
2025-04-16 11:30:00+00:00,105.14,105.18,104.93,105.0,163871
2025-04-16 11:35:00+00:00,105.0,105.01,104.82,104.95,124221
2025-04-16 11:40:00+00:00,104.95,105.5,104.95,105.3,218900
2025-04-16 11:45:00+00:00,105.3,105.42,104.88,104.95,299185
2025-04-16 11:50:00+00:00,104.94,105.06,104.82,104.87,244700
2025-04-16 11:55:00+00:00,104.88,105.04,104.88,104.92,107929
2025-04-16 12:00:00+00:00,105.29,107.25,103.52,105.08,3303960
2025-04-16 12:05:00+00:00,105.11,105.2,104.5,104.98,255418
2025-04-16 12:10:00+00:00,104.9701,105.1,104.89,104.98,251588
2025-04-16 12:15:00+00:00,104.98,105.0,104.8,104.8493,273950
2025-04-16 12:20:00+00:00,104.85,105.11,104.82,105.07,253265
2025-04-16 12:25:00+00:00,105.0799,105.23,105.07,105.1108,222287
2025-04-16 12:30:00+00:00,105.15,105.2,104.89,105.0,341704
2025-04-16 12:35:00+00:00,104.99,105.07,104.65,104.75,416641
2025-04-16 12:40:00+00:00,104.75,104.9,104.47,104.5005,622987
2025-04-16 12:45:00+00:00,104.5,104.62,104.4,104.6,331306
2025-04-16 12:50:00+00:00,104.59,104.84,104.59,104.6999,261423
2025-04-16 12:55:00+00:00,104.7,104.7995,104.6,104.6499,212388
2025-04-16 13:00:00+00:00,104.62,104.64,104.3,104.539,549393
2025-04-16 13:05:00+00:00,104.5,104.7,104.32,104.7,474391
2025-04-16 13:10:00+00:00,104.71,104.79,104.54,104.6,326770
2025-04-16 13:15:00+00:00,104.6006,104.95,104.49,104.5196,501313
2025-04-16 13:20:00+00:00,104.51,104.6291,104.14,104.32,614744
2025-04-16 13:25:00+00:00,104.33,104.8601,104.18,104.44,654156
2025-04-16 13:30:00+00:00,104.44,106.4,104.35,105.8,17928572
2025-04-16 13:35:00+00:00,105.8,106.67,105.6,106.275,8368554
2025-04-16 13:40:00+00:00,106.275,106.79,105.88,106.03,7650583
2025-04-16 13:45:00+00:00,106.035,106.3999,105.74,105.8593,6341859
2025-04-16 13:50:00+00:00,105.85,106.19,105.485,105.745,6027331
2025-04-16 13:55:00+00:00,105.74,105.985,105.21,105.225,5949921
2025-04-16 14:00:00+00:00,105.22,105.55,104.89,105.105,6543386
2025-04-16 14:05:00+00:00,105.105,105.505,104.93,105.47,5417295
2025-04-16 14:10:00+00:00,105.47,105.66,104.99,105.039,4316438
2025-04-16 14:15:00+00:00,105.035,105.145,104.5801,104.84,5000513
2025-04-16 14:20:00+00:00,104.84,105.4,104.76,105.335,4444664
2025-04-16 14:25:00+00:00,105.335,105.75,105.31,105.52,4194525
2025-04-16 14:30:00+00:00,105.525,105.5847,105.33,105.48,2547609
2025-04-16 14:35:00+00:00,105.475,105.5,104.75,104.8949,4031396
2025-04-16 14:40:00+00:00,104.9,105.25,104.85,105.16,3124160
2025-04-16 14:45:00+00:00,105.155,105.155,104.6416,104.735,3501404
2025-04-16 14:50:00+00:00,104.73,104.78,104.39,104.54,4445106
2025-04-16 14:55:00+00:00,104.53,104.575,104.07,104.3599,4938084
2025-04-16 15:00:00+00:00,104.355,104.56,104.03,104.1188,4621967
2025-04-16 15:05:00+00:00,104.1153,104.4,103.8,104.2849,5193418
2025-04-16 15:10:00+00:00,104.3,104.7891,104.13,104.71,4107196
2025-04-16 15:15:00+00:00,104.715,104.76,104.41,104.49,2469634
2025-04-16 15:20:00+00:00,104.5,105.34,104.45,105.24,4430807
2025-04-16 15:25:00+00:00,105.235,105.44,105.13,105.175,3276933
2025-04-16 15:30:00+00:00,105.18,105.34,104.87,105.31,2646718
2025-04-16 15:35:00+00:00,105.31,105.37,104.995,105.125,2033265
2025-04-16 15:40:00+00:00,105.12,105.125,104.76,104.895,2022757
2025-04-16 15:45:00+00:00,104.895,105.02,104.66,104.8253,1984186
2025-04-16 15:50:00+00:00,104.82,104.87,104.36,104.4087,3110245
2025-04-16 15:55:00+00:00,104.4,104.57,104.32,104.4182,2415010
2025-04-16 16:00:00+00:00,104.415,104.48,104.09,104.15,3244399
2025-04-16 16:05:00+00:00,104.145,104.1486,103.86,104.014,3388043
2025-04-16 16:10:00+00:00,104.01,104.17,103.83,104.005,2940189
2025-04-16 16:15:00+00:00,104.01,104.12,103.77,103.93,2814304
2025-04-16 16:20:00+00:00,103.92,104.05,103.58,103.9988,3433577
2025-04-16 16:25:00+00:00,103.999,104.1,103.84,103.915,2264502
2025-04-16 16:30:00+00:00,103.915,104.1,103.86,104.09,1873305
2025-04-16 16:35:00+00:00,104.0884,104.16,103.75,103.91,2616863
2025-04-16 16:40:00+00:00,103.9047,103.96,103.68,103.96,2056275
2025-04-16 16:45:00+00:00,103.95,103.96,103.6,103.695,1836723
2025-04-16 16:50:00+00:00,103.7,103.86,103.56,103.86,2126982
2025-04-16 16:55:00+00:00,103.87,103.89,103.62,103.645,2091478
2025-04-16 17:00:00+00:00,103.65,103.82,103.515,103.585,2535660
2025-04-16 17:05:00+00:00,103.5851,103.68,103.33,103.365,2719126
2025-04-16 17:10:00+00:00,103.3649,103.45,103.15,103.2883,2856190
2025-04-16 17:15:00+00:00,103.29,103.637,103.25,103.5928,2244284
2025-04-16 17:20:00+00:00,103.5983,103.72,103.43,103.6683,2491100
2025-04-16 17:25:00+00:00,103.66,104.0,103.5601,103.935,2473315
2025-04-16 17:30:00+00:00,103.94,103.98,103.14,103.305,4221697
2025-04-16 17:35:00+00:00,103.305,103.7,103.2201,103.395,2984271
2025-04-16 17:40:00+00:00,103.395,103.41,103.03,103.095,3142174
2025-04-16 17:45:00+00:00,103.095,103.095,102.36,102.73,7264263
2025-04-16 17:50:00+00:00,102.725,102.86,102.41,102.465,3516280
2025-04-16 17:55:00+00:00,102.4682,102.57,101.88,102.015,5360249
2025-04-16 18:00:00+00:00,102.015,102.6301,101.96,102.29,4450569
2025-04-16 18:05:00+00:00,102.29,102.65,102.18,102.6,3406281
2025-04-16 18:10:00+00:00,102.6,102.74,102.2141,102.325,2717688
2025-04-16 18:15:00+00:00,102.33,102.41,101.7412,101.9101,3625830
2025-04-16 18:20:00+00:00,101.91,102.51,101.76,102.39,3426718
2025-04-16 18:25:00+00:00,102.38,102.5399,102.15,102.185,2949443
2025-04-16 18:30:00+00:00,102.185,102.255,101.76,101.795,3382607
2025-04-16 18:35:00+00:00,101.7949,101.815,101.2,101.2125,4579285
2025-04-16 18:40:00+00:00,101.21,101.35,100.73,100.7986,6577613
2025-04-16 18:45:00+00:00,100.795,101.0,100.45,100.725,5759014
2025-04-16 18:50:00+00:00,100.72,101.065,100.5847,100.955,4713951
2025-04-16 18:55:00+00:00,100.9555,101.25,100.8401,101.045,3463588
2025-04-16 19:00:00+00:00,101.05,101.51,101.045,101.12,3897315
2025-04-16 19:05:00+00:00,101.125,101.43,101.105,101.255,3593104
2025-04-16 19:10:00+00:00,101.255,101.4982,100.9,101.4,4875634
2025-04-16 19:15:00+00:00,101.39,101.52,101.071,101.105,3251203
2025-04-16 19:20:00+00:00,101.1087,101.27,100.93,100.9675,3911800
2025-04-16 19:25:00+00:00,100.965,101.07,100.67,101.005,4549575
2025-04-16 19:30:00+00:00,101.01,101.89,101.01,101.7919,5461182
2025-04-16 19:35:00+00:00,101.7982,102.28,101.76,102.205,7643797
2025-04-16 19:40:00+00:00,102.21,102.54,102.0101,102.175,8682099
2025-04-16 19:45:00+00:00,102.17,102.915,102.15,102.7801,5861305
2025-04-16 19:50:00+00:00,102.79,103.92,102.7832,103.88,8651562
2025-04-16 19:55:00+00:00,103.885,104.55,103.4,104.5,11887302
2025-04-16 20:00:00+00:00,104.5,104.55,104.0,104.4597,33648623
2025-04-16 20:05:00+00:00,104.455,104.46,104.13,104.21,460378
2025-04-16 20:10:00+00:00,104.2002,104.43,104.2,104.39,360338
2025-04-16 20:15:00+00:00,104.39,104.45,104.2,104.2,220085
2025-04-16 20:20:00+00:00,104.2,104.269,104.0,104.01,622143
2025-04-16 20:25:00+00:00,104.0001,104.49,103.86,103.86,184409
2025-04-16 20:30:00+00:00,103.86,104.49,103.8,103.82,368659
2025-04-16 20:35:00+00:00,103.8399,103.8399,103.57,103.69,213451
2025-04-16 20:40:00+00:00,103.64,103.7,103.5403,103.59,123226
2025-04-16 20:45:00+00:00,103.59,103.7,103.51,103.55,149403
2025-04-16 20:50:00+00:00,103.54,103.58,103.2,103.33,301945
2025-04-16 20:55:00+00:00,103.34,103.39,103.0,103.05,220493
2025-04-16 21:00:00+00:00,103.051,103.2,103.03,103.1701,160794
2025-04-16 21:05:00+00:00,103.2,103.26,103.09,103.1,73584
2025-04-16 21:10:00+00:00,103.11,103.6259,103.104,103.4001,182745
2025-04-16 21:15:00+00:00,103.41,103.78,103.41,103.71,173637
2025-04-16 21:20:00+00:00,103.7001,103.72,103.5304,103.58,1692763
2025-04-16 21:25:00+00:00,103.5895,103.7,103.58,103.7,57986
2025-04-16 21:30:00+00:00,103.6902,103.7,103.54,103.57,66449
2025-04-16 21:35:00+00:00,103.58,103.67,103.58,103.61,34183
2025-04-16 21:40:00+00:00,103.6273,103.65,103.58,103.58,38053
2025-04-16 21:45:00+00:00,103.59,103.64,103.54,103.5599,40522
2025-04-16 21:50:00+00:00,103.56,103.65,103.5,103.58,52153
2025-04-16 21:55:00+00:00,103.57,103.6,103.5307,103.5999,27762
2025-04-16 22:00:00+00:00,103.6,104.0,103.51,103.99,127146
2025-04-16 22:05:00+00:00,103.9617,104.05,103.76,103.82,127249
2025-04-16 22:10:00+00:00,103.81,103.96,103.8,103.82,78801
2025-04-16 22:15:00+00:00,103.82,103.86,103.77,103.86,40598
2025-04-16 22:20:00+00:00,103.86,103.86,103.78,103.8101,34800
2025-04-16 22:25:00+00:00,103.83,103.84,103.8,103.84,43522
2025-04-16 22:30:00+00:00,103.83,103.85,103.8,103.83,41666
2025-04-16 22:35:00+00:00,103.82,103.82,103.66,103.72,39849
2025-04-16 22:40:00+00:00,103.74,103.8,103.7208,103.78,19706
2025-04-16 22:45:00+00:00,103.77,103.95,103.75,103.95,53307
2025-04-16 22:50:00+00:00,103.9423,104.04,103.8109,103.9,83360
2025-04-16 22:55:00+00:00,103.91,103.97,103.8512,103.92,41842
2025-04-16 23:00:00+00:00,103.91,103.93,103.8201,103.87,23036
2025-04-16 23:05:00+00:00,103.86,103.88,103.66,103.7,41466
2025-04-16 23:10:00+00:00,103.71,103.7391,103.57,103.68,51772
2025-04-16 23:15:00+00:00,103.64,103.7,103.51,103.68,56267
2025-04-16 23:20:00+00:00,103.68,103.83,103.65,103.6714,38491
2025-04-16 23:25:00+00:00,103.74,103.74,103.68,103.73,19359
2025-04-16 23:30:00+00:00,103.71,103.71,103.59,103.6,22176
2025-04-16 23:35:00+00:00,103.5998,103.6,103.25,103.45,63663
2025-04-16 23:40:00+00:00,103.4491,103.59,103.37,103.56,64583
2025-04-16 23:45:00+00:00,103.56,103.6102,103.45,103.45,44208
2025-04-16 23:50:00+00:00,103.45,103.48,103.33,103.4,71305
2025-04-16 23:55:00+00:00,103.4,103.48,103.3,103.3805,114163
2025-04-17 08:00:00+00:00,105.95,105.95,105.39,105.4,179548
2025-04-17 08:05:00+00:00,105.43,105.59,105.21,105.53,156042
2025-04-17 08:10:00+00:00,105.53,105.55,105.44,105.45,111049
2025-04-17 08:15:00+00:00,105.45,105.69,105.45,105.69,66227
2025-04-17 08:20:00+00:00,105.66,105.74,105.56,105.7,78421
2025-04-17 08:25:00+00:00,105.69,106.05,105.66,105.9,96039
2025-04-17 08:30:00+00:00,105.87,105.9,105.65,105.65,59985
2025-04-17 08:35:00+00:00,105.65,105.75,105.6,105.6,68693
2025-04-17 08:40:00+00:00,105.6,105.6,105.44,105.46,79154
2025-04-17 08:45:00+00:00,105.44,105.58,105.37,105.45,51629
2025-04-17 08:50:00+00:00,105.47,105.5,105.32,105.42,41337
2025-04-17 08:55:00+00:00,105.41,105.53,105.32,105.32,40547
2025-04-17 09:00:00+00:00,105.33,105.55,105.3,105.55,47234
2025-04-17 09:05:00+00:00,105.52,105.64,105.5,105.64,55386
2025-04-17 09:10:00+00:00,105.61,105.77,105.54,105.76,30313
2025-04-17 09:15:00+00:00,105.77,105.77,105.62,105.72,53531
2025-04-17 09:20:00+00:00,105.73,105.98,105.73,105.76,61791
2025-04-17 09:25:00+00:00,105.75,105.75,105.5,105.63,47555
2025-04-17 09:30:00+00:00,105.62,105.66,105.5,105.5,35778
2025-04-17 09:35:00+00:00,105.51,105.55,105.46,105.5,40460
2025-04-17 09:40:00+00:00,105.5,105.56,105.43,105.56,42313
2025-04-17 09:45:00+00:00,105.56,105.58,105.47,105.53,19150
2025-04-17 09:50:00+00:00,105.55,105.55,105.37,105.52,25261
2025-04-17 09:55:00+00:00,105.53,105.65,105.46,105.64,46372
2025-04-17 10:00:00+00:00,105.62,105.71,105.52,105.58,43399
2025-04-17 10:05:00+00:00,105.65,105.72,105.6,105.63,32407
2025-04-17 10:10:00+00:00,105.64,105.76,105.49,105.5,67975
2025-04-17 10:15:00+00:00,105.51,105.55,105.24,105.27,68590
2025-04-17 10:20:00+00:00,105.27,105.28,105.05,105.12,146978
2025-04-17 10:25:00+00:00,105.12,105.12,104.87,105.01,92858
2025-04-17 10:30:00+00:00,105.03,105.16,105.03,105.11,42280
2025-04-17 10:35:00+00:00,105.08,105.12,104.91,105.0,63245
2025-04-17 10:40:00+00:00,105.01,105.04,104.65,104.72,75170
2025-04-17 10:45:00+00:00,104.73,104.93,104.73,104.84,64845
2025-04-17 10:50:00+00:00,104.82,105.04,104.76,104.97,63968
2025-04-17 10:55:00+00:00,104.98,104.98,104.63,104.77,56197
2025-04-17 11:00:00+00:00,104.77,104.87,104.63,104.64,96768
2025-04-17 11:05:00+00:00,104.63,104.7,104.48,104.67,114139
2025-04-17 11:10:00+00:00,104.65,104.66,104.21,104.21,116936
2025-04-17 11:15:00+00:00,104.24,104.57,104.21,104.43,120740
2025-04-17 11:20:00+00:00,104.46,104.57,104.39,104.5,38774
2025-04-17 11:25:00+00:00,104.46,104.66,104.42,104.5,65171
2025-04-17 11:30:00+00:00,104.52,104.89,104.52,104.72,96248
2025-04-17 11:35:00+00:00,104.65,104.7,104.6,104.64,53388
2025-04-17 11:40:00+00:00,104.66,104.78,104.63,104.74,38981
2025-04-17 11:45:00+00:00,104.73,104.8,104.71,104.74,45711
2025-04-17 11:50:00+00:00,104.75,104.88,104.66,104.74,46202
2025-04-17 11:55:00+00:00,104.73,104.89,104.66,104.87,33284
2025-04-17 12:00:00+00:00,104.88,106.48,104.2101,105.11,1998157
2025-04-17 12:05:00+00:00,105.14,105.35,105.1,105.16,1686224
2025-04-17 12:10:00+00:00,105.16,105.16,104.9301,105.1099,196424
2025-04-17 12:15:00+00:00,105.1099,105.38,105.1,105.2901,215667
2025-04-17 12:20:00+00:00,105.29,105.39,105.1002,105.11,153632
2025-04-17 12:25:00+00:00,105.1,105.15,104.92,104.95,141364
2025-04-17 12:30:00+00:00,104.95,105.06,104.73,105.0,244045
2025-04-17 12:35:00+00:00,105.04,105.06,104.8,104.86,131695
2025-04-17 12:40:00+00:00,104.88,104.9,104.74,104.84,80245
2025-04-17 12:45:00+00:00,104.84,104.95,104.78,104.86,101364
2025-04-17 12:50:00+00:00,104.86,104.9,104.8115,104.89,72769
2025-04-17 12:55:00+00:00,104.89,104.9,104.72,104.8,129244
2025-04-17 13:00:00+00:00,104.8,104.8,104.42,104.61,197000
2025-04-17 13:05:00+00:00,104.5901,104.649,104.43,104.521,182629
2025-04-17 13:10:00+00:00,104.5391,104.55,104.11,104.2099,371313
2025-04-17 13:15:00+00:00,104.21,104.3,104.0,104.24,288285
2025-04-17 13:20:00+00:00,104.24,104.63,104.2,104.48,252214
2025-04-17 13:25:00+00:00,104.48,104.65,104.11,104.48,451901
2025-04-17 13:30:00+00:00,104.47,104.47,102.91,102.98,12671967
2025-04-17 13:35:00+00:00,102.98,103.4,102.71,102.8351,5163551
2025-04-17 13:40:00+00:00,102.84,103.28,102.51,102.6501,8314765
2025-04-17 13:45:00+00:00,102.65,102.85,102.03,102.8401,6803447
2025-04-17 13:50:00+00:00,102.845,103.6,102.84,103.335,5295202
2025-04-17 13:55:00+00:00,103.34,103.47,102.7,102.915,3822057
2025-04-17 14:00:00+00:00,102.915,103.06,102.2,102.345,4420980
2025-04-17 14:05:00+00:00,102.345,102.5268,101.85,102.1084,5219340
2025-04-17 14:10:00+00:00,102.1,102.31,101.75,101.9,4210664
2025-04-17 14:15:00+00:00,101.895,102.08,101.65,101.75,3588810
2025-04-17 14:20:00+00:00,101.74,101.74,101.01,101.0117,6019361
2025-04-17 14:25:00+00:00,101.011,101.02,100.48,100.495,7069947
2025-04-17 14:30:00+00:00,100.4957,100.8,100.22,100.3403,6743198
2025-04-17 14:35:00+00:00,100.34,100.65,100.12,100.5525,4829970
2025-04-17 14:40:00+00:00,100.555,101.02,100.5,100.865,5527230
2025-04-17 14:45:00+00:00,100.865,101.08,100.77,100.89,3717755
2025-04-17 14:50:00+00:00,100.9,101.09,100.34,100.52,3610269
2025-04-17 14:55:00+00:00,100.51,100.54,100.12,100.14,3981508
2025-04-17 15:00:00+00:00,100.15,100.36,100.05,100.2684,4121605
2025-04-17 15:05:00+00:00,100.265,101.23,100.1901,100.8701,5136805
2025-04-17 15:10:00+00:00,100.87,101.22,100.73,101.0299,3538826
2025-04-17 15:15:00+00:00,101.0175,101.33,100.85,101.27,3357847
2025-04-17 15:20:00+00:00,101.27,101.31,100.88,101.045,2695680
2025-04-17 15:25:00+00:00,101.05,101.08,100.29,100.3982,3558413
2025-04-17 15:30:00+00:00,100.395,100.83,100.395,100.7001,2344575
2025-04-17 15:35:00+00:00,100.7,101.05,100.511,100.865,2774001
2025-04-17 15:40:00+00:00,100.865,100.9,100.5,100.565,2222844
2025-04-17 15:45:00+00:00,100.57,100.665,100.25,100.315,2832906
2025-04-17 15:50:00+00:00,100.3101,100.63,100.23,100.245,2907062
2025-04-17 15:55:00+00:00,100.25,100.4353,100.25,100.2717,1875210
2025-04-17 16:00:00+00:00,100.275,100.73,100.2,100.2113,2513500
2025-04-17 16:05:00+00:00,100.21,101.25,100.16,101.1,5256853
2025-04-17 16:10:00+00:00,101.1,101.15,100.43,100.86,3831353
2025-04-17 16:15:00+00:00,100.8501,101.23,100.65,101.2199,2968779
2025-04-17 16:20:00+00:00,101.215,101.24,100.96,101.125,2443191
2025-04-17 16:25:00+00:00,101.13,101.4,101.1,101.235,2617006
2025-04-17 16:30:00+00:00,101.2351,101.39,101.02,101.265,2281403
2025-04-17 16:35:00+00:00,101.2695,101.7091,101.255,101.3547,2807540
2025-04-17 16:40:00+00:00,101.3525,101.435,100.7601,100.857,2807386
2025-04-17 16:45:00+00:00,100.857,101.3,100.7517,101.2801,1964454
2025-04-17 16:50:00+00:00,101.285,101.54,101.2485,101.4864,2019383
2025-04-17 16:55:00+00:00,101.4886,101.71,101.44,101.5515,1609627
2025-04-17 17:00:00+00:00,101.55,101.79,101.52,101.6653,2262904
2025-04-17 17:05:00+00:00,101.67,101.84,101.4506,101.5,2043024
2025-04-17 17:10:00+00:00,101.505,101.55,101.3,101.4301,1664720
2025-04-17 17:15:00+00:00,101.435,101.58,101.14,101.22,2148290
2025-04-17 17:20:00+00:00,101.205,101.22,100.9238,101.0099,2013554
2025-04-17 17:25:00+00:00,101.005,101.13,100.82,100.8312,3009192
2025-04-17 17:30:00+00:00,100.84,101.16,100.8301,101.1009,1860611
2025-04-17 17:35:00+00:00,101.105,101.28,101.0698,101.215,1595570
2025-04-17 17:40:00+00:00,101.21,101.25,100.79,101.0078,1834462
2025-04-17 17:45:00+00:00,101.0,101.44,100.98,101.21,2412621
2025-04-17 17:50:00+00:00,101.1901,101.49,101.1801,101.42,1740845
2025-04-17 17:55:00+00:00,101.41,101.72,101.3801,101.485,2949232
2025-04-17 18:00:00+00:00,101.485,101.77,101.43,101.7003,2401703
2025-04-17 18:05:00+00:00,101.7083,101.98,101.66,101.9,2398290
2025-04-17 18:10:00+00:00,101.89,102.06,101.68,101.7299,2257017
2025-04-17 18:15:00+00:00,101.73,102.07,101.685,102.05,2079743
2025-04-17 18:20:00+00:00,102.045,102.35,102.0,102.29,2911905
2025-04-17 18:25:00+00:00,102.29,102.38,102.1,102.1563,2214893
2025-04-17 18:30:00+00:00,102.16,102.49,102.16,102.2887,2316844
2025-04-17 18:35:00+00:00,102.285,102.4,102.16,102.2601,1907761
2025-04-17 18:40:00+00:00,102.27,102.28,102.0,102.1979,1951599
2025-04-17 18:45:00+00:00,102.2,102.32,101.77,101.8213,2641227
2025-04-17 18:50:00+00:00,101.82,102.1,101.6,101.8047,2581395
2025-04-17 18:55:00+00:00,101.8015,101.8399,101.421,101.421,2077602
2025-04-17 19:00:00+00:00,101.425,101.5798,101.29,101.55,2930285
2025-04-17 19:05:00+00:00,101.54,101.82,101.465,101.59,2573382
2025-04-17 19:10:00+00:00,101.595,101.67,101.1,101.215,2217313
2025-04-17 19:15:00+00:00,101.21,101.36,101.12,101.2549,2099397
2025-04-17 19:20:00+00:00,101.25,101.53,101.02,101.4587,2413692
2025-04-17 19:25:00+00:00,101.455,101.5087,101.17,101.215,2060587
2025-04-17 19:30:00+00:00,101.21,101.65,101.16,101.44,2240249
2025-04-17 19:35:00+00:00,101.4498,101.7,101.4,101.465,1913788
2025-04-17 19:40:00+00:00,101.465,101.62,101.205,101.31,2614891
2025-04-17 19:45:00+00:00,101.3186,101.4,100.845,100.98,3319494
2025-04-17 19:50:00+00:00,100.98,101.3499,100.86,101.23,3979530
2025-04-17 19:55:00+00:00,101.225,101.65,101.12,101.42,8685264
2025-04-17 20:00:00+00:00,101.4,101.55,101.235,101.55,14720200
2025-04-17 20:05:00+00:00,101.5302,101.57,101.31,101.48,2123119
2025-04-17 20:10:00+00:00,101.5,101.6,101.4695,101.6,224040
2025-04-17 20:15:00+00:00,101.6,101.7,101.49,101.5101,182173
2025-04-17 20:20:00+00:00,101.51,101.65,101.51,101.54,111481
2025-04-17 20:25:00+00:00,101.54,101.54,101.35,101.36,74770
2025-04-17 20:30:00+00:00,101.36,101.49,101.3,101.39,109284
2025-04-17 20:35:00+00:00,101.4189,101.48,101.36,101.36,35235
2025-04-17 20:40:00+00:00,101.39,101.4,101.36,101.37,43402
2025-04-17 20:45:00+00:00,101.39,101.4,101.24,101.26,182157
2025-04-17 20:50:00+00:00,101.27,101.32,101.25,101.3,58476
2025-04-17 20:55:00+00:00,101.3,101.49,101.25,101.3983,224237
2025-04-17 21:00:00+00:00,101.38,101.45,101.33,101.45,58430
2025-04-17 21:05:00+00:00,101.45,101.48,101.3953,101.4,44493
2025-04-17 21:10:00+00:00,101.4004,101.4102,101.33,101.36,41648
2025-04-17 21:15:00+00:00,101.37,101.5,101.37,101.5,56027
2025-04-17 21:20:00+00:00,101.5,101.55,101.4501,101.53,55374
2025-04-17 21:25:00+00:00,101.52,101.66,101.49,101.66,50717
2025-04-17 21:30:00+00:00,101.65,101.6588,101.3699,101.37,70248
2025-04-17 21:35:00+00:00,101.37,101.38,101.2,101.2498,143408
2025-04-17 21:40:00+00:00,101.2308,101.29,101.23,101.28,40314
2025-04-17 21:45:00+00:00,101.28,101.29,101.21,101.24,56826
2025-04-17 21:50:00+00:00,101.25,101.3,101.19,101.2497,56451
2025-04-17 21:55:00+00:00,101.23,101.29,101.17,101.2018,40041
2025-04-17 22:00:00+00:00,101.24,101.26,101.21,101.22,38304
2025-04-17 22:05:00+00:00,101.2195,101.22,101.15,101.16,33363
2025-04-17 22:10:00+00:00,101.16,101.16,101.1,101.13,40761
2025-04-17 22:15:00+00:00,101.1398,101.22,101.13,101.17,61929
2025-04-17 22:20:00+00:00,101.18,101.19,101.08,101.1598,41142
2025-04-17 22:25:00+00:00,101.16,101.1865,101.14,101.15,18985
2025-04-17 22:30:00+00:00,101.16,101.2,101.14,101.17,28171
2025-04-17 22:35:00+00:00,101.17,101.17,101.12,101.12,26184
2025-04-17 22:40:00+00:00,101.13,101.17,101.1,101.13,35877
2025-04-17 22:45:00+00:00,101.15,101.15,101.0302,101.035,37748
2025-04-17 22:50:00+00:00,101.0301,101.1,101.03,101.06,45132
2025-04-17 22:55:00+00:00,101.06,101.13,101.03,101.13,55138
2025-04-17 23:00:00+00:00,101.13,101.13,101.1,101.12,18359
2025-04-17 23:05:00+00:00,101.13,101.13,101.06,101.1,832104
2025-04-17 23:10:00+00:00,101.0998,101.12,101.0729,101.1,20222
2025-04-17 23:15:00+00:00,101.0999,101.11,101.08,101.0801,34558
2025-04-17 23:20:00+00:00,101.09,101.1799,101.09,101.1799,25160
2025-04-17 23:25:00+00:00,101.18,101.25,101.15,101.1991,48141
2025-04-17 23:30:00+00:00,101.19,101.2,101.14,101.17,35360
2025-04-17 23:35:00+00:00,101.18,101.18,101.15,101.17,18335
2025-04-17 23:40:00+00:00,101.1605,101.18,101.1501,101.1501,33645
2025-04-17 23:45:00+00:00,101.15,101.2,101.14,101.19,58604
2025-04-17 23:50:00+00:00,101.1999,101.3,101.19,101.3,71274
2025-04-17 23:55:00+00:00,101.3005,101.38,101.2526,101.2703,123068
2025-04-21 08:00:00+00:00,99.9,100.49,99.67,100.05,188886
2025-04-21 08:05:00+00:00,100.02,100.02,99.57,99.66,109038
2025-04-21 08:10:00+00:00,99.62,99.77,99.07,99.17,179255
2025-04-21 08:15:00+00:00,99.17,99.38,99.13,99.27,81629
2025-04-21 08:20:00+00:00,99.29,99.52,99.27,99.37,59697
2025-04-21 08:25:00+00:00,99.35,99.61,99.34,99.48,48680
2025-04-21 08:30:00+00:00,99.47,99.68,99.46,99.54,42725
2025-04-21 08:35:00+00:00,99.53,99.53,99.26,99.44,42203
2025-04-21 08:40:00+00:00,99.44,99.44,99.34,99.38,22635
2025-04-21 08:45:00+00:00,99.38,99.47,99.31,99.44,40920
2025-04-21 08:50:00+00:00,99.42,99.45,99.2,99.2,47457
2025-04-21 08:55:00+00:00,99.17,99.35,99.1,99.3,50863
2025-04-21 09:00:00+00:00,99.3,99.39,99.28,99.32,54910
2025-04-21 09:05:00+00:00,99.34,99.44,99.3,99.3,23998
2025-04-21 09:10:00+00:00,99.33,99.33,98.9,98.99,137900
2025-04-21 09:15:00+00:00,98.99,99.0,98.77,98.91,107122
2025-04-21 09:20:00+00:00,98.9,99.04,98.84,98.97,67634
2025-04-21 09:25:00+00:00,98.96,99.26,98.88,99.21,68631
2025-04-21 09:30:00+00:00,99.21,99.22,99.01,99.04,41158
2025-04-21 09:35:00+00:00,99.06,99.26,99.04,99.26,30223
2025-04-21 09:40:00+00:00,99.27,99.33,99.09,99.12,55000
2025-04-21 09:45:00+00:00,99.1,99.27,99.01,99.21,79424
2025-04-21 09:50:00+00:00,99.18,99.23,99.13,99.2,32605
2025-04-21 09:55:00+00:00,99.2,99.2,98.96,99.06,58264
2025-04-21 10:00:00+00:00,99.05,99.13,98.99,99.035,51816
2025-04-21 10:05:00+00:00,99.06,99.16,98.8,98.81,99129
2025-04-21 10:10:00+00:00,98.8,98.8,98.06,98.59,292647
2025-04-21 10:15:00+00:00,98.56,98.56,98.11,98.3,136772
2025-04-21 10:20:00+00:00,98.31,98.59,98.28,98.47,54284
2025-04-21 10:25:00+00:00,98.47,98.51,97.82,97.88,240026
2025-04-21 10:30:00+00:00,97.88,98.23,97.69,98.15,242497
2025-04-21 10:35:00+00:00,98.14,98.29,98.06,98.29,50918
2025-04-21 10:40:00+00:00,98.27,98.39,98.24,98.39,46146
2025-04-21 10:45:00+00:00,98.39,98.39,98.14,98.16,53312
2025-04-21 10:50:00+00:00,98.15,98.33,98.15,98.33,29716
2025-04-21 10:55:00+00:00,98.33,98.51,98.33,98.47,88003
2025-04-21 11:00:00+00:00,98.48,99.58,98.46,98.77,529485
2025-04-21 11:05:00+00:00,98.77,98.81,98.54,98.56,124122
2025-04-21 11:10:00+00:00,98.55,98.67,98.45,98.58,151998
2025-04-21 11:15:00+00:00,98.55,98.59,98.22,98.31,140244
2025-04-21 11:20:00+00:00,98.31,98.34,98.14,98.28,166539
2025-04-21 11:25:00+00:00,98.23,98.52,98.23,98.42,91651
2025-04-21 11:30:00+00:00,98.43,98.51,98.3,98.39,73750
2025-04-21 11:35:00+00:00,98.37,98.39,98.22,98.25,78356
2025-04-21 11:40:00+00:00,98.25,98.3,98.18,98.22,109348
2025-04-21 11:45:00+00:00,98.21,98.22,97.86,97.91,228604
2025-04-21 11:50:00+00:00,97.93,97.97,97.84,97.9,168042
2025-04-21 11:55:00+00:00,97.9,98.01,97.67,97.911,188826
2025-04-21 12:00:00+00:00,99.2,100.33,97.68,98.09,1606633
2025-04-21 12:05:00+00:00,98.1,98.25,98.0,98.02,161197
2025-04-21 12:10:00+00:00,98.01,101.135,97.86,98.27,176638
2025-04-21 12:15:00+00:00,98.23,98.29,98.05,98.11,135121
2025-04-21 12:20:00+00:00,98.0753,98.27,98.0753,98.25,67803
2025-04-21 12:25:00+00:00,98.26,98.39,98.19,98.31,97057
2025-04-21 12:30:00+00:00,98.32,98.4,98.16,98.2,120875
2025-04-21 12:35:00+00:00,98.21,98.46,98.21,98.3995,109071
2025-04-21 12:40:00+00:00,98.3999,98.4794,98.32,98.4,91997
2025-04-21 12:45:00+00:00,98.4,98.4,98.15,98.32,146224
2025-04-21 12:50:00+00:00,98.33,98.36,98.2,98.27,91594
2025-04-21 12:55:00+00:00,98.28,98.29,98.11,98.2499,116043
2025-04-21 13:00:00+00:00,98.2306,98.265,98.1,98.12,135528
2025-04-21 13:05:00+00:00,98.12,98.17,98.09,98.12,116832
2025-04-21 13:10:00+00:00,98.14,98.26,98.13,98.22,172952
2025-04-21 13:15:00+00:00,98.2296,98.26,98.07,98.1397,143843
2025-04-21 13:20:00+00:00,98.11,98.71,98.11,98.49,431422
2025-04-21 13:25:00+00:00,98.48,98.8,98.4,98.77,287403
2025-04-21 13:30:00+00:00,98.77,99.44,98.56,99.0359,10164882
2025-04-21 13:35:00+00:00,99.035,99.285,97.465,98.15,9506398
2025-04-21 13:40:00+00:00,98.1334,98.25,97.72,97.85,4645197
2025-04-21 13:45:00+00:00,97.8579,98.19,97.26,98.05,6540099
2025-04-21 13:50:00+00:00,98.0456,98.13,97.2845,97.37,4590958
2025-04-21 13:55:00+00:00,97.36,97.49,96.8,96.84,6647344
2025-04-21 14:00:00+00:00,96.84,97.05,96.43,96.725,6301353
2025-04-21 14:05:00+00:00,96.725,96.865,96.36,96.4407,4176950
2025-04-21 14:10:00+00:00,96.44,96.65,95.91,96.2101,7013038
2025-04-21 14:15:00+00:00,96.2,96.31,95.74,95.995,5722152
2025-04-21 14:20:00+00:00,95.9909,96.29,95.865,95.985,3711953
2025-04-21 14:25:00+00:00,95.98,96.16,95.57,95.835,5134195
2025-04-21 14:30:00+00:00,95.835,96.05,95.65,95.95,3847722
2025-04-21 14:35:00+00:00,95.955,96.4,95.95,96.38,3946194
2025-04-21 14:40:00+00:00,96.38,96.5,96.05,96.1147,3149137
2025-04-21 14:45:00+00:00,96.1144,96.34,95.9,95.98,2761185
2025-04-21 14:50:00+00:00,95.975,96.16,95.75,96.1099,2569888
2025-04-21 14:55:00+00:00,96.1,96.42,96.08,96.365,2598903
2025-04-21 15:00:00+00:00,96.365,96.42,95.925,96.1201,2479106
2025-04-21 15:05:00+00:00,96.13,96.39,96.07,96.3535,2479206
2025-04-21 15:10:00+00:00,96.36,96.57,96.15,96.17,2991712
2025-04-21 15:15:00+00:00,96.175,96.42,96.095,96.35,2143650
2025-04-21 15:20:00+00:00,96.345,96.37,96.01,96.105,1926133
2025-04-21 15:25:00+00:00,96.105,96.12,95.7701,95.89,2266276
2025-04-21 15:30:00+00:00,95.89,96.04,95.75,95.7685,2079486
2025-04-21 15:35:00+00:00,95.7601,96.0,95.75,95.945,1949336
2025-04-21 15:40:00+00:00,95.9447,96.03,95.815,95.825,2014066
2025-04-21 15:45:00+00:00,95.825,95.98,95.74,95.9501,2402761
2025-04-21 15:50:00+00:00,95.9526,95.98,95.8,95.875,1908081
2025-04-21 15:55:00+00:00,95.8701,96.03,95.805,95.8374,1863365
2025-04-21 16:00:00+00:00,95.83,96.2,95.83,96.175,1999936
2025-04-21 16:05:00+00:00,96.16,96.24,96.06,96.2044,1869037
2025-04-21 16:10:00+00:00,96.205,96.28,96.085,96.17,1844708
2025-04-21 16:15:00+00:00,96.175,96.28,95.92,95.97,1962625
2025-04-21 16:20:00+00:00,95.9774,96.14,95.92,96.02,1716132
2025-04-21 16:25:00+00:00,96.015,96.06,95.76,95.8,1778777
2025-04-21 16:30:00+00:00,95.8,96.08,95.772,95.945,1776778
2025-04-21 16:35:00+00:00,95.945,96.18,95.885,96.145,1450505
2025-04-21 16:40:00+00:00,96.145,96.39,96.14,96.325,1887832
2025-04-21 16:45:00+00:00,96.325,96.38,96.03,96.0582,2073621
2025-04-21 16:50:00+00:00,96.0519,96.0601,95.81,95.9185,2083867
2025-04-21 16:55:00+00:00,95.915,95.92,95.68,95.7119,2152028
2025-04-21 17:00:00+00:00,95.715,95.85,95.34,95.4654,3395125
2025-04-21 17:05:00+00:00,95.44,95.5,95.17,95.175,2743436
2025-04-21 17:10:00+00:00,95.18,95.43,95.15,95.37,2056461
2025-04-21 17:15:00+00:00,95.37,95.48,95.2509,95.41,1410303
2025-04-21 17:20:00+00:00,95.41,95.54,95.34,95.365,1514460
2025-04-21 17:25:00+00:00,95.36,95.465,95.195,95.3686,1709395
2025-04-21 17:30:00+00:00,95.36,95.588,95.2949,95.35,2260816
2025-04-21 17:35:00+00:00,95.3577,95.4098,95.09,95.0942,1817218
2025-04-21 17:40:00+00:00,95.1071,95.3,95.05,95.1772,2579484
2025-04-21 17:45:00+00:00,95.17,95.28,95.07,95.08,1340033
2025-04-21 17:50:00+00:00,95.09,95.27,95.07,95.2,1457022
2025-04-21 17:55:00+00:00,95.195,95.22,95.07,95.165,1456735
2025-04-21 18:00:00+00:00,95.17,95.3,95.04,95.23,2180224
2025-04-21 18:05:00+00:00,95.225,95.48,95.13,95.4383,1880230
2025-04-21 18:10:00+00:00,95.43,95.595,95.32,95.535,1950231
2025-04-21 18:15:00+00:00,95.535,95.68,95.48,95.5484,1611307
2025-04-21 18:20:00+00:00,95.545,95.62,95.31,95.3448,1687495
2025-04-21 18:25:00+00:00,95.34,95.62,95.2801,95.59,1424746
2025-04-21 18:30:00+00:00,95.59,95.8099,95.58,95.6599,1866763
2025-04-21 18:35:00+00:00,95.655,95.78,95.575,95.62,1875238
2025-04-21 18:40:00+00:00,95.615,95.64,95.3,95.42,2521968
2025-04-21 18:45:00+00:00,95.415,95.55,95.16,95.2882,2080104
2025-04-21 18:50:00+00:00,95.2817,95.3,95.15,95.235,1469822
2025-04-21 18:55:00+00:00,95.235,95.3899,95.19,95.295,1341195
2025-04-21 19:00:00+00:00,95.295,95.69,95.205,95.6404,2162063
2025-04-21 19:05:00+00:00,95.64,95.83,95.62,95.625,2642131
2025-04-21 19:10:00+00:00,95.625,95.71,95.5,95.515,2019815
2025-04-21 19:15:00+00:00,95.515,95.71,95.505,95.6702,2049196
2025-04-21 19:20:00+00:00,95.67,95.86,95.6401,95.765,2727177
2025-04-21 19:25:00+00:00,95.765,95.8481,95.46,95.6,2328981
2025-04-21 19:30:00+00:00,95.6,95.82,95.6,95.7801,2369904
2025-04-21 19:35:00+00:00,95.78,96.195,95.7642,96.135,3579470
2025-04-21 19:40:00+00:00,96.14,96.23,95.94,96.175,3292792
2025-04-21 19:45:00+00:00,96.175,96.49,96.025,96.4337,3505386
2025-04-21 19:50:00+00:00,96.43,96.7,96.27,96.6681,4999854
2025-04-21 19:55:00+00:00,96.665,97.2,96.64,96.8,10711505
2025-04-21 20:00:00+00:00,96.8,97.06,96.71,96.84,33893050
2025-04-21 20:05:00+00:00,96.84,96.91,96.78,96.83,201425
2025-04-21 20:10:00+00:00,96.8203,96.85,96.61,96.66,107626
2025-04-21 20:15:00+00:00,96.67,96.71,96.58,96.61,147280
2025-04-21 20:20:00+00:00,96.61,96.91,96.6,96.65,202202
2025-04-21 20:25:00+00:00,96.65,96.75,96.6401,96.6799,45755
2025-04-21 20:30:00+00:00,96.67,96.91,96.56,96.91,152394
2025-04-21 20:35:00+00:00,96.6236,96.63,96.3509,96.38,136412
2025-04-21 20:40:00+00:00,96.38,96.4,96.21,96.2895,182097
2025-04-21 20:45:00+00:00,96.29,96.91,96.21,96.26,133212
2025-04-21 20:50:00+00:00,96.26,96.3,96.2,96.24,10310741
2025-04-21 20:55:00+00:00,96.22,96.24,96.2,96.2399,66378
2025-04-21 21:00:00+00:00,96.24,96.44,96.23,96.4,119521
2025-04-21 21:05:00+00:00,96.39,96.42,96.34,96.36,44421
2025-04-21 21:10:00+00:00,96.35,96.35,96.29,96.3,49770
2025-04-21 21:15:00+00:00,96.2999,96.3,96.22,96.2701,55765
2025-04-21 21:20:00+00:00,96.2798,96.28,96.2605,96.28,39019
2025-04-21 21:25:00+00:00,96.2795,96.3,96.24,96.27,51071
2025-04-21 21:30:00+00:00,96.28,96.35,96.25,96.26,27118
2025-04-21 21:35:00+00:00,96.27,96.35,96.27,96.29,27573
2025-04-21 21:40:00+00:00,96.29,96.35,96.2798,96.32,28669
2025-04-21 21:45:00+00:00,96.32,96.36,96.3,96.3,33199
2025-04-21 21:50:00+00:00,96.33,96.3488,96.3,96.3202,1532709
2025-04-21 21:55:00+00:00,96.33,96.36,96.28,96.31,20731
2025-04-21 22:00:00+00:00,96.34,96.38,96.28,96.2995,25661
2025-04-21 22:05:00+00:00,96.3,96.33,96.23,96.29,71113
2025-04-21 22:10:00+00:00,96.28,96.3,96.06,96.08,64343
2025-04-21 22:15:00+00:00,96.0805,96.1,96.0,96.05,109241
2025-04-21 22:20:00+00:00,96.04,96.08,96.02,96.02,34852
2025-04-21 22:25:00+00:00,96.03,96.05,95.9,96.04,163764
2025-04-21 22:30:00+00:00,96.05,96.2262,96.0301,96.17,85318
2025-04-21 22:35:00+00:00,96.16,96.3,96.16,96.21,40549
2025-04-21 22:40:00+00:00,96.23,96.29,96.16,96.25,34546
2025-04-21 22:45:00+00:00,96.259,96.26,96.12,96.13,36527
2025-04-21 22:50:00+00:00,96.14,96.19,96.05,96.07,23033
2025-04-21 22:55:00+00:00,96.05,96.1,95.98,96.03,86630
2025-04-21 23:00:00+00:00,96.05,96.05,95.9913,96.01,31147
2025-04-21 23:05:00+00:00,96.02,96.03,96.0,96.0101,22202
2025-04-21 23:10:00+00:00,96.01,96.1496,96.01,96.1,22549
2025-04-21 23:15:00+00:00,96.129,96.14,96.06,96.06,28719
2025-04-21 23:20:00+00:00,96.07,96.12,96.0,96.04,21948
2025-04-21 23:25:00+00:00,96.04,96.12,96.02,96.08,57296
2025-04-21 23:30:00+00:00,96.067,96.08,96.02,96.0507,18166
2025-04-21 23:35:00+00:00,96.07,96.2,96.011,96.2,52153
2025-04-21 23:40:00+00:00,96.151,96.19,96.11,96.16,37089
2025-04-21 23:45:00+00:00,96.1504,96.37,96.1,96.37,86559
2025-04-21 23:50:00+00:00,96.37,96.6,96.3,96.58,138236
2025-04-21 23:55:00+00:00,96.58,96.65,96.51,96.65,141379
